country,iso_code,year,population,gdp,co2,co2_per_capita,co2_per_gdp,coal_co2,oil_co2,gas_co2,cement_co2,flaring_co2,share_global_co2,consumption_co2,consumption_co2_per_capita
Afghanistan,AFG,1990,12045664.0,13065984000.0,2.024,0.168,0.155,0.278,1.271,0.403,0.046,0.026,0.009,,
Afghanistan,AFG,1991,12238879.0,12047361847.0,1.914,0.156,0.159,0.25,1.204,0.389,0.046,0.026,0.008,,
Afghanistan,AFG,1992,13278983.0,12677539626.0,1.482,0.112,0.117,0.022,1.03,0.363,0.046,0.022,0.007,,
Afghanistan,AFG,1993,14943175.0,9834582315.0,1.487,0.1,0.151,0.018,1.048,0.352,0.047,0.022,0.007,,
Afghanistan,AFG,1994,16250800.0,7919856426.0,1.454,0.089,0.184,0.015,1.032,0.338,0.047,0.022,0.006,,
Afghanistan,AFG,1995,17065837.0,12307525468.0,1.417,0.083,0.115,0.015,1.011,0.322,0.047,0.022,0.006,,
Afghanistan,AFG,1996,17763266.0,12070125316.0,1.37,0.077,0.114,0.007,0.986,0.308,0.047,0.022,0.006,,
Afghanistan,AFG,1997,18452100.0,11850752863.0,1.304,0.071,0.11,0.004,0.949,0.282,0.047,0.022,0.005,,
Afghanistan,AFG,1998,19159996.0,11692171422.0,1.279,0.067,0.109,0.004,0.942,0.264,0.047,0.022,0.005,,
Afghanistan,AFG,1999,19887792.0,11517315926.0,1.092,0.055,0.095,0.004,0.777,0.242,0.047,0.022,0.004,,
Afghanistan,AFG,2000,20130334.0,11283794151.0,1.047,0.052,0.093,0.004,0.788,0.224,0.01,0.022,0.004,,
Afghanistan,AFG,2001,20284303.0,11021272927.0,1.069,0.053,0.097,0.07,0.762,0.209,0.007,0.022,0.004,,
Afghanistan,AFG,2002,21378123.0,18804871508.0,1.341,0.063,0.071,0.055,0.729,0.546,0.011,0.0,0.005,,
Afghanistan,AFG,2003,22733053.0,21074343420.0,1.56,0.069,0.074,0.092,0.993,0.465,0.01,0.0,0.006,,
Afghanistan,AFG,2004,23560656.0,22332570533.0,1.237,0.053,0.055,0.092,0.909,0.227,0.01,0.0,0.004,,
Afghanistan,AFG,2005,24404575.0,25397686814.0,1.89,0.077,0.074,0.106,1.447,0.33,0.006,0.0,0.006,,
Afghanistan,AFG,2006,25424100.0,28704399925.0,2.159,0.085,0.075,0.161,1.657,0.329,0.012,0.0,0.007,,
Afghanistan,AFG,2007,25909852.0,34507529735.0,2.8,0.108,0.081,0.747,1.733,0.308,0.012,0.0,0.009,,
Afghanistan,AFG,2008,26482631.0,36561043230.0,4.254,0.161,0.116,1.077,2.865,0.297,0.015,0.0,0.013,,
Afghanistan,AFG,2009,27466102.0,44358722212.0,6.388,0.233,0.144,1.513,4.591,0.271,0.013,0.0,0.02,,
Afghanistan,AFG,2010,28284088.0,47399425562.0,8.365,0.296,0.176,2.246,5.833,0.271,0.015,0.0,0.025,,
Afghanistan,AFG,2011,29347708.0,53326336000.0,11.41,0.389,0.214,3.749,7.338,0.308,0.015,0.0,0.033,,
Afghanistan,AFG,2012,30560036.0,59166900000.0,9.731,0.318,0.164,2.821,6.573,0.308,0.029,0.0,0.028,,
Afghanistan,AFG,2013,31622709.0,62993700000.0,8.891,0.281,0.141,2.97,5.589,0.297,0.036,0.0,0.025,,
Afghanistan,AFG,2014,32792528.0,64346106000.0,8.698,0.265,0.135,3.239,5.159,0.271,0.029,0.0,0.025,,
Afghanistan,AFG,2015,33831767.0,62783392000.0,9.384,0.277,0.149,2.439,6.622,0.282,0.041,0.0,0.027,,
Afghanistan,AFG,2016,34700613.0,64372217488.0,8.606,0.248,0.134,2.421,5.79,0.319,0.076,0.0,0.024,,
Afghanistan,AFG,2017,35688941.0,65169281649.0,9.311,0.261,0.143,2.893,6.073,0.3,0.045,0.0,0.026,,
Afghanistan,AFG,2018,36743040.0,65996738862.0,10.192,0.277,0.154,3.221,6.621,0.293,0.057,0.0,0.028,,
Afghanistan,AFG,2019,37856125.0,73085701943.0,10.4,0.275,0.142,3.273,6.843,0.246,0.038,0.0,0.028,,
Afghanistan,AFG,2020,39068977.0,71417706295.0,11.119,0.285,0.156,3.635,7.269,0.154,0.061,0.0,0.032,,
Afghanistan,AFG,2021,40000410.0,56638852656.0,9.869,0.247,0.174,2.993,6.701,0.158,0.016,0.0,0.027,,
Afghanistan,AFG,2022,40578847.0,53303471617.0,10.17,0.251,0.191,3.488,6.528,0.143,0.011,0.0,0.027,,
Afghanistan,AFG,2023,41454762.0,,10.516,0.254,,3.867,6.498,0.141,0.011,0.0,0.028,,
Afghanistan,AFG,2024,42647502.0,,10.826,0.254,,3.894,6.795,0.126,0.011,0.0,0.028,,
Albania,ALB,1990,3277965.0,12947849077.0,5.521,1.684,0.426,2.499,2.173,0.465,0.384,,0.024,5.573,1.7
Albania,ALB,1991,3282608.0,9375856841.0,4.29,1.307,0.458,1.48,2.228,0.275,0.307,,0.018,4.616,1.406
Albania,ALB,1992,3282506.0,8745674435.0,2.517,0.767,0.288,0.8,1.416,0.198,0.103,,0.011,2.925,0.891
Albania,ALB,1993,3277831.0,9636341649.0,2.338,0.713,0.243,0.6,1.478,0.157,0.103,,0.01,2.675,0.816
Albania,ALB,1994,3269417.0,10596114842.0,1.924,0.588,0.182,0.169,1.605,0.099,0.052,0.0,0.008,2.365,0.723
Albania,ALB,1995,3258573.0,11600732968.0,2.089,0.641,0.18,0.161,1.773,0.051,0.103,0.0,0.009,2.523,0.774
Albania,ALB,1996,3245680.0,12468867839.0,2.018,0.622,0.162,0.114,1.755,0.044,0.105,0.0,0.008,2.895,0.892
Albania,ALB,1997,3229665.0,11020137102.0,1.543,0.478,0.14,0.044,1.411,0.037,0.052,0.0,0.006,2.192,0.679
Albania,ALB,1998,3210134.0,12026242682.0,1.755,0.547,0.146,0.055,1.623,0.033,0.044,0.0,0.007,2.433,0.758
Albania,ALB,1999,3188598.0,13673692880.0,2.986,0.937,0.218,0.11,2.792,0.029,0.055,0.0,0.012,3.708,1.163
Albania,ALB,2000,3166147.0,14736835655.0,3.025,0.955,0.205,0.07,2.84,0.022,0.094,0.0,0.012,3.96,1.251
Albania,ALB,2001,3147943.0,16103903904.0,3.221,1.023,0.2,0.081,3.125,0.015,0.0,0.0,0.013,4.437,1.409
Albania,ALB,2002,3134095.0,17037279441.0,3.748,1.196,0.22,0.084,3.638,0.026,0.0,0.0,0.014,4.922,1.57
Albania,ALB,2003,3118093.0,18171076149.0,4.303,1.38,0.237,0.084,3.891,0.026,0.302,0.0,0.016,5.944,1.906
Albania,ALB,2004,3098662.0,19346601376.0,4.177,1.348,0.216,0.084,3.759,0.033,0.3,0.0,0.015,5.529,1.784
Albania,ALB,2005,3076156.0,20562850324.0,4.261,1.385,0.207,0.073,3.91,0.022,0.256,0.0,0.014,5.853,1.903
Albania,ALB,2006,3050805.0,21889974405.0,3.911,1.282,0.179,0.073,3.54,0.022,0.276,0.0,0.013,5.834,1.912
Albania,ALB,2007,3022887.0,23259283502.0,4.004,1.324,0.172,0.073,3.43,0.033,0.468,0.0,0.013,6.058,2.004
Albania,ALB,2008,2992933.0,25006230217.0,4.448,1.486,0.178,0.103,3.847,0.015,0.484,0.0,0.014,6.627,2.214
Albania,ALB,2009,2961487.0,25821550979.0,4.37,1.476,0.169,0.407,3.36,0.018,0.585,0.0,0.014,6.742,2.276
Albania,ALB,2010,2928731.0,26747818608.0,4.817,1.645,0.18,0.447,3.506,0.026,0.838,0.0,0.014,6.58,2.247
Albania,ALB,2011,2911499.0,27431048326.0,5.175,1.778,0.189,0.586,3.583,0.029,0.976,0.0,0.015,6.984,2.399
Albania,ALB,2012,2910003.0,27819814441.0,4.93,1.694,0.177,0.686,3.175,0.029,1.039,0.0,0.014,6.571,2.258
Albania,ALB,2013,2907571.0,28098562696.0,5.346,1.839,0.19,0.846,3.338,0.033,1.129,0.0,0.015,6.516,2.241
Albania,ALB,2014,2903748.0,28597169040.0,6.072,2.091,0.212,1.096,3.862,0.059,1.045,0.012,0.017,6.501,2.239
Albania,ALB,2015,2898634.0,29231663899.0,4.712,1.626,0.161,0.322,3.338,0.062,0.954,0.035,0.013,5.894,2.033
Albania,ALB,2016,2897868.0,30200694449.0,4.555,1.572,0.151,0.191,3.364,0.081,0.88,0.04,0.013,5.849,2.018
Albania,ALB,2017,2898245.0,31348975722.0,5.344,1.844,0.17,0.44,3.778,0.084,1.011,0.031,0.015,6.103,2.106
Albania,ALB,2018,2894229.0,32609000823.0,5.195,1.795,0.159,0.847,3.333,0.073,0.928,0.014,0.014,6.264,2.164
Albania,ALB,2019,2885011.0,33289747424.0,4.941,1.712,0.148,0.451,3.426,0.132,0.928,0.004,0.013,6.021,2.087
Albania,ALB,2020,2871950.0,32130726850.0,4.865,1.694,0.151,0.572,2.876,0.095,1.322,0.0,0.014,5.973,2.08
Albania,ALB,2021,2849641.0,34866976278.0,5.137,1.803,0.147,0.861,2.862,0.103,1.312,0.0,0.014,6.198,2.175
Albania,ALB,2022,2827614.0,36171005594.0,4.498,1.591,0.124,0.542,2.946,0.088,0.907,0.015,0.012,5.686,2.011
Albania,ALB,2023,2811660.0,,4.417,1.571,,0.514,2.908,0.088,0.907,0.001,0.012,5.382,1.914
Albania,ALB,2024,2791756.0,,4.444,1.592,,0.495,2.956,0.086,0.907,0.001,0.012,,
Algeria,DZA,1990,25375815.0,117843179781.0,75.892,2.991,0.644,2.942,23.204,38.908,2.143,8.695,0.334,,
Algeria,DZA,1991,25987937.0,121105141795.0,77.976,3.0,0.644,2.689,26.066,38.428,2.138,8.654,0.336,,
Algeria,DZA,1992,26628570.0,127982696018.0,79.284,2.977,0.619,2.378,28.678,31.932,2.399,13.898,0.352,,
Algeria,DZA,1993,27277042.0,130275774703.0,81.306,2.981,0.624,1.924,27.993,36.098,2.35,12.941,0.357,,
Algeria,DZA,1994,27887277.0,134279859768.0,87.848,3.15,0.654,2.286,30.45,37.386,2.061,15.665,0.382,,
Algeria,DZA,1995,28470194.0,145054664533.0,95.906,3.369,0.661,1.935,27.081,47.222,2.294,17.375,0.408,,
Algeria,DZA,1996,29033045.0,156579113896.0,99.56,3.429,0.636,1.407,27.407,50.567,2.526,17.653,0.411,,
Algeria,DZA,1997,29579299.0,164644463404.0,87.517,2.959,0.532,1.381,30.019,39.007,2.419,14.691,0.359,,
Algeria,DZA,1998,30054135.0,179962887740.0,105.74,3.518,0.588,2.11,33.09,54.641,2.65,13.249,0.435,,
Algeria,DZA,1999,30474360.0,193179776879.0,90.613,2.973,0.469,2.173,22.188,50.92,2.599,12.733,0.365,,
Algeria,DZA,2000,30903894.0,208554150552.0,84.552,2.736,0.405,1.96,26.828,38.534,2.943,14.287,0.331,,
Algeria,DZA,2001,31331226.0,223420294027.0,86.019,2.745,0.385,2.096,28.458,41.029,2.946,11.49,0.335,,
Algeria,DZA,2002,31750832.0,245360923720.0,89.658,2.824,0.365,2.609,29.495,44.653,3.024,9.878,0.341,,
Algeria,DZA,2003,32175813.0,273568638765.0,94.078,2.924,0.344,2.788,31.943,44.027,3.529,11.791,0.34,,
Algeria,DZA,2004,32628286.0,296773569597.0,90.853,2.784,0.306,1.924,32.818,41.209,4.035,10.866,0.318,,
Algeria,DZA,2005,33109258.0,326854481030.0,109.564,3.309,0.335,2.363,31.052,61.211,4.233,10.705,0.37,,
Algeria,DZA,2006,33623505.0,345705309468.0,103.798,3.087,0.3,2.7,35.233,49.306,4.442,12.116,0.339,,
Algeria,DZA,2007,34189420.0,371665260161.0,107.549,3.146,0.289,3.012,38.322,51.076,4.66,10.479,0.341,,
Algeria,DZA,2008,34816963.0,395658515586.0,108.596,3.119,0.274,3.008,37.363,51.551,5.092,11.582,0.339,,
Algeria,DZA,2009,35490442.0,418247711085.0,116.328,3.278,0.278,1.594,44.891,54.894,5.692,9.257,0.369,,
Algeria,DZA,2010,36188237.0,450705801593.0,117.847,3.257,0.261,1.216,45.365,53.368,7.746,10.151,0.354,,
Algeria,DZA,2011,36903374.0,482028679734.0,124.715,3.38,0.259,1.121,46.92,56.721,7.735,12.219,0.362,,
Algeria,DZA,2012,37646165.0,498417638719.0,135.593,3.602,0.272,1.107,48.541,64.116,7.543,14.287,0.388,,
Algeria,DZA,2013,38414176.0,512373332647.0,141.534,3.684,0.276,0.777,52.018,65.45,7.896,15.394,0.401,,
Algeria,DZA,2014,39205035.0,531843509827.0,152.435,3.888,0.287,0.579,53.582,73.833,8.087,16.353,0.43,,
Algeria,DZA,2015,40019528.0,551521739825.0,160.322,4.006,0.291,0.535,55.59,78.769,8.263,17.165,0.453,,
Algeria,DZA,2016,40850719.0,569170418715.0,158.308,3.875,0.278,0.0,54.628,78.679,8.928,16.073,0.447,,
Algeria,DZA,2017,41689302.0,577138830559.0,165.252,3.964,0.286,0.923,55.324,82.354,10.1,16.55,0.459,,
Algeria,DZA,2018,42505033.0,584064441740.0,174.461,4.104,0.299,1.546,56.231,88.889,11.404,16.391,0.475,,
Algeria,DZA,2019,43294551.0,589905104177.0,182.425,4.214,0.309,1.275,59.637,91.998,12.542,16.974,0.492,,
Algeria,DZA,2020,44042094.0,559819958223.0,171.139,3.886,0.306,0.575,54.13,87.026,11.879,17.53,0.487,,
Algeria,DZA,2021,44761099.0,578853830170.0,182.036,4.067,0.314,1.176,57.343,96.259,11.925,15.333,0.494,,
Algeria,DZA,2022,45477391.0,595820067103.0,192.779,4.239,0.324,0.758,61.61,101.379,12.836,16.194,0.514,,
Algeria,DZA,2023,46164222.0,,202.847,4.394,,0.734,64.676,109.222,12.836,15.378,0.532,,
Algeria,DZA,2024,46814302.0,,198.203,4.234,,0.606,68.143,101.8,12.836,14.818,0.513,,
Andorra,AND,1990,52616.0,,0.403,7.66,,0.0,0.403,,0.0,,0.002,,
Andorra,AND,1991,56691.0,,0.403,7.109,,0.0,0.403,,0.0,,0.002,,
Andorra,AND,1992,60217.0,,0.403,6.693,,0.0,0.403,,0.0,,0.002,,
Andorra,AND,1993,63293.0,,0.407,6.426,,0.0,0.407,,0.0,,0.002,,
Andorra,AND,1994,64631.0,,0.403,6.236,,0.0,0.403,,0.0,0.0,0.002,,
Andorra,AND,1995,63936.0,,0.425,6.648,,0.0,0.425,,0.0,0.0,0.002,,
Andorra,AND,1996,64006.0,,0.454,7.098,,0.0,0.454,,0.0,0.0,0.002,,
Andorra,AND,1997,64722.0,,0.465,7.19,,0.0,0.465,,0.0,0.0,0.002,,
Andorra,AND,1998,65400.0,,0.491,7.507,,0.0,0.491,,0.0,0.0,0.002,,
Andorra,AND,1999,65732.0,,0.513,7.804,,0.0,0.513,,0.0,0.0,0.002,,
Andorra,AND,2000,65703.0,,0.524,7.975,,0.0,0.524,,0.0,0.0,0.002,,
Andorra,AND,2001,65874.0,,0.524,7.954,,0.0,0.524,,0.0,0.0,0.002,,
Andorra,AND,2002,66528.0,,0.531,7.986,,0.0,0.531,,0.0,0.0,0.002,,
Andorra,AND,2003,69507.0,,0.535,7.696,,0.0,0.535,,0.0,0.0,0.002,,
Andorra,AND,2004,74342.0,,0.564,7.59,,0.0,0.564,,0.0,0.0,0.002,,
Andorra,AND,2005,77436.0,,0.579,7.476,,0.0,0.579,,0.0,0.0,0.002,,
Andorra,AND,2006,79609.0,,0.546,6.858,,0.0,0.546,,0.0,0.0,0.002,,
Andorra,AND,2007,81901.0,,0.539,6.576,,0.0,0.539,,0.0,0.0,0.002,,
Andorra,AND,2008,83513.0,,0.539,6.449,,0.0,0.539,,0.0,0.0,0.002,,
Andorra,AND,2009,83907.0,,0.517,6.157,,0.0,0.517,,0.0,0.0,0.002,,
Andorra,AND,2010,80727.0,,0.517,6.4,,0.0,0.517,,0.0,0.0,0.002,,
Andorra,AND,2011,77801.0,,0.491,6.311,,0.0,0.491,,0.0,0.0,0.001,,
Andorra,AND,2012,76858.0,,0.487,6.34,,0.0,0.487,,0.0,0.0,0.001,,
Andorra,AND,2013,75220.0,,0.476,6.332,,0.0,0.476,,0.0,0.0,0.001,,
Andorra,AND,2014,73755.0,,0.462,6.259,,0.0,0.462,,0.0,0.0,0.001,,
Andorra,AND,2015,72195.0,,0.465,6.445,,0.0,0.465,,0.0,0.0,0.001,,
Andorra,AND,2016,72197.0,,0.473,6.547,,0.0,0.473,,0.0,0.0,0.001,,
Andorra,AND,2017,73780.0,,0.473,6.406,,0.0,0.469,0.004,0.0,0.0,0.001,,
Andorra,AND,2018,75181.0,,0.498,6.628,,0.0,0.495,0.004,0.0,0.0,0.001,,
Andorra,AND,2019,76492.0,,0.491,6.419,,0.0,0.487,0.004,0.0,0.0,0.001,,
Andorra,AND,2020,77397.0,,0.377,4.876,,0.0,0.374,0.004,0.0,0.0,0.001,,
Andorra,AND,2021,78379.0,,0.414,5.282,,0.0,0.407,0.007,0.0,0.0,0.001,,
Andorra,AND,2022,79722.0,,0.423,5.311,,0.0,0.416,0.007,0.0,0.0,0.001,,
Andorra,AND,2023,80869.0,,0.418,5.17,,0.0,0.411,0.007,0.0,0.0,0.001,,
Andorra,AND,2024,81955.0,,0.425,5.182,,0.0,0.417,0.007,0.0,0.0,0.001,,
Angola,AGO,1990,11626361.0,11482503320.0,5.09,0.438,0.443,,2.475,1.011,0.107,1.498,0.022,,
Angola,AGO,1991,12023532.0,12341156472.0,5.064,0.421,0.41,,2.281,1.084,0.107,1.593,0.022,,
Angola,AGO,1992,12423717.0,12363420423.0,5.164,0.416,0.418,,2.29,1.066,0.123,1.685,0.023,,
Angola,AGO,1993,12827136.0,9985477687.0,5.748,0.448,0.576,,2.968,1.048,0.102,1.63,0.025,,
Angola,AGO,1994,13249763.0,10760814258.0,11.353,0.857,1.055,,3.465,0.972,0.098,6.819,0.049,,
Angola,AGO,1995,13699780.0,13143769844.0,12.617,0.921,0.96,,3.012,1.048,0.081,8.475,0.054,,
Angola,AGO,1996,14170973.0,15819838004.0,15.249,1.076,0.964,,3.268,1.048,0.11,10.823,0.063,,
Angola,AGO,1997,14660419.0,17972296931.0,15.884,1.083,0.884,,3.331,1.066,0.122,11.365,0.065,,
Angola,AGO,1998,15159378.0,19905045075.0,16.513,1.089,0.83,,2.763,1.085,0.142,12.524,0.068,,
Angola,AGO,1999,15667235.0,21527478033.0,17.261,1.102,0.802,,3.708,1.048,0.084,12.422,0.069,,
Angola,AGO,2000,16194873.0,23512184116.0,15.995,0.988,0.68,,3.668,1.085,0.081,11.162,0.063,,
Angola,AGO,2001,16747204.0,26015021059.0,15.908,0.95,0.612,,4.302,0.989,0.221,10.396,0.062,,
Angola,AGO,2002,17327701.0,31389808151.0,16.08,0.928,0.512,,5.02,1.158,0.239,9.663,0.061,,
Angola,AGO,2003,17943718.0,35081368421.0,17.484,0.974,0.498,,6.837,1.216,0.28,9.151,0.063,,
Angola,AGO,2004,18600426.0,41307235678.0,17.016,0.915,0.412,,6.108,1.44,0.3,9.168,0.059,,
Angola,AGO,2005,19291160.0,51967661783.0,15.387,0.798,0.296,,4.734,1.249,0.521,8.882,0.052,,
Angola,AGO,2006,20015281.0,66749579296.0,17.145,0.857,0.257,,7.757,1.304,0.539,7.545,0.056,,
Angola,AGO,2007,20778570.0,87086353818.0,17.588,0.846,0.202,,8.801,1.594,0.542,6.651,0.056,,
Angola,AGO,2008,21578656.0,105593132748.0,18.75,0.869,0.178,,10.219,1.271,0.685,6.575,0.059,,
Angola,AGO,2009,22414775.0,115247846475.0,20.668,0.922,0.179,,12.296,1.29,0.693,6.389,0.066,,
Angola,AGO,2010,23294822.0,126984175354.0,22.983,0.987,0.181,,13.37,1.37,0.578,7.665,0.069,,
Angola,AGO,2011,24218358.0,140477268750.0,23.397,0.966,0.167,,14.345,1.403,0.765,6.884,0.068,,
Angola,AGO,2012,25177398.0,152476849129.0,25.941,1.03,0.17,,17.268,1.422,1.147,6.104,0.074,,
Angola,AGO,2013,26165616.0,160032073258.0,25.71,0.983,0.161,,17.441,0.766,1.557,5.946,0.073,,
Angola,AGO,2014,27160767.0,167750415635.0,26.092,0.961,0.156,,16.977,0.579,1.976,6.56,0.074,,
Angola,AGO,2015,28157802.0,169333972139.0,27.505,0.977,0.162,,16.167,1.44,2.03,7.867,0.078,,
Angola,AGO,2016,29183072.0,164965166058.0,25.466,0.873,0.154,,14.172,1.495,1.5,8.299,0.072,,
Angola,AGO,2017,30234836.0,164717711409.0,23.601,0.781,0.143,,13.888,1.572,0.996,7.145,0.066,,
Angola,AGO,2018,31297160.0,162550037080.0,23.278,0.744,0.143,,15.411,1.608,1.007,5.251,0.063,,
Angola,AGO,2019,32375633.0,161408924528.0,22.21,0.686,0.138,,14.286,2.429,1.124,4.371,0.06,,
Angola,AGO,2020,33451139.0,152308692850.0,16.549,0.495,0.109,,9.468,2.488,1.085,3.509,0.047,,
Angola,AGO,2021,34532427.0,153971902307.0,19.219,0.557,0.125,,12.282,2.466,1.085,3.386,0.052,,
Angola,AGO,2022,35635028.0,158346237030.0,21.089,0.592,0.133,,14.887,1.927,1.124,3.151,0.056,,
Angola,AGO,2023,36749909.0,,21.675,0.59,,,15.356,1.742,1.124,3.453,0.057,,
Angola,AGO,2024,37885854.0,,22.334,0.589,,,15.569,1.766,1.124,3.874,0.058,,
Anguilla,AIA,1990,8422.0,,0.044,5.221,,,0.044,,0.0,,0.0,,
Anguilla,AIA,1991,8728.0,,0.044,5.038,,,0.044,,0.0,,0.0,,
Anguilla,AIA,1992,9005.0,,0.048,5.29,,,0.048,,0.0,,0.0,,
Anguilla,AIA,1993,9252.0,,0.055,5.94,,,0.055,,0.0,,0.0,,
Anguilla,AIA,1994,9489.0,,0.055,5.792,,,0.055,,0.0,0.0,0.0,,
Anguilla,AIA,1995,9738.0,,0.055,5.644,,,0.055,,0.0,0.0,0.0,,
Anguilla,AIA,1996,10000.0,,0.059,5.862,,,0.059,,0.0,0.0,0.0,,
Anguilla,AIA,1997,10278.0,,0.059,5.704,,,0.059,,0.0,0.0,0.0,,
Anguilla,AIA,1998,10557.0,,0.066,6.247,,,0.066,,0.0,0.0,0.0,,
Anguilla,AIA,1999,10864.0,,0.07,6.408,,,0.07,,0.0,0.0,0.0,,
Anguilla,AIA,2000,11196.0,,0.081,7.2,,,0.081,,0.0,0.0,0.0,,
Anguilla,AIA,2001,11497.0,,0.084,7.33,,,0.084,,0.0,0.0,0.0,,
Anguilla,AIA,2002,11714.0,,0.084,7.194,,,0.084,,0.0,0.0,0.0,,
Anguilla,AIA,2003,11903.0,,0.088,7.388,,,0.088,,0.0,0.0,0.0,,
Anguilla,AIA,2004,12092.0,,0.099,8.181,,,0.099,,0.0,0.0,0.0,,
Anguilla,AIA,2005,12290.0,,0.11,8.944,,,0.11,,0.0,0.0,0.0,,
Anguilla,AIA,2006,12493.0,,0.121,9.678,,,0.121,,0.0,0.0,0.0,,
Anguilla,AIA,2007,12697.0,,0.125,9.811,,,0.125,,0.0,0.0,0.0,,
Anguilla,AIA,2008,12911.0,,0.125,9.649,,,0.125,,0.0,0.0,0.0,,
Anguilla,AIA,2009,13138.0,,0.125,9.482,,,0.125,,0.0,0.0,0.0,,
Anguilla,AIA,2010,13372.0,,0.128,9.59,,,0.128,,0.0,0.0,0.0,,
Anguilla,AIA,2011,13593.0,,0.125,9.165,,,0.125,,0.0,0.0,0.0,,
Anguilla,AIA,2012,13401.0,,0.121,9.023,,,0.121,,0.0,0.0,0.0,,
Anguilla,AIA,2013,13272.0,,0.114,8.558,,,0.114,,0.0,0.0,0.0,,
Anguilla,AIA,2014,13748.0,,0.121,8.795,,,0.121,,0.0,0.0,0.0,,
Anguilla,AIA,2015,14235.0,,0.136,9.524,,,0.136,,0.0,0.0,0.0,,
Anguilla,AIA,2016,14344.0,,0.139,9.707,,,0.139,,0.0,0.0,0.0,,
Anguilla,AIA,2017,14450.0,,0.128,8.875,,,0.128,,0.0,0.0,0.0,,
Anguilla,AIA,2018,14747.0,,0.132,8.944,,,0.132,,0.0,0.0,0.0,,
Anguilla,AIA,2019,14845.0,,0.143,9.626,,,0.143,,0.0,0.0,0.0,,
Anguilla,AIA,2020,14864.0,,0.136,9.121,,,0.136,,0.0,0.0,0.0,,
Anguilla,AIA,2021,14503.0,,0.139,9.6,,,0.139,,0.0,0.0,0.0,,
Anguilla,AIA,2022,14202.0,,0.143,10.062,,,0.143,,0.0,0.0,0.0,,
Anguilla,AIA,2023,14435.0,,0.143,9.879,,,0.143,,0.0,0.0,0.0,,
Anguilla,AIA,2024,14623.0,,0.148,10.127,,,0.148,,0.0,0.0,0.0,,
Antarctica,ATA,1990,,,0.011,,,,0.011,,0.0,,0.0,,
Antarctica,ATA,1991,,,0.015,,,,0.015,,0.0,,0.0,,
Antarctica,ATA,1992,,,0.015,,,,0.015,,0.0,,0.0,,
Antarctica,ATA,1993,,,0.015,,,,0.015,,0.0,,0.0,,
Antarctica,ATA,1994,,,0.015,,,,0.015,,0.0,0.0,0.0,,
Antarctica,ATA,1995,,,0.004,,,,0.004,,0.0,0.0,0.0,,
Antarctica,ATA,1996,,,0.004,,,,0.004,,0.0,0.0,0.0,,
Antarctica,ATA,1997,,,0.004,,,,0.004,,0.0,0.0,0.0,,
Antarctica,ATA,1998,,,0.004,,,,0.004,,0.0,0.0,0.0,,
Antarctica,ATA,1999,,,0.004,,,,0.004,,0.0,0.0,0.0,,
Antarctica,ATA,2000,,,0.004,,,,0.004,,0.0,0.0,0.0,,
Antarctica,ATA,2001,,,0.004,,,,0.004,,0.0,0.0,0.0,,
Antarctica,ATA,2002,,,0.004,,,,0.004,,0.0,0.0,0.0,,
Antarctica,ATA,2003,,,0.004,,,,0.004,,0.0,0.0,0.0,,
Antarctica,ATA,2004,,,0.007,,,,0.007,,0.0,0.0,0.0,,
Antarctica,ATA,2005,,,0.007,,,,0.007,,0.0,0.0,0.0,,
Antarctica,ATA,2006,,,0.007,,,,0.007,,0.0,0.0,0.0,,
Antarctica,ATA,2007,,,0.011,,,,0.011,,0.0,0.0,0.0,,
Antarctica,ATA,2008,,,0.0,,,,,,0.0,0.0,0.0,,
Antarctica,ATA,2009,,,0.0,,,,,,0.0,0.0,0.0,,
Antarctica,ATA,2010,,,0.0,,,,,,0.0,0.0,0.0,,
Antarctica,ATA,2011,,,0.0,,,,,,0.0,0.0,0.0,,
Antarctica,ATA,2012,,,0.0,,,,,,0.0,0.0,0.0,,
Antarctica,ATA,2013,,,0.0,,,,,,0.0,0.0,0.0,,
Antarctica,ATA,2014,,,0.0,,,,,,0.0,0.0,0.0,,
Antarctica,ATA,2015,,,0.0,,,,,,0.0,0.0,0.0,,
Antarctica,ATA,2016,,,0.0,,,,,,0.0,0.0,0.0,,
Antarctica,ATA,2017,,,0.0,,,,,,0.0,0.0,0.0,,
Antarctica,ATA,2018,,,0.0,,,,,,0.0,0.0,0.0,,
Antarctica,ATA,2019,,,0.0,,,,,,0.0,0.0,0.0,,
Antarctica,ATA,2020,,,0.0,,,,,,0.0,0.0,0.0,,
Antarctica,ATA,2021,,,0.0,,,,,,0.0,0.0,0.0,,
Antarctica,ATA,2022,,,0.0,,,,,,0.0,0.0,0.0,,
Antarctica,ATA,2023,,,0.0,,,,,,0.0,0.0,0.0,,
Antarctica,ATA,2024,,,0.0,,,,,,0.0,0.0,0.0,,
Antigua and Barbuda,ATG,1990,63087.0,,0.242,3.833,,,0.242,,0.0,,0.001,,
Antigua and Barbuda,ATG,1991,63406.0,,0.249,3.929,,,0.249,,0.0,,0.001,,
Antigua and Barbuda,ATG,1992,64422.0,,0.249,3.867,,,0.249,,0.0,,0.001,,
Antigua and Barbuda,ATG,1993,65601.0,,0.256,3.91,,,0.256,,0.0,,0.001,,
Antigua and Barbuda,ATG,1994,66860.0,,0.267,4.0,,,0.267,,0.0,0.0,0.001,,
Antigua and Barbuda,ATG,1995,68210.0,,0.271,3.975,,,0.271,,0.0,0.0,0.001,,
Antigua and Barbuda,ATG,1996,69629.0,,0.286,4.104,,,0.286,,0.0,0.0,0.001,,
Antigua and Barbuda,ATG,1997,71071.0,,0.308,4.331,,,0.308,,0.0,0.0,0.001,,
Antigua and Barbuda,ATG,1998,72430.0,,0.322,4.452,,,0.322,,0.0,0.0,0.001,,
Antigua and Barbuda,ATG,1999,73681.0,,0.344,4.674,,,0.344,,0.0,0.0,0.001,,
Antigua and Barbuda,ATG,2000,74929.0,,0.355,4.743,,,0.355,,0.0,0.0,0.001,,
Antigua and Barbuda,ATG,2001,76082.0,,0.374,4.912,,,0.374,,0.0,0.0,0.001,,
Antigua and Barbuda,ATG,2002,77049.0,,0.403,5.231,,,0.403,,0.0,0.0,0.002,,
Antigua and Barbuda,ATG,2003,77896.0,,0.432,5.55,,,0.432,,0.0,0.0,0.002,,
Antigua and Barbuda,ATG,2004,78734.0,,0.451,5.724,,,0.451,,0.0,0.0,0.002,,
Antigua and Barbuda,ATG,2005,79628.0,,0.48,6.028,,,0.48,,0.0,0.0,0.002,,
Antigua and Barbuda,ATG,2006,80619.0,,0.517,6.408,,,0.517,,0.0,0.0,0.002,,
Antigua and Barbuda,ATG,2007,81716.0,,0.535,6.546,,,0.535,,0.0,0.0,0.002,,
Antigua and Barbuda,ATG,2008,82926.0,,0.539,6.495,,,0.539,,0.0,0.0,0.002,,
Antigua and Barbuda,ATG,2009,84193.0,,0.557,6.615,,,0.557,,0.0,0.0,0.002,,
Antigua and Barbuda,ATG,2010,85337.0,,0.55,6.44,,,0.55,,0.0,0.0,0.002,,
Antigua and Barbuda,ATG,2011,86350.0,,0.546,6.322,,,0.546,,0.0,0.0,0.002,,
Antigua and Barbuda,ATG,2012,87275.0,,0.557,6.381,,,0.557,,0.0,0.0,0.002,,
Antigua and Barbuda,ATG,2013,88074.0,,0.557,6.323,,,0.557,,0.0,0.0,0.002,,
Antigua and Barbuda,ATG,2014,88784.0,,0.568,6.397,,,0.568,,0.0,0.0,0.002,,
Antigua and Barbuda,ATG,2015,89421.0,,0.579,6.474,,,0.579,,0.0,0.0,0.002,,
Antigua and Barbuda,ATG,2016,89980.0,,0.594,6.597,,,0.594,,0.0,0.0,0.002,,
Antigua and Barbuda,ATG,2017,90483.0,,0.601,6.641,,,0.601,,0.0,0.0,0.002,,
Antigua and Barbuda,ATG,2018,90942.0,,0.616,6.769,,,0.616,,0.0,0.0,0.002,,
Antigua and Barbuda,ATG,2019,91377.0,,0.638,6.977,,,0.638,,0.0,0.0,0.002,,
Antigua and Barbuda,ATG,2020,91864.0,,0.616,6.701,,,0.616,,0.0,0.0,0.002,,
Antigua and Barbuda,ATG,2021,92358.0,,0.634,6.863,,,0.634,,0.0,0.0,0.002,,
Antigua and Barbuda,ATG,2022,92850.0,,0.642,6.913,,,0.642,,0.0,0.0,0.002,,
Antigua and Barbuda,ATG,2023,93331.0,,0.641,6.863,,,0.641,,0.0,0.0,0.002,,
Antigua and Barbuda,ATG,2024,93782.0,,0.665,7.092,,,0.665,,0.0,0.0,0.002,,
Argentina,ARG,1990,32755907.0,338751144000.0,112.188,3.425,0.331,3.14,59.188,43.213,1.862,4.785,0.494,115.543,3.527
Argentina,ARG,1991,33230293.0,376057930424.0,117.727,3.543,0.313,2.939,61.233,47.284,2.168,4.104,0.507,123.998,3.731
Argentina,ARG,1992,33693532.0,416679827242.0,121.514,3.606,0.292,3.107,63.633,48.303,2.474,3.997,0.54,131.403,3.9
Argentina,ARG,1993,34152719.0,444780261628.0,118.021,3.456,0.265,2.528,67.152,40.807,2.781,4.752,0.519,126.6,3.707
Argentina,ARG,1994,34613492.0,472926751991.0,118.507,3.424,0.251,3.561,67.203,42.677,3.087,1.978,0.516,127.082,3.671
Argentina,ARG,1995,35070016.0,461601030169.0,125.415,3.576,0.272,3.741,62.834,53.194,2.76,2.887,0.533,131.462,3.749
Argentina,ARG,1996,35513795.0,489406483416.0,131.446,3.701,0.269,3.114,65.921,57.542,2.718,2.151,0.542,136.985,3.857
Argentina,ARG,1997,35947790.0,531526379817.0,136.617,3.8,0.257,2.807,66.868,61.504,3.233,2.206,0.56,145.77,4.055
Argentina,ARG,1998,36372862.0,554567078807.0,139.505,3.835,0.252,3.155,69.576,61.614,3.468,1.693,0.574,148.941,4.095
Argentina,ARG,1999,36794687.0,538270560194.0,148.345,4.032,0.276,2.788,72.723,67.619,3.331,1.883,0.597,149.515,4.063
Argentina,ARG,2000,37213986.0,536480965694.0,143.355,3.852,0.267,2.36,67.434,69.438,2.657,1.466,0.562,142.709,3.835
Argentina,ARG,2001,37624817.0,514867255248.0,135.004,3.588,0.262,2.008,64.334,64.807,2.348,1.507,0.525,130.816,3.477
Argentina,ARG,2002,38029345.0,460558541367.0,124.93,3.285,0.271,1.579,57.495,62.618,1.728,1.51,0.476,82.343,2.165
Argentina,ARG,2003,38424283.0,503104157615.0,134.421,3.498,0.267,2.48,59.355,69.068,2.22,1.297,0.486,117.7,3.063
Argentina,ARG,2004,38815915.0,550306327169.0,157.235,4.051,0.286,2.532,67.813,82.913,2.887,1.091,0.55,139.924,3.605
Argentina,ARG,2005,39216786.0,601050418142.0,161.728,4.124,0.269,3.668,71.8,81.967,3.38,0.913,0.546,147.474,3.76
Argentina,ARG,2006,39622113.0,652296814311.0,174.342,4.4,0.267,3.968,81.911,83.867,3.797,0.799,0.57,155.717,3.93
Argentina,ARG,2007,40016767.0,714725198062.0,173.764,4.342,0.243,3.759,77.952,87.178,4.181,0.695,0.552,161.212,4.029
Argentina,ARG,2008,40424151.0,747157417513.0,187.596,4.641,0.251,3.975,88.658,90.12,4.243,0.599,0.585,178.508,4.416
Argentina,ARG,2009,40854832.0,705920838368.0,178.378,4.366,0.253,3.305,82.38,87.993,4.008,0.693,0.566,162.836,3.986
Argentina,ARG,2010,41288694.0,785785170150.0,186.121,4.508,0.237,4.082,90.145,86.928,4.353,0.612,0.559,177.822,4.307
Argentina,ARG,2011,41730655.0,837742673804.0,189.884,4.55,0.227,4.825,86.906,92.586,4.695,0.872,0.551,198.814,4.764
Argentina,ARG,2012,42161718.0,829147409948.0,191.715,4.547,0.231,5.078,85.589,95.383,4.533,1.131,0.548,198.991,4.72
Argentina,ARG,2013,42582453.0,849088398588.0,189.525,4.451,0.223,4.84,87.487,91.338,4.568,1.291,0.537,203.749,4.785
Argentina,ARG,2014,43024071.0,827750786191.0,188.539,4.382,0.228,5.536,84.292,92.844,4.479,1.388,0.532,191.692,4.455
Argentina,ARG,2015,43477011.0,850356641236.0,191.809,4.412,0.226,5.467,86.954,93.535,4.636,1.218,0.542,206.172,4.742
Argentina,ARG,2016,43900312.0,832669278245.0,190.02,4.328,0.228,4.192,84.554,96.301,4.133,0.841,0.537,190.408,4.337
Argentina,ARG,2017,44288898.0,856142153676.0,187.068,4.224,0.219,4.28,80.857,96.444,4.528,0.96,0.52,193.252,4.363
Argentina,ARG,2018,44654876.0,833736983405.0,182.483,4.087,0.219,4.356,76.109,96.125,4.535,1.359,0.497,183.695,4.114
Argentina,ARG,2019,44973469.0,817053926667.0,180.428,4.012,0.221,2.143,76.609,95.606,4.298,1.771,0.487,172.704,3.84
Argentina,ARG,2020,45191960.0,735814250460.0,164.613,3.643,0.224,3.224,66.675,89.085,3.642,1.987,0.468,160.073,3.542
Argentina,ARG,2021,45312282.0,812324184006.0,190.197,4.197,0.234,4.51,85.441,93.073,4.848,2.325,0.516,182.275,4.023
Argentina,ARG,2022,45407904.0,854914363923.0,183.768,4.047,0.215,4.731,81.967,89.62,5.255,2.195,0.49,183.846,4.049
Argentina,ARG,2023,45538402.0,,178.407,3.918,,4.226,79.241,87.849,5.037,2.054,0.468,185.666,4.077
Argentina,ARG,2024,45696153.0,,171.059,3.743,,3.162,72.461,89.168,3.731,2.538,0.443,,
Armenia,ARM,1990,3552130.0,32650114430.0,9.003,2.535,0.276,0.694,3.634,4.199,0.38,0.097,0.04,6.295,1.772
Armenia,ARM,1991,3613978.0,27959799817.0,7.383,2.043,0.264,0.604,2.815,3.478,0.396,0.09,0.032,4.848,1.342
Armenia,ARM,1992,3571870.0,15777768492.0,5.724,1.602,0.363,0.374,1.773,3.477,0.099,,0.025,3.807,1.066
Armenia,ARM,1993,3453339.0,13153115049.0,2.51,0.727,0.191,0.007,0.939,1.508,0.055,,0.011,1.892,0.548
Armenia,ARM,1994,3364620.0,13441640358.0,2.685,0.798,0.2,0.095,0.942,1.616,0.032,0.0,0.012,1.884,0.56
Armenia,ARM,1995,3307586.0,14085547383.0,3.363,1.017,0.239,0.007,0.671,2.616,0.069,0.0,0.014,2.773,0.838
Armenia,ARM,1996,3278738.0,14363162631.0,2.5,0.763,0.174,0.015,0.366,2.041,0.078,0.0,0.01,2.989,0.912
Armenia,ARM,1997,3246292.0,14402224399.0,3.253,1.002,0.226,0.015,0.392,2.678,0.168,0.0,0.013,3.936,1.212
Armenia,ARM,1998,3208399.0,14841976252.0,3.419,1.066,0.23,0.015,0.406,2.789,0.209,0.0,0.014,4.538,1.414
Armenia,ARM,1999,3167282.0,14850694858.0,3.04,0.96,0.205,0.007,0.586,2.275,0.171,0.0,0.012,3.55,1.121
Armenia,ARM,2000,3125630.0,15244825874.0,3.491,1.117,0.229,0.0,0.788,2.565,0.139,0.0,0.014,3.799,1.215
Armenia,ARM,2001,3084350.0,16184137401.0,3.533,1.145,0.218,0.0,0.777,2.612,0.144,0.0,0.014,4.001,1.297
Armenia,ARM,2002,3055636.0,18018113990.0,3.077,1.007,0.171,0.048,0.816,2.002,0.211,0.0,0.012,4.081,1.336
Armenia,ARM,2003,3038976.0,19928773567.0,3.456,1.137,0.173,0.073,0.934,2.228,0.22,0.0,0.012,4.208,1.385
Armenia,ARM,2004,3022544.0,21350959248.0,3.691,1.221,0.173,0.0,0.92,2.473,0.298,0.0,0.013,4.241,1.403
Armenia,ARM,2005,3006360.0,23626538545.0,4.376,1.456,0.185,0.0,0.982,3.063,0.331,0.0,0.015,5.34,1.776
Armenia,ARM,2006,2990371.0,25937834265.0,4.402,1.472,0.17,0.004,0.92,3.14,0.338,0.0,0.014,5.604,1.874
Armenia,ARM,2007,2974825.0,28610365796.0,5.1,1.714,0.178,0.007,0.924,3.762,0.407,0.0,0.016,10.071,3.386
Armenia,ARM,2008,2959996.0,29672467967.0,5.575,1.883,0.188,0.007,1.033,4.122,0.412,0.0,0.017,7.274,2.457
Armenia,ARM,2009,2945518.0,24704739187.0,4.364,1.481,0.177,0.004,0.952,3.167,0.241,0.0,0.014,6.433,2.184
Armenia,ARM,2010,2931083.0,24485670654.0,4.256,1.452,0.174,0.007,1.008,2.953,0.288,0.0,0.013,5.795,1.977
Armenia,ARM,2011,2923269.0,24860520809.0,4.969,1.7,0.2,0.007,0.942,3.756,0.264,0.0,0.014,5.627,1.925
Armenia,ARM,2012,2922529.0,26634064691.0,5.748,1.967,0.216,0.007,0.898,4.565,0.278,0.0,0.016,6.483,2.218
Armenia,ARM,2013,2922526.0,27542825799.0,5.535,1.894,0.201,0.004,0.857,4.416,0.259,0.0,0.016,5.885,2.014
Armenia,ARM,2014,2922433.0,28536291283.0,5.604,1.918,0.196,0.004,0.864,4.493,0.244,0.0,0.016,5.916,2.024
Armenia,ARM,2015,2921179.0,29464863299.0,5.469,1.872,0.186,0.004,0.795,4.43,0.241,0.0,0.015,6.073,2.079
Armenia,ARM,2016,2918796.0,29522321034.0,5.207,1.784,0.176,0.004,0.81,4.239,0.154,0.0,0.015,6.017,2.062
Armenia,ARM,2017,2914966.0,31741802974.0,5.537,1.899,0.174,0.004,0.868,4.459,0.205,0.0,0.015,6.406,2.198
Armenia,ARM,2018,2909971.0,33400320594.0,5.822,2.001,0.174,0.004,0.824,4.679,0.315,0.0,0.016,8.377,2.879
Armenia,ARM,2019,2903975.0,35949092334.0,6.284,2.164,0.175,0.011,1.044,4.888,0.341,0.0,0.017,8.17,2.813
Armenia,ARM,2020,2890893.0,33378378959.0,6.795,2.351,0.204,0.029,1.452,4.901,0.413,0.0,0.019,8.55,2.958
Armenia,ARM,2021,2870339.0,35275596129.0,7.351,2.561,0.208,0.044,1.524,5.353,0.429,0.0,0.02,9.272,3.23
Armenia,ARM,2022,2880880.0,39721734780.0,7.699,2.672,0.194,0.044,1.521,5.555,0.579,0.0,0.021,8.725,3.028
Armenia,ARM,2023,2943398.0,,7.43,2.524,,0.04,1.562,5.248,0.579,0.0,0.02,7.674,2.607
Armenia,ARM,2024,2973843.0,,7.431,2.499,,0.046,1.545,5.26,0.579,0.0,0.019,,
Aruba,ABW,1990,64452.0,,0.487,7.561,,,0.487,,0.0,,0.002,,
Aruba,ABW,1991,66564.0,,0.531,7.981,,,0.531,,0.0,,0.002,,
Aruba,ABW,1992,68889.0,,0.539,7.818,,,0.539,,0.0,,0.002,,
Aruba,ABW,1993,71091.0,,0.649,9.123,,,0.649,,0.0,,0.003,,
Aruba,ABW,1994,73475.0,,0.66,8.976,,,0.66,,0.0,0.0,0.003,,
Aruba,ABW,1995,75930.0,,0.711,9.361,,,0.711,,0.0,0.0,0.003,,
Aruba,ABW,1996,78497.0,,0.722,9.195,,,0.722,,0.0,0.0,0.003,,
Aruba,ABW,1997,81123.0,,0.758,9.349,,,0.758,,0.0,0.0,0.003,,
Aruba,ABW,1998,83788.0,,0.806,9.62,,,0.806,,0.0,0.0,0.003,,
Aruba,ABW,1999,86483.0,,0.81,9.363,,,0.81,,0.0,0.0,0.003,,
Aruba,ABW,2000,88772.0,,2.378,26.787,,,2.378,,0.0,0.0,0.009,,
Aruba,ABW,2001,90320.0,,2.407,26.652,,,2.407,,0.0,0.0,0.009,,
Aruba,ABW,2002,91393.0,,2.437,26.66,,,2.437,,0.0,0.0,0.009,,
Aruba,ABW,2003,92324.0,,2.561,27.741,,,2.561,,0.0,0.0,0.009,,
Aruba,ABW,2004,93223.0,,2.616,28.063,,,2.616,,0.0,0.0,0.009,,
Aruba,ABW,2005,94239.0,,2.715,28.81,,,2.715,,0.0,0.0,0.009,,
Aruba,ABW,2006,95403.0,,2.711,28.42,,,2.711,,0.0,0.0,0.009,,
Aruba,ABW,2007,96604.0,,2.821,29.205,,,2.821,,0.0,0.0,0.009,,
Aruba,ABW,2008,97815.0,,2.656,27.157,,,2.656,,0.0,0.0,0.008,,
Aruba,ABW,2009,99040.0,,2.627,26.526,,,2.627,,0.0,0.0,0.008,,
Aruba,ABW,2010,100127.0,,2.506,25.03,,,2.506,,0.0,0.0,0.008,,
Aruba,ABW,2011,100995.0,,2.495,24.706,,,2.495,,0.0,0.0,0.007,,
Aruba,ABW,2012,101774.0,,1.345,13.212,,,1.345,,0.0,0.0,0.004,,
Aruba,ABW,2013,102570.0,,0.861,8.395,,,0.861,,0.0,0.0,0.002,,
Aruba,ABW,2014,103381.0,,0.872,8.435,,,0.872,,0.0,0.0,0.002,,
Aruba,ABW,2015,104200.0,,0.898,8.615,,,0.898,,0.0,0.0,0.003,,
Aruba,ABW,2016,104989.0,,0.883,8.411,,,0.883,,0.0,0.0,0.002,,
Aruba,ABW,2017,105737.0,,0.89,8.42,,,0.89,,0.0,0.0,0.002,,
Aruba,ABW,2018,106447.0,,0.868,8.158,,,0.868,,0.0,0.0,0.002,,
Aruba,ABW,2019,107089.0,,0.832,7.767,,,0.832,,0.0,0.0,0.002,,
Aruba,ABW,2020,107411.0,,0.821,7.641,,,0.821,,0.0,0.0,0.002,,
Aruba,ABW,2021,107565.0,,0.861,8.005,,,0.861,,0.0,0.0,0.002,,
Aruba,ABW,2022,107792.0,,0.888,8.242,,,0.888,,0.0,0.0,0.002,,
Aruba,ABW,2023,107946.0,,0.887,8.213,,,0.887,,0.0,0.0,0.002,,
Aruba,ABW,2024,108076.0,,0.921,8.518,,,0.921,,0.0,0.0,0.002,,
Australia,AUS,1990,17126304.0,464136588000.0,278.061,16.236,0.599,141.877,88.851,34.455,3.463,7.173,1.223,244.681,14.287
Australia,AUS,1991,17353191.0,461302112920.0,279.437,16.103,0.606,146.083,88.251,32.786,3.183,6.905,1.204,245.426,14.143
Australia,AUS,1992,17549286.0,478633731062.0,284.433,16.208,0.594,150.049,87.923,33.97,2.923,7.208,1.263,248.066,14.135
Australia,AUS,1993,17722905.0,501524767329.0,288.78,16.294,0.576,150.096,90.392,35.67,3.005,7.044,1.269,248.777,14.037
Australia,AUS,1994,17897433.0,527993237904.0,293.613,16.405,0.556,151.376,91.928,37.032,3.484,6.793,1.278,257.946,14.412
Australia,AUS,1995,18095340.0,549038744439.0,304.962,16.853,0.555,155.735,96.148,39.847,3.358,6.967,1.297,263.701,14.573
Australia,AUS,1996,18305305.0,574765618472.0,311.851,17.036,0.543,160.388,98.723,39.781,3.244,6.671,1.287,269.737,14.735
Australia,AUS,1997,18504911.0,601472798853.0,320.243,17.306,0.532,167.683,98.41,41.09,3.185,6.597,1.314,276.163,14.924
Australia,AUS,1998,18701710.0,634847053105.0,334.038,17.861,0.526,177.614,99.17,43.506,3.475,6.804,1.375,293.762,15.708
Australia,AUS,1999,18909980.0,664520698611.0,343.876,18.185,0.517,183.231,100.839,45.564,3.52,7.082,1.384,300.473,15.89
Australia,AUS,2000,19132472.0,692059312020.0,349.898,18.288,0.506,185.797,102.678,46.61,3.621,7.843,1.372,292.057,15.265
Australia,AUS,2001,19365438.0,713890072308.0,357.668,18.469,0.501,190.082,103.202,49.326,3.541,8.057,1.392,300.771,15.531
Australia,AUS,2002,19595356.0,747065694937.0,362.425,18.495,0.485,191.147,105.481,50.589,3.488,7.896,1.38,320.942,16.378
Australia,AUS,2003,19819449.0,774450991263.0,370.784,18.708,0.479,195.386,110.951,49.912,3.584,7.056,1.341,342.504,17.281
Australia,AUS,2004,20046679.0,809792445090.0,382.005,19.056,0.472,202.225,114.086,51.455,3.555,6.769,1.335,351.711,17.545
Australia,AUS,2005,20294490.0,840092380696.0,385.082,18.975,0.458,200.715,116.654,53.322,3.664,6.835,1.301,351.773,17.333
Australia,AUS,2006,20590566.0,866678665246.0,391.373,19.007,0.452,204.401,117.407,54.849,3.888,6.974,1.279,364.113,17.684
Australia,AUS,2007,20954545.0,911250727265.0,398.896,19.036,0.438,203.559,118.853,61.006,3.972,7.423,1.266,376.286,17.957
Australia,AUS,2008,21370595.0,937889628737.0,404.279,18.918,0.431,204.688,122.482,61.744,3.863,7.402,1.261,372.478,17.429
Australia,AUS,2009,21783014.0,963129933389.0,406.977,18.683,0.423,206.066,122.362,63.087,3.829,7.894,1.291,398.726,18.304
Australia,AUS,2010,22141583.0,993853968687.0,405.026,18.293,0.408,200.635,124.506,64.246,3.549,8.082,1.216,399.244,18.031
Australia,AUS,2011,22479779.0,1024000293343.0,403.874,17.966,0.394,192.232,129.836,66.46,3.496,7.805,1.171,399.235,17.76
Australia,AUS,2012,22852648.0,1062662906305.0,405.005,17.722,0.381,189.244,132.478,67.7,3.518,8.248,1.159,413.163,18.079
Australia,AUS,2013,23236271.0,1086068056518.0,397.85,17.122,0.366,176.436,135.764,69.98,3.294,8.804,1.128,386.215,16.621
Australia,AUS,2014,23595599.0,1113888062929.0,392.61,16.639,0.352,168.219,137.132,70.907,3.138,9.209,1.107,384.508,16.296
Australia,AUS,2015,23947997.0,1139303344945.0,400.589,16.727,0.352,174.222,136.869,71.665,3.076,10.731,1.131,387.226,16.169
Australia,AUS,2016,24329963.0,1169967279612.0,409.666,16.838,0.35,179.594,136.761,74.093,2.931,12.373,1.157,389.913,16.026
Australia,AUS,2017,24731044.0,1197832839959.0,413.408,16.716,0.345,176.951,139.221,75.477,3.019,14.842,1.149,396.015,16.013
Australia,AUS,2018,25119700.0,1231576952488.0,414.781,16.512,0.337,169.336,143.397,78.346,2.942,16.861,1.129,386.381,15.382
Australia,AUS,2019,25482714.0,1255505542015.0,414.925,16.283,0.33,164.888,142.693,80.305,3.04,20.132,1.119,383.647,15.055
Australia,AUS,2020,25743787.0,1232259790388.0,398.547,15.481,0.323,156.622,134.777,83.378,2.82,17.209,1.134,374.332,14.541
Australia,AUS,2021,25956417.0,1296705194119.0,388.472,14.966,0.3,151.821,134.179,80.198,2.9,15.339,1.054,363.135,13.99
Australia,AUS,2022,26200987.0,1344251444393.0,384.078,14.659,0.286,146.0,133.833,80.249,2.818,17.096,1.023,365.08,13.934
Australia,AUS,2023,26451126.0,,384.316,14.529,,140.982,141.61,78.682,2.733,16.259,1.009,372.151,14.069
Australia,AUS,2024,26713206.0,,386.732,14.477,,142.549,145.789,75.353,2.733,16.259,1.002,,
Austria,AUT,1990,7679627.0,207979127656.0,62.191,8.098,0.299,18.139,28.9,11.836,2.033,0.102,0.274,88.65,11.544
Austria,AUT,1991,7757140.0,215992683383.0,65.79,8.481,0.305,18.7,31.407,12.502,2.005,0.111,0.284,90.431,11.658
Austria,AUT,1992,7842715.0,221400873854.0,60.291,7.688,0.272,14.385,30.152,12.518,2.105,0.12,0.268,93.85,11.967
Austria,AUT,1993,7907492.0,223462931302.0,60.711,7.678,0.272,13.275,31.266,13.023,2.032,0.112,0.267,88.795,11.229
Austria,AUT,1994,7938157.0,229749328956.0,61.08,7.694,0.266,13.459,30.716,13.658,2.102,0.128,0.266,88.276,11.12
Austria,AUT,1995,7950322.0,236824462430.0,64.063,8.058,0.271,15.425,30.854,14.901,1.631,0.127,0.272,92.139,11.589
Austria,AUT,1996,7960917.0,243480734505.0,67.41,8.468,0.277,15.069,33.776,15.797,1.634,0.071,0.278,95.799,12.034
Austria,AUT,1997,7969804.0,249847313444.0,67.305,8.445,0.269,16.157,32.849,15.301,1.761,0.121,0.276,93.389,11.718
Austria,AUT,1998,7978465.0,259776337669.0,66.937,8.39,0.258,13.707,34.654,15.717,1.599,0.142,0.276,96.695,12.119
Austria,AUT,1999,7993894.0,270186173474.0,65.668,8.215,0.243,13.876,32.805,16.102,1.607,0.171,0.264,94.289,11.795
Austria,AUT,2000,8012929.0,280410163017.0,66.204,8.262,0.236,15.751,32.179,15.264,1.712,0.165,0.26,93.497,11.668
Austria,AUT,2001,8042233.0,285335695766.0,70.191,8.728,0.246,16.562,34.424,16.156,1.72,0.183,0.273,97.954,12.18
Austria,AUT,2002,8081640.0,291231427735.0,71.988,8.908,0.247,16.736,36.067,16.069,1.736,0.167,0.274,96.331,11.92
Austria,AUT,2003,8122604.0,294489280951.0,77.412,9.53,0.263,17.941,39.089,17.267,1.754,0.184,0.28,99.945,12.305
Austria,AUT,2004,8173496.0,303692479841.0,77.716,9.508,0.256,17.766,39.122,17.662,1.79,0.165,0.272,103.475,12.66
Austria,AUT,2005,8229204.0,311441138652.0,79.095,9.612,0.254,17.862,39.395,18.701,1.797,0.16,0.267,105.116,12.774
Austria,AUT,2006,8269901.0,323236897651.0,76.796,9.286,0.238,17.866,38.117,17.498,1.954,0.18,0.251,104.402,12.624
Austria,AUT,2007,8296948.0,336303973991.0,74.092,8.93,0.22,17.456,36.602,16.496,2.131,0.185,0.235,102.423,12.345
Austria,AUT,2008,8323250.0,342892519161.0,73.466,8.827,0.214,17.028,35.457,17.436,2.133,0.162,0.229,100.1,12.027
Austria,AUT,2009,8345073.0,331119036991.0,67.302,8.065,0.203,12.83,34.408,17.036,1.799,0.205,0.214,91.216,10.931
Austria,AUT,2010,8365087.0,338832243101.0,72.0,8.607,0.212,15.497,34.785,18.778,1.622,0.184,0.216,95.156,11.375
Austria,AUT,2011,8393272.0,349713455451.0,69.892,8.327,0.2,15.818,33.269,17.73,1.666,0.18,0.203,97.393,11.604
Austria,AUT,2012,8431599.0,352093108730.0,67.26,7.977,0.191,14.686,32.627,16.945,1.673,0.184,0.192,92.127,10.926
Austria,AUT,2013,8481411.0,352182904722.0,67.759,7.989,0.192,14.959,33.45,16.332,1.656,0.191,0.192,91.17,10.749
Austria,AUT,2014,8547812.0,354511819035.0,64.159,7.506,0.181,13.801,32.413,14.947,1.639,0.169,0.181,91.984,10.761
Austria,AUT,2015,8644037.0,358108266932.0,66.358,7.677,0.185,14.371,32.995,15.966,1.701,0.162,0.187,87.15,10.082
Austria,AUT,2016,8737920.0,365232738553.0,67.219,7.693,0.184,13.334,34.108,16.737,1.729,0.131,0.19,88.735,10.155
Austria,AUT,2017,8798779.0,373481694490.0,69.601,7.91,0.186,14.023,34.546,17.975,1.71,0.138,0.193,88.615,10.071
Austria,AUT,2018,8841653.0,382540042762.0,66.567,7.529,0.174,12.294,34.087,17.019,1.827,0.127,0.181,88.48,10.007
Austria,AUT,2019,8880876.0,388344674039.0,67.951,7.651,0.175,13.005,34.088,17.791,1.771,0.118,0.183,86.611,9.753
Austria,AUT,2020,8921402.0,363281092036.0,62.18,6.97,0.171,11.371,30.779,16.959,1.821,0.109,0.177,78.804,8.833
Austria,AUT,2021,8967053.0,379835198584.0,65.751,7.333,0.173,12.408,32.17,17.923,1.889,0.084,0.178,85.499,9.535
Austria,AUT,2022,9064678.0,398815419150.0,61.454,6.78,0.154,11.663,30.702,15.968,1.832,0.08,0.164,83.156,9.174
Austria,AUT,2023,9130434.0,,56.909,6.233,,11.146,29.376,13.634,1.543,0.074,0.149,76.469,8.375
Austria,AUT,2024,9120815.0,,56.368,6.18,,11.154,28.888,13.573,1.543,0.074,0.146,,
Azerbaijan,AZE,1990,7231084.0,53235601363.0,51.345,7.101,0.964,0.343,22.493,27.841,0.478,0.191,0.226,29.78,4.118
Azerbaijan,AZE,1991,7314317.0,53426621017.0,50.074,6.846,0.937,0.251,22.543,26.636,0.467,0.178,0.216,23.377,3.196
Azerbaijan,AZE,1992,7405781.0,41795295334.0,56.174,7.585,1.344,0.066,31.225,22.6,0.379,1.905,0.249,15.982,2.158
Azerbaijan,AZE,1993,7504119.0,32486438953.0,48.406,6.451,1.49,0.011,30.818,17.283,0.294,,0.213,25.59,3.41
Azerbaijan,AZE,1994,7608894.0,26372096369.0,41.945,5.513,1.591,0.004,25.032,16.671,0.237,0.001,0.183,20.457,2.689
Azerbaijan,AZE,1995,7719283.0,23188276303.0,33.309,4.315,1.436,0.015,19.885,13.308,0.103,0.0,0.142,23.751,3.077
Azerbaijan,AZE,1996,7830981.0,24026379639.0,31.242,3.99,1.3,0.015,19.37,11.737,0.12,0.0,0.129,28.95,3.697
Azerbaijan,AZE,1997,7936220.0,26436933201.0,29.843,3.76,1.129,0.015,18.551,11.062,0.175,0.041,0.122,26.148,3.295
Azerbaijan,AZE,1998,8025808.0,28328460213.0,31.785,3.96,1.122,0.004,20.948,10.599,0.115,0.119,0.131,30.47,3.797
Azerbaijan,AZE,1999,8100472.0,31898574736.0,28.822,3.558,0.904,,16.777,11.688,0.104,0.252,0.116,25.915,3.199
Azerbaijan,AZE,2000,8174784.0,34255707098.0,29.765,3.641,0.869,,17.965,11.421,0.121,0.259,0.117,23.922,2.926
Azerbaijan,AZE,2001,8251776.0,36862177017.0,28.415,3.444,0.771,,11.278,16.576,0.304,0.258,0.111,23.577,2.857
Azerbaijan,AZE,2002,8326141.0,40295217200.0,28.57,3.431,0.709,,11.287,16.622,0.472,0.19,0.109,25.464,3.058
Azerbaijan,AZE,2003,8400528.0,44994637993.0,30.488,3.629,0.678,,12.697,17.054,0.539,0.197,0.11,33.547,3.993
Azerbaijan,AZE,2004,8489874.0,50107477354.0,32.253,3.799,0.644,,12.731,18.622,0.724,0.176,0.113,38.019,4.478
Azerbaijan,AZE,2005,8597248.0,64019175136.0,34.194,3.977,0.534,,14.638,18.533,0.743,0.281,0.116,35.601,4.141
Azerbaijan,AZE,2006,8711380.0,87026407066.0,34.522,3.963,0.397,,12.977,20.465,0.783,0.297,0.113,37.464,4.301
Azerbaijan,AZE,2007,8828313.0,109944254894.0,30.037,3.402,0.273,0.022,11.456,17.578,0.817,0.164,0.095,31.378,3.554
Azerbaijan,AZE,2008,8942637.0,123130002462.0,33.037,3.694,0.268,0.015,10.607,20.738,0.77,0.906,0.103,34.606,3.87
Azerbaijan,AZE,2009,9046336.0,136020226283.0,29.103,3.217,0.214,0.015,9.241,18.789,0.621,0.438,0.092,33.117,3.661
Azerbaijan,AZE,2010,9146852.0,144296577620.0,27.549,3.012,0.191,0.022,8.695,17.968,0.617,0.247,0.083,31.486,3.442
Azerbaijan,AZE,2011,9256156.0,145980469968.0,30.21,3.264,0.207,0.018,10.267,19.023,0.465,0.437,0.088,33.443,3.613
Azerbaijan,AZE,2012,9376179.0,149196415149.0,32.77,3.495,0.22,0.015,11.639,19.831,0.658,0.627,0.094,37.327,3.981
Azerbaijan,AZE,2013,9504417.0,157913964589.0,33.559,3.531,0.213,0.011,12.069,19.936,0.722,0.821,0.095,35.53,3.738
Azerbaijan,AZE,2014,9631136.0,162332395164.0,34.345,3.566,0.212,0.007,11.63,21.2,0.925,0.583,0.097,36.815,3.823
Azerbaijan,AZE,2015,9752859.0,164036906588.0,34.683,3.556,0.211,0.011,11.534,21.933,0.843,0.362,0.098,36.986,3.792
Azerbaijan,AZE,2016,9868434.0,159010796104.0,34.727,3.519,0.218,0.004,12.136,21.51,0.726,0.351,0.098,33.498,3.394
Azerbaijan,AZE,2017,9968510.0,159255674569.0,34.698,3.481,0.218,0.004,12.587,20.894,0.929,0.284,0.096,33.01,3.311
Azerbaijan,AZE,2018,10039782.0,161644514845.0,34.576,3.444,0.214,0.004,11.837,21.282,1.083,0.37,0.094,35.241,3.51
Azerbaijan,AZE,2019,10110483.0,165653307401.0,37.753,3.734,0.228,0.004,12.112,24.122,1.096,0.419,0.102,37.698,3.729
Azerbaijan,AZE,2020,10181736.0,158697520949.0,36.237,3.559,0.228,0.004,10.629,24.333,1.018,0.254,0.103,37.97,3.729
Azerbaijan,AZE,2021,10234372.0,167584576527.0,38.3,3.742,0.229,0.0,11.744,25.222,1.081,0.253,0.104,38.716,3.783
Azerbaijan,AZE,2022,10295307.0,175370552026.0,41.175,3.999,0.235,0.044,12.847,26.793,1.119,0.371,0.11,37.755,3.667
Azerbaijan,AZE,2023,10318209.0,,42.748,4.143,,0.044,13.374,27.556,1.119,0.655,0.112,40.838,3.958
Azerbaijan,AZE,2024,10336577.0,,39.83,3.853,,0.044,13.169,25.126,1.119,0.372,0.103,,
Bahamas,BHS,1990,275954.0,,2.023,7.329,,0.004,2.019,,0.0,,0.009,,
Bahamas,BHS,1991,280745.0,,1.997,7.113,,0.004,1.993,,0.0,,0.009,,
Bahamas,BHS,1992,285938.0,,1.869,6.535,,0.004,1.865,,0.0,,0.008,,
Bahamas,BHS,1993,291350.0,,1.744,5.986,,0.004,1.74,,0.0,,0.008,,
Bahamas,BHS,1994,296519.0,,1.77,5.968,,0.004,1.766,,0.0,0.0,0.008,,
Bahamas,BHS,1995,301471.0,,1.839,6.101,,0.004,1.836,,0.0,0.0,0.008,,
Bahamas,BHS,1996,306281.0,,1.814,5.922,,0.004,1.81,,0.0,0.0,0.007,,
Bahamas,BHS,1997,310914.0,,1.608,5.173,,0.004,1.605,,0.0,0.0,0.007,,
Bahamas,BHS,1998,315376.0,,1.99,6.309,,0.004,1.986,,0.0,0.0,0.008,,
Bahamas,BHS,1999,319623.0,,2.034,6.362,,0.004,2.03,,0.0,0.0,0.008,,
Bahamas,BHS,2000,323846.0,,2.026,6.257,,0.004,2.023,,0.0,0.0,0.008,,
Bahamas,BHS,2001,327847.0,,1.946,5.934,,0.004,1.942,,0.0,0.0,0.008,,
Bahamas,BHS,2002,331625.0,,2.034,6.132,,0.004,2.03,,0.0,0.0,0.008,,
Bahamas,BHS,2003,335625.0,,2.07,6.168,,0.007,2.063,,0.0,0.0,0.007,,
Bahamas,BHS,2004,339794.0,,2.048,6.028,,0.007,2.041,,0.0,0.0,0.007,,
Bahamas,BHS,2005,343905.0,,1.905,5.54,,0.007,1.898,,0.0,0.0,0.006,,
Bahamas,BHS,2006,348386.0,,1.854,5.322,,0.007,1.847,,0.0,0.0,0.006,,
Bahamas,BHS,2007,353343.0,,1.872,5.299,,0.004,1.869,,0.0,0.0,0.006,,
Bahamas,BHS,2008,358133.0,,1.92,5.361,,0.004,1.916,,0.0,0.0,0.006,,
Bahamas,BHS,2009,362806.0,,2.154,5.938,,0.004,2.151,,0.0,0.0,0.007,,
Bahamas,BHS,2010,367482.0,,2.231,6.072,,0.004,2.228,,0.0,0.0,0.007,,
Bahamas,BHS,2011,371738.0,,2.11,5.677,,0.004,2.107,,0.0,0.0,0.006,,
Bahamas,BHS,2012,375474.0,,2.048,5.455,,0.004,2.045,,0.0,0.0,0.006,,
Bahamas,BHS,2013,378957.0,,1.993,5.26,,0.004,1.99,,0.0,0.0,0.006,,
Bahamas,BHS,2014,382312.0,,2.063,5.396,,0.004,2.059,,0.0,0.0,0.006,,
Bahamas,BHS,2015,385355.0,,2.231,5.79,,0.004,2.228,,0.0,0.0,0.006,,
Bahamas,BHS,2016,388060.0,,2.246,5.788,,0.004,2.242,,0.0,0.0,0.006,,
Bahamas,BHS,2017,390496.0,,2.521,6.455,,0.004,2.517,,0.0,0.0,0.007,,
Bahamas,BHS,2018,392718.0,,2.455,6.251,,0.004,2.451,,0.0,0.0,0.007,,
Bahamas,BHS,2019,394684.0,,2.521,6.387,,0.004,2.517,,0.0,0.0,0.007,,
Bahamas,BHS,2020,395874.0,,2.052,5.183,,0.004,2.048,,0.0,0.0,0.006,,
Bahamas,BHS,2021,396381.0,,2.726,6.877,,0.004,2.722,,0.0,0.0,0.007,,
Bahamas,BHS,2022,397542.0,,2.962,7.451,,0.004,2.958,,0.0,0.0,0.008,,
Bahamas,BHS,2023,399452.0,,2.956,7.4,,0.004,2.952,,0.0,0.0,0.008,,
Bahamas,BHS,2024,401282.0,,3.07,7.65,,0.004,3.066,,0.0,0.0,0.008,,
Bahrain,BHR,1990,514799.0,3274114078.0,11.494,22.327,3.511,,1.041,10.453,0.0,,0.051,9.071,17.62
Bahrain,BHR,1991,531883.0,3651056951.0,11.329,21.3,3.103,,1.392,9.937,0.0,,0.049,9.57,17.992
Bahrain,BHR,1992,547753.0,4256667780.0,10.402,18.99,2.444,,0.462,9.94,0.0,,0.046,9.031,16.488
Bahrain,BHR,1993,562820.0,4978466441.0,16.748,29.758,3.364,,4.239,12.509,0.0,,0.074,13.237,23.519
Bahrain,BHR,1994,577960.0,5580193474.0,14.352,24.832,2.572,,2.099,12.252,0.0,0.0,0.062,11.813,20.439
Bahrain,BHR,1995,593230.0,6161508997.0,14.744,24.854,2.393,,1.7,13.044,0.0,0.0,0.063,12.023,20.267
Bahrain,BHR,1996,608593.0,6872042752.0,15.942,26.195,2.32,,2.488,13.454,0.0,0.0,0.066,12.514,20.562
Bahrain,BHR,1997,624019.0,7574288621.0,17.221,27.597,2.274,,2.727,14.494,0.0,0.0,0.071,13.919,22.306
Bahrain,BHR,1998,639391.0,8524455571.0,18.276,28.583,2.144,,3.001,15.275,0.0,0.0,0.075,15.975,24.985
Bahrain,BHR,1999,654622.0,9667911784.0,18.254,27.885,1.888,,2.426,15.828,0.0,0.0,0.073,8.99,13.733
Bahrain,BHR,2000,669589.0,11032289188.0,19.199,28.673,1.74,,3.056,16.144,0.0,0.0,0.075,9.055,13.523
Bahrain,BHR,2001,699964.0,12074987722.0,19.679,28.115,1.63,,3.393,16.286,0.0,0.0,0.077,9.348,13.355
Bahrain,BHR,2002,752205.0,13787453002.0,20.112,26.737,1.459,,3.261,16.851,0.0,0.0,0.077,10.267,13.649
Bahrain,BHR,2003,811276.0,16535287306.0,20.976,25.856,1.269,,3.745,17.232,0.0,0.0,0.076,12.107,14.924
Bahrain,BHR,2004,871446.0,19633464819.0,21.204,24.331,1.08,,4.247,16.957,0.0,0.0,0.074,11.037,12.665
Bahrain,BHR,2005,932618.0,22873324996.0,24.487,26.256,1.071,,5.371,19.115,0.0,0.0,0.083,12.228,13.111
Bahrain,BHR,2006,994626.0,26149797771.0,24.036,24.166,0.919,,3.734,20.302,0.0,0.0,0.079,11.495,11.558
Bahrain,BHR,2007,1057419.0,30119518073.0,26.626,25.18,0.884,,5.76,20.866,0.0,0.0,0.085,14.412,13.63
Bahrain,BHR,2008,1120718.0,33548850204.0,29.525,26.344,0.88,,6.555,22.97,0.0,0.0,0.092,16.807,14.997
Bahrain,BHR,2009,1183616.0,35937223742.0,28.138,23.773,0.783,,3.671,24.175,0.291,0.0,0.089,21.087,17.815
Bahrain,BHR,2010,1213248.0,39778047298.0,29.143,24.02,0.733,,4.114,24.531,0.497,0.0,0.087,22.745,18.747
Bahrain,BHR,2011,1206733.0,43727144774.0,28.544,23.654,0.653,,3.723,24.285,0.537,0.0,0.083,17.6,14.585
Bahrain,BHR,2012,1216307.0,45357290589.0,27.202,22.365,0.6,,2.158,24.392,0.553,0.1,0.078,18.692,15.368
Bahrain,BHR,2013,1257206.0,47813841200.0,31.228,24.839,0.653,,4.367,26.179,0.523,0.158,0.089,19.327,15.373
Bahrain,BHR,2014,1312857.0,49894227022.0,30.971,23.59,0.621,,2.012,28.352,0.525,0.082,0.087,20.403,15.541
Bahrain,BHR,2015,1369656.0,51134096686.0,32.521,23.744,0.636,,3.778,28.242,0.424,0.077,0.092,23.811,17.384
Bahrain,BHR,2016,1429609.0,52953446666.0,31.635,22.129,0.597,,3.712,27.172,0.561,0.19,0.089,19.909,13.926
Bahrain,BHR,2017,1482003.0,55226208950.0,32.917,22.211,0.596,,4.078,27.989,0.602,0.247,0.091,21.388,14.432
Bahrain,BHR,2018,1497634.0,56391482183.0,32.698,21.833,0.58,,3.678,28.404,0.474,0.143,0.089,22.103,14.758
Bahrain,BHR,2019,1485675.0,57613480945.0,37.616,25.319,0.653,,3.748,33.276,0.271,0.321,0.101,23.857,16.058
Bahrain,BHR,2020,1483081.0,54937336615.0,37.429,25.238,0.681,,3.609,33.13,0.246,0.444,0.106,23.993,16.178
Bahrain,BHR,2021,1501762.0,56404169544.0,36.265,24.148,0.643,,3.257,32.467,0.286,0.255,0.098,20.275,13.501
Bahrain,BHR,2022,1533460.0,58769760175.0,37.827,24.668,0.644,,4.656,32.671,0.323,0.177,0.101,18.826,12.277
Bahrain,BHR,2023,1569674.0,,38.787,24.71,,,4.709,33.575,0.323,0.179,0.102,22.064,14.056
Bahrain,BHR,2024,1607059.0,,39.003,24.27,,,4.734,33.824,0.323,0.123,0.101,,
Bangladesh,BGD,1990,111633722.0,112105268328.0,14.082,0.126,0.126,1.07,5.337,7.575,0.1,,0.062,14.286,0.128
Bangladesh,BGD,1991,113787112.0,117331560870.0,14.753,0.13,0.126,0.341,5.276,9.057,0.079,,0.064,14.756,0.13
Bangladesh,BGD,1992,115952198.0,123425133934.0,15.391,0.133,0.125,0.322,5.386,9.607,0.075,,0.068,15.888,0.137
Bangladesh,BGD,1993,118132363.0,129907345176.0,16.074,0.136,0.124,0.121,5.491,10.389,0.073,,0.071,15.965,0.135
Bangladesh,BGD,1994,120343183.0,137432659561.0,17.553,0.146,0.128,0.099,5.91,11.472,0.072,0.0,0.076,17.183,0.143
Bangladesh,BGD,1995,122600372.0,145833067614.0,21.056,0.172,0.144,1.22,6.738,13.029,0.069,0.0,0.09,19.727,0.161
Bangladesh,BGD,1996,124862185.0,155028875281.0,21.507,0.172,0.139,0.678,7.178,13.498,0.154,0.0,0.089,19.524,0.156
Bangladesh,BGD,1997,127198070.0,165329622112.0,23.144,0.182,0.14,1.227,8.424,13.264,0.229,0.0,0.095,21.071,0.166
Bangladesh,BGD,1998,129622332.0,175900627375.0,23.216,0.179,0.132,0.352,8.271,14.325,0.269,0.0,0.096,20.629,0.159
Bangladesh,BGD,1999,132108065.0,187794887949.0,25.093,0.19,0.134,0.176,8.871,15.616,0.431,0.0,0.101,30.943,0.234
Bangladesh,BGD,2000,134544303.0,200824294390.0,26.539,0.197,0.132,1.253,7.702,16.88,0.704,0.0,0.104,25.571,0.19
Bangladesh,BGD,2001,136805810.0,213164797419.0,31.064,0.227,0.146,1.33,9.896,18.903,0.935,0.0,0.121,29.514,0.216
Bangladesh,BGD,2002,138933659.0,226285297151.0,32.007,0.23,0.141,1.33,9.906,19.886,0.885,0.0,0.122,30.698,0.221
Bangladesh,BGD,2003,140970355.0,242325893842.0,33.496,0.238,0.138,1.37,9.9,21.39,0.835,0.0,0.121,35.245,0.25
Bangladesh,BGD,2004,142902857.0,260372737862.0,35.978,0.252,0.138,1.451,10.651,23.091,0.785,0.0,0.126,37.793,0.264
Bangladesh,BGD,2005,144715789.0,280264340330.0,37.717,0.261,0.135,1.605,10.637,24.725,0.751,0.0,0.127,39.658,0.274
Bangladesh,BGD,2006,146405983.0,303255436424.0,41.726,0.285,0.138,1.81,10.959,28.257,0.7,0.0,0.136,41.838,0.286
Bangladesh,BGD,2007,147989282.0,327072515722.0,42.675,0.288,0.13,2.209,10.204,29.579,0.682,0.0,0.135,42.557,0.288
Bangladesh,BGD,2008,149474264.0,349461394439.0,45.341,0.303,0.13,2.469,9.951,32.222,0.699,0.0,0.141,44.788,0.3
Bangladesh,BGD,2009,150873716.0,372693237092.0,49.188,0.326,0.132,3.015,10.032,35.442,0.699,0.0,0.156,49.929,0.331
Bangladesh,BGD,2010,152201978.0,400087800634.0,54.036,0.355,0.135,3.074,10.885,39.397,0.68,0.0,0.162,53.897,0.354
Bangladesh,BGD,2011,153591074.0,431418704062.0,55.593,0.362,0.129,2.836,13.865,38.197,0.695,0.0,0.161,54.198,0.353
Bangladesh,BGD,2012,155070110.0,458456647637.0,59.704,0.385,0.13,3.422,15.576,40.015,0.675,0.016,0.171,59.447,0.383
Bangladesh,BGD,2013,156532134.0,486135250102.0,64.763,0.414,0.133,3.748,16.312,43.942,0.743,0.017,0.184,64.1,0.41
Bangladesh,BGD,2014,157964931.0,516793803718.0,67.552,0.428,0.131,3.51,18.287,44.972,0.752,0.03,0.19,106.771,0.676
Bangladesh,BGD,2015,159383179.0,552104723056.0,76.946,0.483,0.139,8.607,18.727,48.493,1.062,0.057,0.217,76.827,0.482
Bangladesh,BGD,2016,160811934.0,589932630231.0,81.761,0.508,0.139,6.071,21.644,52.903,1.116,0.026,0.231,126.584,0.787
Bangladesh,BGD,2017,162186146.0,630957812405.0,86.531,0.534,0.137,7.152,25.478,52.683,1.206,0.012,0.241,133.965,0.826
Bangladesh,BGD,2018,163523109.0,678912369102.0,86.608,0.53,0.128,8.182,24.359,52.654,1.394,0.019,0.236,139.286,0.852
Bangladesh,BGD,2019,164913060.0,717214595514.0,94.808,0.575,0.132,8.68,25.187,59.417,1.496,0.027,0.256,148.596,0.901
Bangladesh,BGD,2020,166298024.0,754358367084.0,95.729,0.576,0.127,10.549,23.636,60.126,1.39,0.028,0.272,148.633,0.894
Bangladesh,BGD,2021,167658855.0,807308397444.0,98.53,0.588,0.122,14.216,22.596,60.156,1.514,0.049,0.267,157.91,0.942
Bangladesh,BGD,2022,169384891.0,858143907016.0,102.147,0.603,0.119,16.149,25.759,58.784,1.416,0.039,0.272,166.172,0.981
Bangladesh,BGD,2023,171466986.0,,104.527,0.61,,23.837,21.608,57.634,1.416,0.031,0.274,167.859,0.979
Bangladesh,BGD,2024,173562366.0,,108.318,0.624,,26.008,24.879,55.992,1.416,0.023,0.281,,
Barbados,BRB,1990,258583.0,3404428000.0,1.037,4.011,0.305,,0.883,0.051,0.099,0.004,0.005,,
Barbados,BRB,1991,259382.0,3234507041.0,1.184,4.563,0.366,,1.037,0.044,0.099,0.004,0.005,,
Barbados,BRB,1992,260272.0,3028225649.0,1.164,4.473,0.384,,1.037,0.037,0.087,0.004,0.005,,
Barbados,BRB,1993,261036.0,3017396976.0,0.936,3.584,0.31,,0.864,0.037,0.031,0.004,0.004,,
Barbados,BRB,1994,261625.0,3045284405.0,0.94,3.593,0.309,,0.861,0.037,0.039,0.004,0.004,,
Barbados,BRB,1995,262046.0,3074994312.0,1.023,3.903,0.333,,0.949,0.033,0.037,0.004,0.004,,
Barbados,BRB,1996,262290.0,3163661977.0,1.05,4.002,0.332,,0.964,0.029,0.053,0.004,0.004,,
Barbados,BRB,1997,262405.0,3273617373.0,1.156,4.404,0.353,,1.03,0.037,0.086,0.004,0.005,,
Barbados,BRB,1998,262434.0,3356270425.0,1.228,4.678,0.366,,1.063,0.033,0.128,0.004,0.005,,
Barbados,BRB,1999,262521.0,3340959870.0,1.302,4.958,0.39,,1.129,0.044,0.126,0.004,0.005,,
Barbados,BRB,2000,262071.0,3452406154.0,1.309,4.995,0.379,,1.136,0.037,0.133,0.004,0.005,,
Barbados,BRB,2001,262429.0,3330849682.0,1.307,4.982,0.393,,1.15,0.029,0.124,0.004,0.005,,
Barbados,BRB,2002,264155.0,3319030722.0,1.317,4.985,0.397,,1.136,0.029,0.148,0.004,0.005,,
Barbados,BRB,2003,265789.0,3362359775.0,1.358,5.111,0.404,,1.172,0.029,0.153,0.004,0.005,,
Barbados,BRB,2004,267297.0,3369967163.0,1.387,5.188,0.412,,1.202,0.029,0.152,0.004,0.005,,
Barbados,BRB,2005,268717.0,3466246054.0,1.429,5.318,0.412,,1.242,0.029,0.154,0.004,0.005,,
Barbados,BRB,2006,270011.0,3622055423.0,1.471,5.448,0.406,,1.279,0.037,0.152,0.004,0.005,,
Barbados,BRB,2007,271298.0,3642717925.0,1.469,5.415,0.403,,1.282,0.037,0.15,0.0,0.005,,
Barbados,BRB,2008,272719.0,3618468400.0,1.733,6.356,0.479,,1.554,0.033,0.143,0.004,0.005,,
Barbados,BRB,2009,274137.0,3446882402.0,1.7,6.2,0.493,,1.55,0.033,0.113,0.004,0.005,,
Barbados,BRB,2010,275251.0,3418936167.0,1.567,5.692,0.458,,1.433,0.029,0.101,0.004,0.005,,
Barbados,BRB,2011,276150.0,3406690000.0,1.626,5.889,0.477,,1.491,0.033,0.098,0.004,0.005,,
Barbados,BRB,2012,276949.0,3415680000.0,1.554,5.612,0.455,,1.436,0.037,0.078,0.004,0.004,,
Barbados,BRB,2013,277669.0,3412801000.0,1.54,5.546,0.451,,1.422,0.044,0.071,0.004,0.004,,
Barbados,BRB,2014,278355.0,3416200000.0,1.368,4.913,0.4,,1.253,0.04,0.071,0.004,0.004,,
Barbados,BRB,2015,278999.0,3448059000.0,1.335,4.784,0.387,,1.224,0.037,0.071,0.004,0.004,,
Barbados,BRB,2016,279604.0,3528285767.0,1.371,4.905,0.389,,1.261,0.037,0.071,0.004,0.004,,
Barbados,BRB,2017,280177.0,3554020089.0,1.399,4.994,0.394,,1.253,0.037,0.106,0.004,0.004,,
Barbados,BRB,2018,280719.0,3526291932.0,1.447,5.154,0.41,,1.29,0.048,0.106,0.004,0.004,,
Barbados,BRB,2019,281216.0,3535586950.0,1.392,4.95,0.394,,1.238,0.044,0.106,0.004,0.004,,
Barbados,BRB,2020,281706.0,3085224475.0,1.256,4.457,0.407,,1.143,0.029,0.079,0.004,0.004,,
Barbados,BRB,2021,282157.0,3061072053.0,1.19,4.218,0.389,,1.059,0.026,0.106,0.0,0.003,,
Barbados,BRB,2022,282324.0,3408005977.0,1.315,4.658,0.386,,1.18,0.029,0.106,0.0,0.004,,
Barbados,BRB,2023,282347.0,,1.317,4.664,,,1.177,0.034,0.106,0.0,0.003,,
Barbados,BRB,2024,282476.0,,1.365,4.833,,,1.223,0.037,0.106,0.0,0.004,,
Belarus,BLR,1990,10186258.0,116974867000.0,108.459,10.648,0.927,10.192,66.944,26.589,0.985,0.007,0.477,65.456,6.426
Belarus,BLR,1991,10193889.0,114005544177.0,104.186,10.22,0.914,9.872,64.549,25.384,0.947,0.007,0.449,69.078,6.776
Belarus,BLR,1992,10217561.0,101880793628.0,93.597,9.16,0.919,8.734,47.716,33.09,0.908,0.007,0.416,47.015,4.601
Belarus,BLR,1993,10241320.0,93050209032.0,80.674,7.877,0.867,7.663,39.451,30.05,0.854,0.007,0.355,40.633,3.968
Belarus,BLR,1994,10230193.0,81212667307.0,67.99,6.646,0.837,6.312,32.582,26.765,0.63,0.007,0.296,32.492,3.176
Belarus,BLR,1995,10197466.0,71373341741.0,61.015,5.983,0.855,5.889,28.607,24.34,0.563,0.006,0.259,36.147,3.545
Belarus,BLR,1996,10164025.0,72504136402.0,61.844,6.085,0.853,5.843,27.511,26.23,0.637,0.006,0.255,50.431,4.962
Belarus,BLR,1997,10122365.0,79868071251.0,61.697,6.095,0.772,5.03,23.729,30.213,0.825,0.006,0.253,48.021,4.744
Belarus,BLR,1998,10080579.0,85602469015.0,60.184,5.97,0.703,4.777,23.02,29.595,0.914,0.006,0.248,49.902,4.95
Belarus,BLR,1999,10039221.0,87455010171.0,58.076,5.785,0.664,4.112,20.823,30.693,0.885,0.006,0.234,50.001,4.981
Belarus,BLR,2000,9991310.0,91419114455.0,55.014,5.506,0.602,4.198,17.209,31.337,0.862,0.006,0.216,41.122,4.116
Belarus,BLR,2001,9938068.0,94624119098.0,54.105,5.444,0.572,3.735,16.439,31.648,0.822,0.006,0.211,37.945,3.818
Belarus,BLR,2002,9873451.0,98263269227.0,53.944,5.464,0.549,3.227,16.129,31.999,0.982,0.006,0.205,37.969,3.846
Belarus,BLR,2003,9803175.0,103937865617.0,55.236,5.635,0.531,3.142,15.545,33.6,1.164,0.006,0.2,42.368,4.322
Belarus,BLR,2004,9735089.0,114486408721.0,58.373,5.996,0.51,2.97,15.873,36.354,1.301,0.007,0.204,43.748,4.494
Belarus,BLR,2005,9667833.0,123858071551.0,59.396,6.144,0.48,2.963,15.957,36.976,1.466,0.007,0.201,44.823,4.636
Belarus,BLR,2006,9608041.0,134673942572.0,61.809,6.433,0.459,2.892,17.94,37.419,1.572,0.007,0.202,47.573,4.951
Belarus,BLR,2007,9563135.0,144615680573.0,60.276,6.303,0.417,2.793,16.007,37.868,1.617,0.007,0.191,52.096,5.448
Belarus,BLR,2008,9529357.0,157577029170.0,62.931,6.604,0.399,2.628,17.911,38.635,1.808,0.007,0.196,54.829,5.754
Belarus,BLR,2009,9507334.0,156010272888.0,60.628,6.377,0.389,2.677,22.486,31.82,1.874,0.006,0.192,54.739,5.758
Belarus,BLR,2010,9490752.0,166239903113.0,62.515,6.587,0.376,2.901,16.326,39.553,1.97,0.006,0.188,60.031,6.325
Belarus,BLR,2011,9472738.0,173120303880.0,61.353,6.477,0.354,2.975,17.418,37.378,1.966,0.006,0.178,49.28,5.202
Belarus,BLR,2012,9463075.0,175940441074.0,62.592,6.614,0.356,5.004,17.088,36.817,2.189,0.006,0.179,70.848,7.487
Belarus,BLR,2013,9464454.0,177632980571.0,64.152,6.778,0.361,4.838,18.704,36.9,2.37,0.006,0.182,69.481,7.341
Belarus,BLR,2014,9472704.0,180627882895.0,63.699,6.725,0.353,4.634,18.383,36.594,2.653,0.006,0.18,66.804,7.052
Belarus,BLR,2015,9487289.0,173709821418.0,58.828,6.201,0.339,4.094,17.178,33.957,2.269,0.006,0.166,63.207,6.662
Belarus,BLR,2016,9499066.0,169304543676.0,58.188,6.126,0.344,3.692,17.313,33.885,2.206,0.006,0.164,66.312,6.981
Belarus,BLR,2017,9495793.0,173606575679.0,59.444,6.26,0.342,3.882,17.345,34.769,2.227,0.006,0.165,68.807,7.246
Belarus,BLR,2018,9480031.0,179054352755.0,62.171,6.558,0.347,3.964,18.139,36.813,2.163,0.006,0.169,73.3,7.732
Belarus,BLR,2019,9435415.0,181643469714.0,62.171,6.589,0.342,4.101,17.973,36.685,2.276,0.006,0.168,72.217,7.654
Belarus,BLR,2020,9350943.0,180420997693.0,59.123,6.323,0.328,3.789,17.906,34.029,2.302,0.006,0.168,66.453,7.107
Belarus,BLR,2021,9251368.0,184521985376.0,60.861,6.579,0.33,3.883,17.728,35.938,2.239,0.006,0.165,70.298,7.599
Belarus,BLR,2022,9173240.0,175773799265.0,57.121,6.227,0.325,3.812,16.216,33.846,2.279,0.006,0.152,68.328,7.449
Belarus,BLR,2023,9115679.0,,55.736,6.114,,3.462,18.351,30.622,2.34,0.006,0.146,62.548,6.862
Belarus,BLR,2024,9056696.0,,55.818,6.163,,3.427,18.468,30.622,2.34,0.006,0.145,,
Belgium,BEL,1990,9960968.0,273278713941.0,120.335,12.081,0.44,41.394,53.249,19.826,2.824,0.085,0.529,120.335,12.081
Belgium,BEL,1991,9998962.0,278686606016.0,123.396,12.341,0.443,40.122,55.934,21.596,2.88,0.084,0.532,123.396,12.341
Belgium,BEL,1992,10045988.0,283358354426.0,122.519,12.196,0.432,38.118,56.361,22.177,3.089,0.084,0.544,122.519,12.196
Belgium,BEL,1993,10084932.0,281005275818.0,121.451,12.043,0.432,36.562,55.846,23.189,3.082,0.084,0.534,121.451,12.043
Belgium,BEL,1994,10116005.0,290433135887.0,124.833,12.34,0.43,38.013,57.234,23.677,3.179,0.084,0.543,124.833,12.34
Belgium,BEL,1995,10137264.0,297763645458.0,125.969,12.426,0.423,36.955,56.621,26.284,3.255,0.084,0.536,125.969,12.426
Belgium,BEL,1996,10156972.0,302924438524.0,129.503,12.75,0.428,34.203,60.415,29.192,3.009,0.093,0.534,129.503,12.75
Belgium,BEL,1997,10181465.0,314576090803.0,124.017,12.181,0.394,31.916,58.48,27.721,3.162,0.093,0.509,124.017,12.181
Belgium,BEL,1998,10203185.0,321240211745.0,130.256,12.766,0.405,33.214,60.233,30.851,3.175,0.1,0.536,130.256,12.766
Belgium,BEL,1999,10226681.0,333121577520.0,124.719,12.195,0.374,28.931,56.9,32.957,3.113,0.11,0.502,181.19,17.717
Belgium,BEL,2000,10251719.0,345706865981.0,126.776,12.366,0.367,31.672,55.595,33.187,3.27,0.165,0.497,195.342,19.055
Belgium,BEL,2001,10287005.0,349015220419.0,126.085,12.257,0.361,28.29,58.888,32.914,2.957,0.148,0.491,195.155,18.971
Belgium,BEL,2002,10332975.0,355705534550.0,126.883,12.279,0.357,28.637,58.705,33.235,2.993,0.153,0.483,200.823,19.435
Belgium,BEL,2003,10376262.0,358937085300.0,128.292,12.364,0.357,27.766,59.396,34.973,2.933,0.111,0.464,202.268,19.493
Belgium,BEL,2004,10421298.0,372499172102.0,128.812,12.36,0.346,28.252,59.311,34.963,2.837,0.102,0.45,217.777,20.897
Belgium,BEL,2005,10478883.0,380840056202.0,125.658,11.992,0.33,26.196,57.578,35.624,2.934,0.104,0.425,213.454,20.37
Belgium,BEL,2006,10548445.0,390874955040.0,123.9,11.746,0.317,25.337,56.542,35.371,3.112,0.131,0.405,219.707,20.828
Belgium,BEL,2007,10625488.0,404721960651.0,120.493,11.34,0.298,23.158,55.086,35.621,3.087,0.115,0.383,227.072,21.37
Belgium,BEL,2008,10709711.0,408290544814.0,120.204,11.224,0.294,23.259,54.708,35.671,3.033,0.117,0.375,232.087,21.671
Belgium,BEL,2009,10812936.0,399489943721.0,107.807,9.97,0.27,15.162,50.706,36.468,2.795,0.117,0.342,192.485,17.801
Belgium,BEL,2010,10936619.0,411261674695.0,114.563,10.475,0.279,17.526,51.153,40.339,2.582,0.103,0.344,207.063,18.933
Belgium,BEL,2011,11038624.0,420934235947.0,105.159,9.526,0.25,16.689,48.22,34.572,2.762,0.093,0.305,213.914,19.379
Belgium,BEL,2012,11107522.0,424045845634.0,102.486,9.227,0.242,15.078,47.133,34.911,2.643,0.093,0.293,196.562,17.696
Belgium,BEL,2013,11160277.0,425993254852.0,102.816,9.213,0.241,15.269,47.229,35.272,2.541,0.094,0.291,206.762,18.527
Belgium,BEL,2014,11210113.0,432717694183.0,97.081,8.66,0.224,14.725,46.313,30.995,2.643,0.076,0.274,207.079,18.472
Belgium,BEL,2015,11275332.0,441551470878.0,101.327,8.987,0.229,14.381,48.237,33.812,2.348,0.088,0.286,201.643,17.884
Belgium,BEL,2016,11332707.0,447144517813.0,99.816,8.808,0.223,13.476,47.124,34.369,2.436,0.078,0.282,207.369,18.298
Belgium,BEL,2017,11376583.0,454386396677.0,99.282,8.727,0.218,13.247,46.258,35.03,2.291,0.099,0.276,203.031,17.846
Belgium,BEL,2018,11428608.0,462533269863.0,100.256,8.772,0.217,13.297,45.875,36.104,2.534,0.121,0.273,211.914,18.542
Belgium,BEL,2019,11490623.0,472897988852.0,99.799,8.685,0.211,13.156,45.341,36.224,2.819,0.116,0.269,204.481,17.795
Belgium,BEL,2020,11540102.0,447544069854.0,91.255,7.908,0.204,10.466,40.098,36.073,2.634,0.101,0.26,182.339,15.8
Belgium,BEL,2021,11570843.0,474995824355.0,94.928,8.204,0.2,11.762,42.152,36.281,2.66,0.099,0.257,201.822,17.442
Belgium,BEL,2022,11641814.0,489678394377.0,88.915,7.638,0.182,11.903,41.466,31.174,2.456,0.111,0.237,207.098,17.789
Belgium,BEL,2023,11712891.0,,84.703,7.232,,10.431,41.188,29.155,2.181,0.074,0.222,196.605,16.785
Belgium,BEL,2024,11738761.0,,85.456,7.28,,11.492,41.96,28.075,2.181,0.074,0.221,,
Belize,BLZ,1990,183090.0,,0.311,1.701,,,0.311,,0.0,,0.001,,
Belize,BLZ,1991,187056.0,,0.407,2.174,,,0.407,,0.0,,0.002,,
Belize,BLZ,1992,190995.0,,0.355,1.861,,,0.355,,0.0,,0.002,,
Belize,BLZ,1993,194916.0,,0.377,1.936,,,0.377,,0.0,,0.002,,
Belize,BLZ,1994,199101.0,,0.374,1.877,,,0.374,,0.0,0.0,0.002,,
Belize,BLZ,1995,204165.0,,0.377,1.848,,,0.377,,0.0,0.0,0.002,,
Belize,BLZ,1996,210321.0,,0.308,1.463,,,0.308,,0.0,0.0,0.001,,
Belize,BLZ,1997,217459.0,,0.388,1.786,,,0.388,,0.0,0.0,0.002,,
Belize,BLZ,1998,225186.0,,0.37,1.643,,,0.37,,0.0,0.0,0.002,,
Belize,BLZ,1999,233066.0,,0.348,1.493,,,0.348,,0.0,0.0,0.001,,
Belize,BLZ,2000,240809.0,,0.396,1.643,,,0.396,,0.0,0.0,0.002,,
Belize,BLZ,2001,248393.0,,0.447,1.8,,,0.447,,0.0,0.0,0.002,,
Belize,BLZ,2002,256019.0,,0.432,1.689,,,0.432,,0.0,0.0,0.002,,
Belize,BLZ,2003,263794.0,,0.432,1.639,,,0.432,,0.0,0.0,0.002,,
Belize,BLZ,2004,271695.0,,0.392,1.443,,,0.392,,0.0,0.0,0.001,,
Belize,BLZ,2005,279747.0,,0.418,1.493,,,0.418,,0.0,0.0,0.001,,
Belize,BLZ,2006,287889.0,,0.443,1.54,,,0.443,,0.0,0.0,0.001,,
Belize,BLZ,2007,296117.0,,0.473,1.596,,,0.473,,0.0,0.0,0.002,,
Belize,BLZ,2008,304373.0,,0.432,1.42,,,0.432,,0.0,0.0,0.001,,
Belize,BLZ,2009,312619.0,,0.513,1.641,,,0.513,,0.0,0.0,0.002,,
Belize,BLZ,2010,320256.0,,0.539,1.682,,,0.528,0.011,0.0,0.0,0.002,,
Belize,BLZ,2011,327306.0,,0.572,1.746,,,0.561,0.011,0.0,0.0,0.002,,
Belize,BLZ,2012,334421.0,,0.473,1.413,,,0.465,0.007,0.0,0.0,0.001,,
Belize,BLZ,2013,341635.0,,0.473,1.384,,,0.469,0.004,0.0,0.0,0.001,,
Belize,BLZ,2014,348934.0,,0.502,1.439,,,0.498,0.004,0.0,0.0,0.001,,
Belize,BLZ,2015,356341.0,,0.685,1.923,,,0.682,0.004,0.0,0.0,0.002,,
Belize,BLZ,2016,364717.0,,0.674,1.848,,,0.671,0.004,0.0,0.0,0.002,,
Belize,BLZ,2017,373215.0,,0.667,1.787,,,0.663,0.004,0.0,0.0,0.002,,
Belize,BLZ,2018,380232.0,,0.66,1.735,,,0.656,0.004,0.0,0.0,0.002,,
Belize,BLZ,2019,385833.0,,0.769,1.994,,,0.769,0.0,0.0,0.0,0.002,,
Belize,BLZ,2020,390819.0,,0.654,1.672,,,0.652,0.0,0.0,0.001,0.002,,
Belize,BLZ,2021,395355.0,,0.694,1.754,,,0.689,,0.0,0.005,0.002,,
Belize,BLZ,2022,402741.0,,0.724,1.797,,,0.718,,0.0,0.006,0.002,,
Belize,BLZ,2023,411112.0,,0.766,1.864,,,0.761,,0.0,0.005,0.002,,
Belize,BLZ,2024,417077.0,,0.796,1.909,,,0.791,,0.0,0.005,0.002,,
Benin,BEN,1990,5281482.0,8723574620.0,0.579,0.11,0.066,,0.506,,0.074,,0.003,1.054,0.2
Benin,BEN,1991,5446935.0,9020546630.0,0.62,0.114,0.069,,0.546,,0.074,,0.003,1.105,0.203
Benin,BEN,1992,5617847.0,9209668142.0,0.671,0.119,0.073,,0.597,,0.074,,0.003,1.148,0.204
Benin,BEN,1993,5872707.0,9663859223.0,0.807,0.137,0.084,,0.729,,0.078,,0.004,1.271,0.216
Benin,BEN,1994,6096510.0,9706566478.0,0.912,0.15,0.094,,0.846,,0.065,0.0,0.004,1.463,0.24
Benin,BEN,1995,6226775.0,10500460878.0,0.956,0.154,0.091,,0.876,,0.081,0.0,0.004,1.555,0.25
Benin,BEN,1996,6391861.0,10810469226.0,1.184,0.185,0.11,,1.118,,0.066,0.0,0.005,1.999,0.313
Benin,BEN,1997,6583375.0,11307899196.0,1.224,0.186,0.108,,1.147,,0.077,0.0,0.005,2.097,0.318
Benin,BEN,1998,6789492.0,11647427795.0,1.114,0.164,0.096,,1.114,,0.0,0.0,0.005,1.976,0.291
Benin,BEN,1999,7002818.0,12157431164.0,1.462,0.209,0.12,,1.462,,0.0,0.0,0.006,1.95,0.278
Benin,BEN,2000,7221618.0,12746225376.0,1.473,0.204,0.116,,1.473,,0.0,0.0,0.006,2.309,0.32
Benin,BEN,2001,7445599.0,13306904218.0,1.689,0.227,0.127,,1.689,,0.0,0.0,0.007,2.784,0.374
Benin,BEN,2002,7675430.0,13793055302.0,2.11,0.275,0.153,,1.953,,0.157,0.0,0.008,3.104,0.404
Benin,BEN,2003,7913074.0,14127733603.0,2.394,0.303,0.169,,2.228,,0.166,0.0,0.009,4.215,0.533
Benin,BEN,2004,8159098.0,14599811664.0,2.594,0.318,0.178,,2.382,,0.212,0.0,0.009,3.923,0.481
Benin,BEN,2005,8426145.0,14703566396.0,2.49,0.295,0.169,,2.268,,0.222,0.0,0.008,4.197,0.498
Benin,BEN,2006,8693243.0,15130030225.0,3.351,0.385,0.221,,3.125,,0.226,0.0,0.011,6.507,0.749
Benin,BEN,2007,8953973.0,15874980420.0,3.931,0.439,0.248,,3.719,,0.212,0.0,0.012,7.429,0.83
Benin,BEN,2008,9228468.0,16519715795.0,3.919,0.425,0.237,,3.737,,0.182,0.0,0.012,8.506,0.922
Benin,BEN,2009,9509431.0,16780073808.0,4.225,0.444,0.252,,4.001,,0.223,0.0,0.013,6.817,0.717
Benin,BEN,2010,9797488.0,17023196060.0,4.679,0.478,0.275,,4.437,,0.242,0.0,0.014,7.584,0.774
Benin,BEN,2011,10093626.0,17416238625.0,4.48,0.444,0.257,,4.247,,0.233,0.0,0.013,9.009,0.893
Benin,BEN,2012,10397659.0,18305935000.0,4.403,0.423,0.24,,4.166,,0.237,0.0,0.013,7.617,0.733
Benin,BEN,2013,10708831.0,19651418479.0,4.566,0.426,0.232,,4.331,0.022,0.213,0.0,0.013,9.164,0.856
Benin,BEN,2014,11030008.0,21043177203.0,4.774,0.433,0.227,0.165,4.338,0.055,0.216,0.0,0.013,8.365,0.758
Benin,BEN,2015,11360681.0,22279707949.0,5.318,0.468,0.239,0.099,4.943,0.062,0.214,0.0,0.015,8.35,0.735
Benin,BEN,2016,11697845.0,23134706997.0,5.311,0.454,0.23,0.187,4.91,0.004,0.21,0.0,0.015,7.68,0.657
Benin,BEN,2017,12039777.0,24568275710.0,5.555,0.461,0.226,0.176,5.056,0.11,0.213,0.0,0.015,7.641,0.635
Benin,BEN,2018,12383349.0,26346543293.0,5.668,0.458,0.215,0.0,5.24,0.037,0.392,0.0,0.015,7.407,0.598
Benin,BEN,2019,12726760.0,28155410176.0,5.273,0.414,0.187,0.238,4.525,0.106,0.403,0.0,0.014,6.934,0.545
Benin,BEN,2020,13070169.0,29239039610.0,5.541,0.424,0.19,0.256,4.547,0.319,0.419,0.0,0.016,7.462,0.571
Benin,BEN,2021,13413423.0,31331235336.0,5.806,0.433,0.185,0.293,4.711,0.352,0.45,0.0,0.016,8.075,0.602
Benin,BEN,2022,13759507.0,33290362034.0,6.092,0.443,0.183,0.348,4.974,0.305,0.465,0.0,0.016,8.597,0.625
Benin,BEN,2023,14111035.0,,5.928,0.42,,0.405,4.756,0.302,0.465,0.0,0.016,8.434,0.598
Benin,BEN,2024,14462721.0,,6.066,0.419,,0.332,4.942,0.327,0.465,0.0,0.016,,
Bermuda,BMU,1990,57584.0,,0.502,8.717,,,0.502,,0.0,,0.002,,
Bermuda,BMU,1991,58007.0,,0.539,9.285,,,0.539,,0.0,,0.002,,
Bermuda,BMU,1992,58430.0,,0.462,7.901,,,0.462,,0.0,,0.002,,
Bermuda,BMU,1993,58834.0,,0.539,9.155,,,0.539,,0.0,,0.002,,
Bermuda,BMU,1994,59214.0,,0.531,8.972,,,0.531,,0.0,0.0,0.002,,
Bermuda,BMU,1995,59549.0,,0.531,8.922,,,0.531,,0.0,0.0,0.002,,
Bermuda,BMU,1996,59836.0,,0.528,8.818,,,0.528,,0.0,0.0,0.002,,
Bermuda,BMU,1997,60194.0,,0.524,8.704,,,0.524,,0.0,0.0,0.002,,
Bermuda,BMU,1998,60659.0,,0.52,8.577,,,0.52,,0.0,0.0,0.002,,
Bermuda,BMU,1999,61142.0,,0.513,8.39,,,0.513,,0.0,0.0,0.002,,
Bermuda,BMU,2000,61569.0,,0.517,8.391,,,0.517,,0.0,0.0,0.002,,
Bermuda,BMU,2001,61887.0,,0.528,8.525,,,0.528,,0.0,0.0,0.002,,
Bermuda,BMU,2002,62163.0,,0.557,8.959,,,0.557,,0.0,0.0,0.002,,
Bermuda,BMU,2003,62405.0,,0.561,8.983,,,0.561,,0.0,0.0,0.002,,
Bermuda,BMU,2004,62576.0,,0.583,9.31,,,0.583,,0.0,0.0,0.002,,
Bermuda,BMU,2005,62730.0,,0.583,9.287,,,0.583,,0.0,0.0,0.002,,
Bermuda,BMU,2006,62855.0,,0.656,10.434,,,0.656,,0.0,0.0,0.002,,
Bermuda,BMU,2007,63030.0,,0.729,11.568,,,0.729,,0.0,0.0,0.002,,
Bermuda,BMU,2008,63319.0,,0.645,10.184,,,0.645,,0.0,0.0,0.002,,
Bermuda,BMU,2009,63587.0,,0.473,7.433,,0.0,0.473,,0.0,0.0,0.001,,
Bermuda,BMU,2010,63748.0,,0.605,9.484,,0.0,0.605,,0.0,0.0,0.002,,
Bermuda,BMU,2011,63753.0,,0.443,6.954,,0.0,0.443,,0.0,0.0,0.001,,
Bermuda,BMU,2012,63665.0,,0.366,5.755,,0.0,0.366,,0.0,0.0,0.001,,
Bermuda,BMU,2013,63593.0,,0.535,8.412,,0.0,0.535,,0.0,0.0,0.002,,
Bermuda,BMU,2014,63551.0,,0.667,10.493,,0.0,0.667,,0.0,0.0,0.002,,
Bermuda,BMU,2015,63482.0,,0.542,8.542,,0.0,0.542,,0.0,0.0,0.002,,
Bermuda,BMU,2016,63466.0,,0.616,9.699,,0.0,0.616,,0.0,0.0,0.002,,
Bermuda,BMU,2017,63603.0,,0.641,10.081,,0.0,0.641,,0.0,0.0,0.002,,
Bermuda,BMU,2018,63852.0,,0.696,10.903,,0.0,0.696,,0.0,0.0,0.002,,
Bermuda,BMU,2019,64130.0,,0.594,9.256,,0.0,0.594,,0.0,0.0,0.002,,
Bermuda,BMU,2020,64404.0,,0.436,6.77,,0.0,0.436,,0.0,0.0,0.001,,
Bermuda,BMU,2021,64672.0,,0.517,7.988,,0.0,0.517,,0.0,0.0,0.001,,
Bermuda,BMU,2022,64772.0,,0.531,8.194,,0.0,0.531,,0.0,0.0,0.001,,
Bermuda,BMU,2023,64721.0,,0.53,8.184,,0.0,0.53,,0.0,0.0,0.001,,
Bermuda,BMU,2024,64660.0,,0.55,8.506,,0.0,0.55,,0.0,0.0,0.001,,
Bhutan,BTN,1990,589295.0,,0.186,0.315,,0.048,0.081,,0.057,,0.001,,
Bhutan,BTN,1991,599789.0,,0.186,0.31,,0.048,0.081,,0.057,,0.001,,
Bhutan,BTN,1992,577780.0,,0.215,0.372,,0.081,0.077,,0.058,,0.001,,
Bhutan,BTN,1993,554680.0,,0.182,0.328,,0.044,0.084,,0.054,,0.001,,
Bhutan,BTN,1994,554509.0,,0.212,0.383,,0.063,0.09,,0.06,0.0,0.001,,
Bhutan,BTN,1995,547995.0,,0.249,0.454,,0.077,0.103,,0.069,0.0,0.001,,
Bhutan,BTN,1996,548792.0,,0.298,0.544,,0.093,0.126,,0.079,0.0,0.001,,
Bhutan,BTN,1997,558698.0,,0.39,0.698,,0.189,0.122,,0.079,0.0,0.002,,
Bhutan,BTN,1998,569439.0,,0.385,0.676,,0.181,0.129,,0.074,0.0,0.002,,
Bhutan,BTN,1999,582589.0,,0.386,0.662,,0.176,0.136,,0.074,0.0,0.002,,
Bhutan,BTN,2000,596871.0,,0.397,0.665,,0.176,0.147,,0.074,0.0,0.002,,
Bhutan,BTN,2001,610801.0,,0.464,0.759,,0.225,0.159,,0.079,0.0,0.002,,
Bhutan,BTN,2002,624417.0,,0.494,0.791,,0.247,0.167,,0.079,0.0,0.002,,
Bhutan,BTN,2003,637667.0,,0.494,0.775,,0.229,0.185,,0.079,0.0,0.002,,
Bhutan,BTN,2004,650559.0,,0.436,0.67,,0.158,0.194,,0.084,0.0,0.002,,
Bhutan,BTN,2005,661875.0,,0.546,0.825,,0.253,0.209,,0.084,0.0,0.002,,
Bhutan,BTN,2006,670803.0,,0.411,0.613,,0.104,0.218,,0.089,0.0,0.001,,
Bhutan,BTN,2007,678643.0,,0.397,0.585,,0.084,0.224,,0.089,0.0,0.001,,
Bhutan,BTN,2008,686359.0,,0.646,0.942,,0.337,0.22,,0.089,0.0,0.002,,
Bhutan,BTN,2009,693994.0,,0.683,0.984,,0.348,0.245,,0.089,0.0,0.002,,
Bhutan,BTN,2010,701638.0,,0.905,1.291,,0.495,0.311,,0.099,0.0,0.003,,
Bhutan,BTN,2011,709387.0,,1.007,1.419,,0.37,0.366,,0.27,0.0,0.003,,
Bhutan,BTN,2012,717288.0,,1.15,1.603,,0.449,0.442,,0.259,0.0,0.003,,
Bhutan,BTN,2013,725282.0,,1.269,1.75,,0.542,0.443,,0.283,0.0,0.004,,
Bhutan,BTN,2014,733151.0,,1.332,1.817,,0.557,0.432,,0.343,0.0,0.004,,
Bhutan,BTN,2015,740623.0,,1.434,1.936,,0.59,0.451,,0.393,0.0,0.004,,
Bhutan,BTN,2016,747878.0,,1.56,2.086,,0.614,0.479,,0.467,0.0,0.004,,
Bhutan,BTN,2017,754343.0,,1.649,2.186,,0.689,0.517,,0.444,0.0,0.005,,
Bhutan,BTN,2018,759766.0,,1.682,2.214,,0.627,0.564,,0.491,0.0,0.005,,
Bhutan,BTN,2019,764830.0,,1.565,2.046,,0.528,0.575,,0.462,0.0,0.004,,
Bhutan,BTN,2020,770013.0,,1.214,1.576,,0.486,0.405,,0.323,0.0,0.003,,
Bhutan,BTN,2021,775450.0,,1.455,1.876,,0.703,0.41,,0.341,0.0,0.004,,
Bhutan,BTN,2022,780921.0,,1.55,1.984,,0.758,0.478,,0.314,0.0,0.004,,
Bhutan,BTN,2023,786386.0,,1.63,2.072,,0.841,0.475,,0.314,0.0,0.004,,
Bhutan,BTN,2024,791530.0,,1.657,2.094,,0.847,0.497,,0.314,0.0,0.004,,
Bolivia,BOL,1990,7130143.0,23021797458.0,10.018,1.405,0.435,,3.265,1.436,0.264,5.053,0.044,8.351,1.171
Bolivia,BOL,1991,7280294.0,24300991136.0,10.506,1.443,0.432,,3.283,1.506,0.276,5.441,0.045,8.904,1.223
Bolivia,BOL,1992,7430337.0,24762215565.0,11.025,1.484,0.445,,3.408,1.821,0.304,5.492,0.049,9.602,1.292
Bolivia,BOL,1993,7579196.0,25872205207.0,11.562,1.525,0.447,,3.697,1.88,0.335,5.65,0.051,10.109,1.334
Bolivia,BOL,1994,7727320.0,27129137815.0,9.65,1.249,0.356,,4.173,2.206,0.361,2.909,0.042,8.325,1.077
Bolivia,BOL,1995,7874676.0,28456929800.0,9.029,1.147,0.317,,5.023,2.451,0.414,1.14,0.038,7.8,0.991
Bolivia,BOL,1996,8021742.0,29770158709.0,10.027,1.25,0.337,,5.474,3.1,0.417,1.037,0.041,8.712,1.086
Bolivia,BOL,1997,8167911.0,31321344983.0,11.733,1.436,0.375,,5.787,3.74,0.483,1.723,0.048,10.352,1.267
Bolivia,BOL,1998,8313400.0,32973947605.0,11.264,1.355,0.342,,6.595,3.199,0.536,0.934,0.046,10.552,1.269
Bolivia,BOL,1999,8459810.0,33199090219.0,10.95,1.294,0.33,,6.037,3.449,0.55,0.914,0.044,11.136,1.316
Bolivia,BOL,2000,8606330.0,34126236477.0,8.442,0.981,0.247,,4.833,2.415,0.489,0.705,0.033,8.644,1.004
Bolivia,BOL,2001,8752740.0,34794954024.0,8.752,1.0,0.252,,5.21,2.605,0.446,0.491,0.034,8.856,1.012
Bolivia,BOL,2002,8900358.0,35770128530.0,10.415,1.17,0.291,,5.067,4.382,0.456,0.51,0.04,10.683,1.2
Bolivia,BOL,2003,9050703.0,36849589696.0,10.983,1.214,0.298,,6.002,3.946,0.51,0.525,0.04,10.063,1.112
Bolivia,BOL,2004,9204297.0,38518211935.0,11.051,1.201,0.287,,6.199,3.891,0.568,0.392,0.039,9.756,1.06
Bolivia,BOL,2005,9360758.0,40366066215.0,12.337,1.318,0.306,,6.984,4.408,0.637,0.309,0.042,10.45,1.116
Bolivia,BOL,2006,9521685.0,42467223163.0,12.369,1.299,0.291,,6.797,4.646,0.728,0.198,0.04,10.758,1.13
Bolivia,BOL,2007,9685960.0,44577390720.0,12.74,1.315,0.286,,7.636,4.192,0.766,0.146,0.04,11.286,1.165
Bolivia,BOL,2008,9850859.0,47500614555.0,13.028,1.322,0.274,,7.548,4.459,0.865,0.155,0.041,11.9,1.208
Bolivia,BOL,2009,10016279.0,49290119749.0,13.633,1.361,0.277,,7.464,4.987,1.006,0.177,0.043,13.728,1.371
Bolivia,BOL,2010,10182345.0,51541502268.0,14.809,1.454,0.287,,7.944,5.676,1.043,0.146,0.044,14.48,1.422
Bolivia,BOL,2011,10348931.0,54437027542.0,16.051,1.551,0.295,0.004,8.398,6.372,1.145,0.133,0.047,16.102,1.556
Bolivia,BOL,2012,10515814.0,57225289193.0,17.575,1.671,0.307,0.0,9.702,6.654,1.099,0.119,0.05,17.09,1.625
Bolivia,BOL,2013,10682612.0,61114326124.0,17.778,1.664,0.291,0.004,9.695,6.786,1.208,0.086,0.05,18.433,1.725
Bolivia,BOL,2014,10848889.0,64451770571.0,19.9,1.834,0.309,0.011,10.869,7.597,1.329,0.095,0.056,21.386,1.971
Bolivia,BOL,2015,11014707.0,67582198248.0,19.9,1.807,0.294,0.015,10.765,7.639,1.381,0.1,0.056,21.506,1.952
Bolivia,BOL,2016,11180020.0,70463901130.0,21.25,1.901,0.302,0.015,11.223,8.519,1.434,0.06,0.06,22.197,1.985
Bolivia,BOL,2017,11344591.0,73419862854.0,22.182,1.955,0.302,0.022,12.044,8.629,1.438,0.05,0.062,23.213,2.046
Bolivia,BOL,2018,11508370.0,76521114837.0,22.509,1.956,0.294,0.018,12.241,8.702,1.496,0.051,0.061,23.259,2.021
Bolivia,BOL,2019,11671386.0,78217588630.0,22.609,1.937,0.289,0.022,12.861,8.119,1.553,0.054,0.061,23.488,2.012
Bolivia,BOL,2020,11816301.0,71382934039.0,18.32,1.55,0.257,0.007,10.336,6.61,1.277,0.09,0.052,19.942,1.688
Bolivia,BOL,2021,11937369.0,75741579784.0,21.767,1.823,0.287,0.022,12.729,7.519,1.436,0.061,0.059,22.953,1.923
Bolivia,BOL,2022,12077156.0,78165311428.0,23.488,1.945,0.3,0.022,13.76,8.081,1.548,0.077,0.063,24.078,1.994
Bolivia,BOL,2023,12244161.0,,24.621,2.011,,0.024,13.975,8.961,1.583,0.076,0.065,25.628,2.093
Bolivia,BOL,2024,12413318.0,,28.709,2.313,,0.025,14.533,12.413,1.616,0.122,0.074,,
Bonaire Sint Eustatius and Saba,BES,1990,12958.0,,0.089,6.906,,0.0,0.089,0.0,0.0,0.0,0.0,,
Bonaire Sint Eustatius and Saba,BES,1991,13070.0,,0.071,5.464,,0.0,0.071,0.0,0.0,0.0,0.0,,
Bonaire Sint Eustatius and Saba,BES,1992,13186.0,,0.059,4.462,,0.0,0.059,0.0,0.0,0.0,0.0,,
Bonaire Sint Eustatius and Saba,BES,1993,13297.0,,0.091,6.83,,0.0,0.091,0.0,0.0,0.0,0.0,,
Bonaire Sint Eustatius and Saba,BES,1994,13407.0,,0.087,6.495,,0.0,0.087,0.0,0.0,0.0,0.0,,
Bonaire Sint Eustatius and Saba,BES,1995,13531.0,,0.086,6.368,,0.0,0.086,0.0,0.0,0.0,0.0,,
Bonaire Sint Eustatius and Saba,BES,1996,13670.0,,0.081,5.896,,0.0,0.081,0.0,0.0,0.0,0.0,,
Bonaire Sint Eustatius and Saba,BES,1997,13812.0,,0.084,6.107,,0.0,0.084,0.0,0.0,0.0,0.0,,
Bonaire Sint Eustatius and Saba,BES,1998,13959.0,,0.005,0.334,,0.0,0.005,0.0,0.0,0.0,0.0,,
Bonaire Sint Eustatius and Saba,BES,1999,14101.0,,0.035,2.474,,0.0,0.035,0.0,0.0,0.0,0.0,,
Bonaire Sint Eustatius and Saba,BES,2000,14256.0,,0.093,6.494,,0.0,0.093,0.0,0.0,0.0,0.0,,
Bonaire Sint Eustatius and Saba,BES,2001,14526.0,,0.094,6.49,,0.0,0.094,0.0,0.0,0.0,0.0,,
Bonaire Sint Eustatius and Saba,BES,2002,15033.0,,0.091,6.046,,0.0,0.091,0.0,0.0,0.0,0.0,,
Bonaire Sint Eustatius and Saba,BES,2003,15666.0,,0.091,5.805,,0.0,0.091,0.0,0.0,0.0,0.0,,
Bonaire Sint Eustatius and Saba,BES,2004,16330.0,,0.095,5.843,,0.0,0.095,0.0,0.0,0.0,0.0,,
Bonaire Sint Eustatius and Saba,BES,2005,17002.0,,0.095,5.562,,0.0,0.095,0.0,0.0,0.0,0.0,,
Bonaire Sint Eustatius and Saba,BES,2006,17701.0,,0.099,5.568,,0.0,0.099,0.0,0.0,0.0,0.0,,
Bonaire Sint Eustatius and Saba,BES,2007,18408.0,,0.111,6.028,,0.0,0.111,0.0,0.0,0.0,0.0,,
Bonaire Sint Eustatius and Saba,BES,2008,19118.0,,0.107,5.583,,0.0,0.107,0.0,0.0,0.0,0.0,,
Bonaire Sint Eustatius and Saba,BES,2009,19847.0,,0.109,5.502,,0.0,0.109,0.0,0.0,0.0,0.0,,
Bonaire Sint Eustatius and Saba,BES,2010,20583.0,,0.075,3.655,,0.0,0.075,0.0,0.0,0.0,0.0,,
Bonaire Sint Eustatius and Saba,BES,2011,21650.0,,0.096,4.432,,0.0,0.096,0.0,0.0,0.0,0.0,,
Bonaire Sint Eustatius and Saba,BES,2012,22847.0,,0.117,5.132,,,0.117,,0.0,0.0,0.0,,
Bonaire Sint Eustatius and Saba,BES,2013,23835.0,,0.114,4.765,,,0.114,,0.0,0.0,0.0,,
Bonaire Sint Eustatius and Saba,BES,2014,24491.0,,0.117,4.787,,,0.117,,0.0,0.0,0.0,,
Bonaire Sint Eustatius and Saba,BES,2015,24638.0,,0.128,5.205,,,0.128,,0.0,0.0,0.0,,
Bonaire Sint Eustatius and Saba,BES,2016,24567.0,,0.132,5.369,,,0.132,,0.0,0.0,0.0,,
Bonaire Sint Eustatius and Saba,BES,2017,24821.0,,0.139,5.609,,,0.139,,0.0,0.0,0.0,,
Bonaire Sint Eustatius and Saba,BES,2018,25184.0,,0.132,5.238,,,0.132,,0.0,0.0,0.0,,
Bonaire Sint Eustatius and Saba,BES,2019,25652.0,,0.139,5.428,,,0.139,,0.0,0.0,0.0,,
Bonaire Sint Eustatius and Saba,BES,2020,26476.0,,0.132,4.982,,,0.132,,0.0,0.0,0.0,,
Bonaire Sint Eustatius and Saba,BES,2021,27347.0,,0.139,5.091,,,0.139,,0.0,0.0,0.0,,
Bonaire Sint Eustatius and Saba,BES,2022,28654.0,,0.147,5.115,,,0.147,,0.0,0.0,0.0,,
Bonaire Sint Eustatius and Saba,BES,2023,29920.0,,0.146,4.889,,,0.146,,0.0,0.0,0.0,,
Bonaire Sint Eustatius and Saba,BES,2024,30699.0,,0.152,4.947,,,0.152,,0.0,0.0,0.0,,
Bosnia and Herzegovina,BIH,1990,4448658.0,26068545854.0,19.872,4.467,0.762,15.937,3.02,0.783,0.098,0.033,0.087,,
Bosnia and Herzegovina,BIH,1991,4458350.0,22759463465.0,14.06,3.154,0.618,10.404,2.79,0.743,0.101,0.022,0.061,,
Bosnia and Herzegovina,BIH,1992,4234620.0,16213891161.0,15.029,3.549,0.927,12.586,1.594,0.788,0.061,,0.067,,
Bosnia and Herzegovina,BIH,1993,3904484.0,11077007356.0,12.581,3.222,1.136,10.908,1.345,0.267,0.061,,0.055,,
Bosnia and Herzegovina,BIH,1994,3725412.0,11242944737.0,3.205,0.86,0.285,1.175,1.61,0.322,0.098,0.0,0.014,,
Bosnia and Herzegovina,BIH,1995,3715565.0,11770817203.0,3.406,0.917,0.289,1.378,1.656,0.282,0.09,0.0,0.014,,
Bosnia and Herzegovina,BIH,1996,3875246.0,17934743605.0,4.24,1.094,0.236,1.999,1.709,0.473,0.059,0.0,0.017,,
Bosnia and Herzegovina,BIH,1997,4018228.0,21766878558.0,8.366,2.082,0.384,6.243,1.762,0.282,0.078,0.0,0.034,,
Bosnia and Herzegovina,BIH,1998,4089357.0,24470419886.0,10.551,2.58,0.431,7.958,2.154,0.322,0.116,0.0,0.043,,
Bosnia and Herzegovina,BIH,1999,4130312.0,26775071100.0,10.333,2.502,0.386,7.757,2.132,0.33,0.114,0.0,0.042,,
Bosnia and Herzegovina,BIH,2000,4159785.0,27629709487.0,13.702,3.294,0.496,9.706,3.301,0.458,0.237,0.0,0.054,,
Bosnia and Herzegovina,BIH,2001,4179446.0,27937499205.0,13.263,3.173,0.475,9.453,3.246,0.3,0.263,0.0,0.052,,
Bosnia and Herzegovina,BIH,2002,4188006.0,28997438498.0,14.173,3.384,0.489,10.453,3.1,0.282,0.337,0.0,0.054,,
Bosnia and Herzegovina,BIH,2003,4178523.0,29748999379.0,14.358,3.436,0.483,10.812,2.851,0.37,0.325,0.0,0.052,,
Bosnia and Herzegovina,BIH,2004,4140990.0,31229543774.0,15.462,3.734,0.495,11.091,3.404,0.583,0.385,0.0,0.054,,
Bosnia and Herzegovina,BIH,2005,4096493.0,32159580501.0,16.046,3.917,0.499,11.85,3.136,0.692,0.368,0.0,0.054,,
Bosnia and Herzegovina,BIH,2006,4063269.0,33580206309.0,17.387,4.279,0.518,12.895,3.315,0.729,0.448,0.0,0.057,,
Bosnia and Herzegovina,BIH,2007,4013420.0,35158268243.0,17.474,4.354,0.497,12.688,3.543,0.769,0.473,0.0,0.055,,
Bosnia and Herzegovina,BIH,2008,3947545.0,36676627730.0,19.955,5.055,0.544,14.573,4.099,0.762,0.521,0.0,0.062,,
Bosnia and Herzegovina,BIH,2009,3879798.0,35937393954.0,20.537,5.293,0.571,15.319,4.397,0.436,0.385,0.0,0.065,,
Bosnia and Herzegovina,BIH,2010,3811480.0,35774435069.0,21.146,5.548,0.591,15.87,4.458,0.458,0.36,0.0,0.063,,
Bosnia and Herzegovina,BIH,2011,3741799.0,35664062419.0,23.765,6.351,0.666,18.488,4.419,0.52,0.337,0.0,0.069,,
Bosnia and Herzegovina,BIH,2012,3670109.0,35371051813.0,22.138,6.032,0.626,17.235,4.107,0.48,0.315,0.0,0.063,,
Bosnia and Herzegovina,BIH,2013,3610857.0,36202157063.0,21.801,6.038,0.602,17.086,4.004,0.374,0.337,0.0,0.062,,
Bosnia and Herzegovina,BIH,2014,3564831.0,36619951250.0,19.312,5.417,0.527,14.55,4.093,0.348,0.321,0.0,0.054,,
Bosnia and Herzegovina,BIH,2015,3518541.0,38199900995.0,18.46,5.247,0.483,13.491,4.254,0.407,0.309,0.0,0.052,,
Bosnia and Herzegovina,BIH,2016,3472997.0,39438504839.0,21.734,6.258,0.551,16.155,4.836,0.421,0.322,0.0,0.061,,
Bosnia and Herzegovina,BIH,2017,3428684.0,40717914490.0,22.153,6.461,0.544,16.455,4.891,0.458,0.348,0.0,0.062,,
Bosnia and Herzegovina,BIH,2018,3386999.0,42277004927.0,22.079,6.519,0.522,16.604,4.639,0.454,0.381,0.0,0.06,,
Bosnia and Herzegovina,BIH,2019,3345532.0,43497123759.0,20.81,6.22,0.478,15.334,4.683,0.429,0.365,0.0,0.056,,
Bosnia and Herzegovina,BIH,2020,3299352.0,42185625323.0,20.832,6.314,0.494,15.722,4.287,0.392,0.431,0.0,0.059,,
Bosnia and Herzegovina,BIH,2021,3244912.0,45303796505.0,21.268,6.554,0.469,15.564,4.812,0.473,0.42,0.0,0.058,,
Bosnia and Herzegovina,BIH,2022,3204802.0,47069138435.0,20.743,6.472,0.441,15.192,4.708,0.461,0.382,0.0,0.055,,
Bosnia and Herzegovina,BIH,2023,3185072.0,,19.881,6.242,,14.389,4.647,0.462,0.382,0.0,0.052,,
Bosnia and Herzegovina,BIH,2024,3164256.0,,19.426,6.139,,13.869,4.724,0.451,0.382,0.0,0.05,,
Botswana,BWA,1990,1305699.0,6660711722.0,2.7,2.068,0.405,1.748,0.953,0.0,,,0.012,2.7,2.068
Botswana,BWA,1991,1341767.0,7315023272.0,2.634,1.963,0.36,1.718,0.916,0.0,,,0.011,2.634,1.963
Botswana,BWA,1992,1380038.0,7702501132.0,2.777,2.012,0.361,1.943,0.834,0.0,,,0.012,2.777,2.012
Botswana,BWA,1993,1420120.0,8026901258.0,3.195,2.25,0.398,1.924,1.271,0.0,,,0.014,3.195,2.25
Botswana,BWA,1994,1460030.0,8505234702.0,3.03,2.075,0.356,1.953,1.077,0.0,,0.0,0.013,3.03,2.075
Botswana,BWA,1995,1498842.0,9306926237.0,3.045,2.031,0.327,1.975,1.07,0.0,,0.0,0.013,3.045,2.031
Botswana,BWA,1996,1535917.0,10069439768.0,2.755,1.794,0.274,1.587,1.169,0.0,,0.0,0.011,2.755,1.794
Botswana,BWA,1997,1571700.0,11122733889.0,2.799,1.781,0.252,1.7,1.099,0.0,,0.0,0.011,2.799,1.781
Botswana,BWA,1998,1606906.0,11452605950.0,3.342,2.08,0.292,2.023,1.319,0.0,,0.0,0.014,3.342,2.08
Botswana,BWA,1999,1642006.0,12841571074.0,3.158,1.923,0.246,1.594,1.565,0.0,,0.0,0.013,3.158,1.923
Botswana,BWA,2000,1677384.0,13391002424.0,3.778,2.252,0.282,2.052,1.726,0.0,,0.0,0.015,3.26,1.944
Botswana,BWA,2001,1712264.0,13725120137.0,3.847,2.247,0.28,2.004,1.843,0.0,,0.0,0.015,3.096,1.808
Botswana,BWA,2002,1744765.0,14885467195.0,3.975,2.278,0.267,2.088,1.887,0.0,,0.0,0.015,5.682,3.256
Botswana,BWA,2003,1775744.0,15922248755.0,3.825,2.154,0.24,1.803,2.023,0.0,,0.0,0.014,2.761,1.555
Botswana,BWA,2004,1807153.0,16720998899.0,3.895,2.155,0.233,1.982,1.913,0.0,,0.0,0.014,2.808,1.554
Botswana,BWA,2005,1839881.0,17874650435.0,4.096,2.226,0.229,2.142,1.955,0.0,,0.0,0.014,2.837,1.542
Botswana,BWA,2006,1874526.0,19804034564.0,4.133,2.205,0.209,2.09,2.043,0.0,,0.0,0.014,3.458,1.844
Botswana,BWA,2007,1911200.0,21924081026.0,4.228,2.212,0.193,1.935,2.294,0.0,,0.0,0.013,3.667,1.919
Botswana,BWA,2008,1949973.0,23814412331.0,4.503,2.309,0.189,1.953,2.55,0.0,,0.0,0.014,4.103,2.104
Botswana,BWA,2009,1990671.0,22485468865.0,3.855,1.937,0.171,1.577,2.182,0.0,0.096,0.0,0.012,4.063,2.041
Botswana,BWA,2010,2033110.0,24958864035.0,4.537,2.232,0.182,1.991,2.446,0.0,0.1,0.0,0.014,10.312,5.072
Botswana,BWA,2011,2073538.0,27061119164.0,4.029,1.943,0.149,1.43,2.593,0.0,0.006,0.0,0.012,13.077,6.307
Botswana,BWA,2012,2108617.0,27014847416.0,5.077,2.408,0.188,2.327,2.744,0.0,0.006,0.0,0.015,13.594,6.447
Botswana,BWA,2013,2140687.0,30014304729.0,5.663,2.645,0.189,2.774,2.884,0.0,0.006,0.0,0.016,12.339,5.764
Botswana,BWA,2014,2172053.0,31724220202.0,6.85,3.154,0.216,3.844,3.001,0.0,0.006,0.0,0.019,14.193,6.534
Botswana,BWA,2015,2203276.0,30185273524.0,5.418,2.459,0.179,2.898,2.51,0.004,0.006,0.0,0.015,12.543,5.693
Botswana,BWA,2016,2234784.0,32359220755.0,6.341,2.837,0.196,3.57,2.765,0.0,0.006,0.0,0.018,13.617,6.093
Botswana,BWA,2017,2266749.0,33690154993.0,7.066,3.117,0.21,4.252,2.809,0.0,0.006,0.0,0.02,12.711,5.607
Botswana,BWA,2018,2299149.0,35101769105.0,7.643,3.324,0.218,4.624,3.019,0.0,0.0,0.0,0.021,13.26,5.767
Botswana,BWA,2019,2332082.0,36166405883.0,7.486,3.21,0.207,3.86,3.625,0.0,0.0,0.0,0.02,13.716,5.881
Botswana,BWA,2020,2365895.0,33010529929.0,6.192,2.617,0.188,2.929,3.263,0.0,0.0,0.0,0.018,12.647,5.346
Botswana,BWA,2021,2401448.0,36918974292.0,6.683,2.783,0.181,3.29,3.393,0.0,0.0,0.0,0.018,13.462,5.606
Botswana,BWA,2022,2439895.0,39293967463.0,7.396,3.031,0.188,4.353,3.039,0.0,0.004,0.0,0.02,14.072,5.767
Botswana,BWA,2023,2480242.0,,7.249,2.923,,4.174,3.07,0.0,0.004,0.0,0.019,14.509,5.85
Botswana,BWA,2024,2521145.0,,7.462,2.96,,4.361,3.096,0.0,0.004,0.0,0.019,,
Brazil,BRA,1990,149143223.0,1185475140000.0,218.658,1.466,0.184,37.095,151.775,7.484,11.062,7.554,0.962,238.682,1.6
Brazil,BRA,1991,151724253.0,1213090136106.0,229.394,1.512,0.189,42.466,156.7,7.336,11.776,7.361,0.989,245.625,1.619
Brazil,BRA,1992,154275077.0,1221828516629.0,233.601,1.514,0.191,41.203,163.252,7.983,9.77,7.445,1.037,247.319,1.603
Brazil,BRA,1993,156794574.0,1298220757545.0,244.306,1.558,0.188,42.343,171.252,8.73,10.164,7.576,1.074,255.738,1.631
Brazil,BRA,1994,159265011.0,1391783970549.0,254.002,1.595,0.183,43.664,179.165,8.985,10.086,8.004,1.106,268.7,1.687
Brazil,BRA,1995,161735079.0,1468835128486.0,268.678,1.661,0.183,45.582,190.347,9.603,11.528,7.514,1.142,290.424,1.796
Brazil,BRA,1996,164202549.0,1520364859776.0,289.311,1.762,0.19,46.471,206.279,10.608,13.884,7.821,1.194,315.026,1.919
Brazil,BRA,1997,166661662.0,1591956040321.0,306.949,1.842,0.193,47.047,219.83,11.863,15.267,8.604,1.259,334.396,2.006
Brazil,BRA,1998,169159651.0,1617675773756.0,317.359,1.876,0.196,45.591,229.578,12.411,16.175,9.463,1.306,340.129,2.011
Brazil,BRA,1999,171641544.0,1645887982219.0,327.256,1.907,0.199,46.805,235.468,14.069,16.439,10.123,1.318,331.65,1.932
Brazil,BRA,2000,174018278.0,1739728033832.0,340.183,1.955,0.196,50.457,239.491,18.443,16.047,10.737,1.333,353.788,2.033
Brazil,BRA,2001,176301201.0,1785513006345.0,346.166,1.963,0.194,49.43,241.792,23.185,15.227,11.721,1.347,348.419,1.976
Brazil,BRA,2002,178503485.0,1861742323845.0,347.765,1.948,0.187,48.689,239.219,29.293,14.39,11.218,1.324,337.975,1.893
Brazil,BRA,2003,180622688.0,1904932706436.0,344.645,1.908,0.181,51.933,232.434,30.919,13.096,11.199,1.246,322.637,1.786
Brazil,BRA,2004,182675144.0,2038447931287.0,361.434,1.979,0.177,53.833,239.768,38.215,13.273,10.84,1.263,334.978,1.834
Brazil,BRA,2005,184688101.0,2129214530430.0,364.371,1.973,0.171,50.952,240.218,39.619,14.349,13.877,1.231,349.076,1.89
Brazil,BRA,2006,186653099.0,2240805319046.0,368.871,1.976,0.165,50.835,242.251,42.053,15.44,12.882,1.206,360.325,1.93
Brazil,BRA,2007,188552311.0,2405626901513.0,390.573,2.071,0.162,54.989,256.003,43.246,17.2,13.469,1.24,394.051,2.09
Brazil,BRA,2008,190367297.0,2559842659987.0,412.638,2.168,0.161,55.315,267.239,51.303,18.884,14.207,1.287,445.563,2.341
Brazil,BRA,2009,192079958.0,2589568436235.0,389.775,2.029,0.151,43.586,262.705,40.959,19.031,18.434,1.237,407.609,2.122
Brazil,BRA,2010,193701931.0,2820492538862.0,440.269,2.273,0.156,56.688,286.08,55.049,21.288,15.214,1.321,478.878,2.472
Brazil,BRA,2011,195284736.0,2968455007203.0,461.911,2.365,0.156,62.292,303.885,53.101,22.176,14.12,1.34,508.943,2.606
Brazil,BRA,2012,196876113.0,3025484250011.0,497.468,2.527,0.164,61.016,327.734,63.397,24.157,14.761,1.423,535.323,2.719
Brazil,BRA,2013,198478290.0,3116394665745.0,531.569,2.678,0.171,65.604,342.338,74.704,25.803,16.634,1.507,595.765,3.002
Brazil,BRA,2014,200085126.0,3132099937531.0,556.526,2.781,0.178,69.037,356.751,81.285,25.533,17.642,1.569,613.327,3.065
Brazil,BRA,2015,201675534.0,3021043246476.0,528.174,2.619,0.175,69.455,330.356,80.464,23.903,17.604,1.492,556.206,2.758
Brazil,BRA,2016,203218108.0,2922076150345.0,491.745,2.42,0.168,63.828,312.942,69.666,21.412,17.505,1.389,491.0,2.416
Brazil,BRA,2017,204703440.0,2960731613785.0,497.255,2.429,0.168,67.318,315.045,70.688,20.306,17.505,1.382,506.737,2.475
Brazil,BRA,2018,206107265.0,3013541086239.0,476.601,2.312,0.158,65.837,298.889,67.418,20.559,17.505,1.297,484.355,2.35
Brazil,BRA,2019,207455459.0,3050327159562.0,476.724,2.298,0.156,61.885,302.98,67.122,20.841,17.505,1.285,485.986,2.343
Brazil,BRA,2020,208660845.0,2950377451264.0,447.999,2.147,0.152,55.949,285.284,59.027,23.843,17.505,1.274,437.153,2.095
Brazil,BRA,2021,209550291.0,3097565215045.0,496.562,2.37,0.16,67.936,303.465,75.975,25.288,17.505,1.347,473.349,2.259
Brazil,BRA,2022,210306411.0,3187412907763.0,480.058,2.283,0.151,56.112,315.339,60.086,24.625,17.505,1.279,465.243,2.212
Brazil,BRA,2023,211140731.0,,483.992,2.292,,54.906,323.29,56.12,25.779,17.505,1.271,469.989,2.226
Brazil,BRA,2024,211998565.0,,483.012,2.278,,50.954,323.865,58.914,25.381,17.505,1.251,,
British Virgin Islands,VGB,1990,15727.0,,0.066,4.194,,,0.066,,0.0,,0.0,,
British Virgin Islands,VGB,1991,16208.0,,0.073,4.521,,,0.073,,0.0,,0.0,,
British Virgin Islands,VGB,1992,16615.0,,0.081,4.852,,,0.081,,0.0,,0.0,,
British Virgin Islands,VGB,1993,17008.0,,0.084,4.955,,,0.084,,0.0,,0.0,,
British Virgin Islands,VGB,1994,17430.0,,0.088,5.045,,,0.088,,0.0,0.0,0.0,,
British Virgin Islands,VGB,1995,17863.0,,0.088,4.923,,,0.088,,0.0,0.0,0.0,,
British Virgin Islands,VGB,1996,18308.0,,0.099,5.404,,,0.099,,0.0,0.0,0.0,,
British Virgin Islands,VGB,1997,18783.0,,0.103,5.462,,,0.103,,0.0,0.0,0.0,,
British Virgin Islands,VGB,1998,19262.0,,0.103,5.326,,,0.103,,0.0,0.0,0.0,,
British Virgin Islands,VGB,1999,19755.0,,0.114,5.75,,,0.114,,0.0,0.0,0.0,,
British Virgin Islands,VGB,2000,20266.0,,0.117,5.785,,,0.117,,0.0,0.0,0.0,,
British Virgin Islands,VGB,2001,20825.0,,0.128,6.158,,,0.128,,0.0,0.0,0.0,,
British Virgin Islands,VGB,2002,21454.0,,0.139,6.49,,,0.139,,0.0,0.0,0.001,,
British Virgin Islands,VGB,2003,22155.0,,0.147,6.615,,,0.147,,0.0,0.0,0.001,,
British Virgin Islands,VGB,2004,22905.0,,0.154,6.719,,,0.154,,0.0,0.0,0.001,,
British Virgin Islands,VGB,2005,23693.0,,0.165,6.959,,,0.165,,0.0,0.0,0.001,,
British Virgin Islands,VGB,2006,24519.0,,0.18,7.322,,,0.18,,0.0,0.0,0.001,,
British Virgin Islands,VGB,2007,25391.0,,0.183,7.215,,,0.183,,0.0,0.0,0.001,,
British Virgin Islands,VGB,2008,26308.0,,0.191,7.242,,,0.191,,0.0,0.0,0.001,,
British Virgin Islands,VGB,2009,27240.0,,0.194,7.129,,,0.194,,0.0,0.0,0.001,,
British Virgin Islands,VGB,2010,27698.0,,0.213,7.672,,,0.213,,0.0,0.0,0.001,,
British Virgin Islands,VGB,2011,28733.0,,0.209,7.269,,,0.209,,0.0,0.0,0.001,,
British Virgin Islands,VGB,2012,30369.0,,0.209,6.877,,,0.209,,0.0,0.0,0.001,,
British Virgin Islands,VGB,2013,31727.0,,0.213,6.698,,,0.213,,0.0,0.0,0.001,,
British Virgin Islands,VGB,2014,32988.0,,0.216,6.553,,,0.216,,0.0,0.0,0.001,,
British Virgin Islands,VGB,2015,34523.0,,0.224,6.474,,,0.224,,0.0,0.0,0.001,,
British Virgin Islands,VGB,2016,33904.0,,0.227,6.7,,,0.227,,0.0,0.0,0.001,,
British Virgin Islands,VGB,2017,32724.0,,0.18,5.486,,,0.18,,0.0,0.0,0.0,,
British Virgin Islands,VGB,2018,34682.0,,0.158,4.543,,,0.158,,0.0,0.0,0.0,,
British Virgin Islands,VGB,2019,36423.0,,0.183,5.03,,,0.183,,0.0,0.0,0.0,,
British Virgin Islands,VGB,2020,37161.0,,0.18,4.831,,,0.18,,0.0,0.0,0.001,,
British Virgin Islands,VGB,2021,37833.0,,0.183,4.842,,,0.183,,0.0,0.0,0.0,,
British Virgin Islands,VGB,2022,38346.0,,0.186,4.844,,,0.186,,0.0,0.0,0.0,,
British Virgin Islands,VGB,2023,39009.0,,0.185,4.752,,,0.185,,0.0,0.0,0.0,,
British Virgin Islands,VGB,2024,39498.0,,0.193,4.874,,,0.193,,0.0,0.0,0.0,,
Brunei,BRN,1990,255307.0,,5.009,19.618,,,1.096,3.855,0.0,0.059,0.022,3.812,14.931
Brunei,BRN,1991,262604.0,,6.826,25.994,,,1.253,4.371,0.0,1.202,0.029,4.727,18.0
Brunei,BRN,1992,269848.0,,6.668,24.712,,,1.048,4.477,0.0,1.143,0.03,5.087,18.851
Brunei,BRN,1993,276978.0,,5.851,21.126,,,1.099,4.162,0.0,0.59,0.026,5.112,18.458
Brunei,BRN,1994,284098.0,,5.293,18.63,,,1.092,4.078,0.0,0.123,0.023,5.13,18.057
Brunei,BRN,1995,291207.0,,5.884,20.207,,,1.15,4.639,0.0,0.095,0.025,5.363,18.418
Brunei,BRN,1996,298283.0,,5.963,19.989,,,1.275,4.576,0.0,0.111,0.025,6.21,20.819
Brunei,BRN,1997,305357.0,,6.179,20.235,,,1.37,4.675,0.0,0.133,0.025,5.779,18.924
Brunei,BRN,1998,312398.0,,5.595,17.911,,,1.422,3.975,0.0,0.198,0.023,5.048,16.16
Brunei,BRN,1999,319412.0,,5.978,18.716,,,1.546,4.195,0.0,0.237,0.024,4.297,13.454
Brunei,BRN,2000,326429.0,,5.886,18.032,,,1.4,4.203,0.0,0.284,0.023,3.542,10.85
Brunei,BRN,2001,333353.0,,5.758,17.273,,,1.472,3.9,0.0,0.386,0.022,3.521,10.562
Brunei,BRN,2002,340108.0,,5.285,15.54,,,1.334,3.701,0.0,0.251,0.02,3.569,10.493
Brunei,BRN,2003,346650.0,,6.14,17.711,,,1.378,4.503,0.0,0.259,0.022,5.623,16.221
Brunei,BRN,2004,352921.0,,5.967,16.907,,,1.334,4.455,0.0,0.178,0.021,5.458,15.466
Brunei,BRN,2005,358930.0,,5.429,15.124,,,1.059,4.206,0.0,0.163,0.018,4.974,13.858
Brunei,BRN,2006,364670.0,,7.144,19.589,,,0.971,5.877,0.0,0.296,0.023,5.495,15.068
Brunei,BRN,2007,370883.0,,8.077,21.777,,,1.847,5.939,0.0,0.291,0.026,6.414,17.294
Brunei,BRN,2008,377800.0,,9.166,24.26,,,2.056,6.493,0.0,0.617,0.029,6.839,18.103
Brunei,BRN,2009,384965.0,,7.745,20.119,,,1.754,5.596,0.0,0.395,0.025,6.761,17.562
Brunei,BRN,2010,392340.0,,8.017,20.435,,,1.59,6.126,0.0,0.301,0.024,6.755,17.217
Brunei,BRN,2011,399395.0,,9.555,23.925,,,1.957,7.288,0.0,0.311,0.028,9.776,24.477
Brunei,BRN,2012,405564.0,,9.5,23.424,,,2.066,7.113,0.0,0.321,0.027,9.281,22.884
Brunei,BRN,2013,411205.0,,7.626,18.546,,,1.656,5.624,0.0,0.346,0.022,8.317,20.225
Brunei,BRN,2014,416757.0,,8.831,21.19,,,1.689,6.771,0.0,0.371,0.025,8.21,19.701
Brunei,BRN,2015,422223.0,,6.933,16.421,,,1.645,4.891,0.0,0.397,0.02,7.329,17.357
Brunei,BRN,2016,427571.0,,7.633,17.852,,,1.803,5.341,0.0,0.489,0.022,6.155,14.394
Brunei,BRN,2017,432787.0,,9.309,21.51,,,1.927,6.822,0.0,0.56,0.026,7.36,17.007
Brunei,BRN,2018,437811.0,,9.341,21.336,,,1.905,7.024,0.0,0.412,0.025,8.553,19.537
Brunei,BRN,2019,442690.0,,9.564,21.605,,0.605,2.411,5.972,0.0,0.576,0.026,8.193,18.507
Brunei,BRN,2020,447411.0,,11.157,24.937,,2.132,3.41,5.329,0.0,0.286,0.032,9.155,20.462
Brunei,BRN,2021,451722.0,,11.709,25.92,,2.744,3.228,5.331,0.0,0.405,0.032,7.919,17.532
Brunei,BRN,2022,455374.0,,12.237,26.872,,2.689,3.638,5.738,0.0,0.171,0.033,7.856,17.252
Brunei,BRN,2023,458959.0,,12.503,27.241,,2.981,3.621,5.687,0.0,0.214,0.033,8.876,19.34
Brunei,BRN,2024,462734.0,,12.052,26.046,,3.003,3.787,5.073,0.0,0.19,0.031,,
Bulgaria,BGR,1990,8822366.0,79352520673.0,76.638,8.687,0.966,34.721,26.355,12.111,2.142,0.125,0.337,62.232,7.054
Bulgaria,BGR,1991,8695798.0,72983249507.0,61.521,7.075,0.843,31.777,17.356,10.184,1.265,0.09,0.265,45.363,5.217
Bulgaria,BGR,1992,8559091.0,67935669606.0,57.356,6.701,0.844,31.436,15.096,8.892,1.097,0.138,0.255,42.966,5.02
Bulgaria,BGR,1993,8466533.0,67190225135.0,58.389,6.896,0.869,33.042,15.219,8.15,1.154,0.161,0.257,46.135,5.449
Bulgaria,BGR,1994,8416924.0,68680754016.0,56.383,6.699,0.821,31.375,14.595,8.113,1.441,0.155,0.245,42.121,5.004
Bulgaria,BGR,1995,8357576.0,70965735433.0,57.917,6.93,0.816,31.308,13.675,9.987,1.993,0.167,0.246,46.826,5.603
Bulgaria,BGR,1996,8291402.0,65116237713.0,58.46,7.051,0.898,31.466,13.911,10.187,1.961,0.16,0.241,45.705,5.512
Bulgaria,BGR,1997,8217101.0,64936506648.0,55.806,6.791,0.859,34.011,11.252,8.234,1.573,0.145,0.229,43.345,5.275
Bulgaria,BGR,1998,8138193.0,67715867197.0,53.114,6.526,0.784,32.115,12.103,7.157,1.118,0.129,0.219,44.65,5.486
Bulgaria,BGR,1999,8067464.0,64098092292.0,46.371,5.748,0.723,26.598,11.927,6.215,1.106,0.127,0.187,42.231,5.235
Bulgaria,BGR,2000,8000519.0,67719765830.0,45.499,5.687,0.672,26.375,10.515,6.767,1.212,0.124,0.178,42.364,5.295
Bulgaria,BGR,2001,7928455.0,68877651140.0,49.02,6.183,0.712,30.061,10.825,6.288,1.228,0.125,0.191,45.638,5.756
Bulgaria,BGR,2002,7861949.0,73450036758.0,46.141,5.869,0.628,27.82,10.815,5.601,1.215,0.121,0.176,43.017,5.472
Bulgaria,BGR,2003,7804405.0,77722336425.0,50.491,6.47,0.65,31.191,11.535,5.822,1.273,0.116,0.183,46.654,5.978
Bulgaria,BGR,2004,7749430.0,83228668873.0,49.537,6.392,0.595,29.943,11.565,5.827,1.444,0.119,0.173,46.237,5.967
Bulgaria,BGR,2005,7695047.0,89684785590.0,50.6,6.576,0.564,29.489,12.14,6.573,1.618,0.124,0.171,48.789,6.34
Bulgaria,BGR,2006,7640292.0,96404598197.0,51.837,6.785,0.538,29.993,12.58,6.731,1.55,0.129,0.169,51.039,6.68
Bulgaria,BGR,2007,7586896.0,104058200673.0,55.669,7.338,0.535,33.366,12.404,6.877,1.979,0.14,0.177,54.358,7.165
Bulgaria,BGR,2008,7535589.0,110900337989.0,54.026,7.169,0.487,32.489,11.78,6.725,1.9,0.152,0.169,55.638,7.383
Bulgaria,BGR,2009,7488016.0,107365071902.0,45.75,6.11,0.426,27.274,11.297,5.05,0.983,0.327,0.145,44.81,5.984
Bulgaria,BGR,2010,7437594.0,109045208364.0,47.816,6.429,0.438,29.294,10.912,5.386,0.807,0.374,0.144,44.756,6.018
Bulgaria,BGR,2011,7380023.0,109435363210.0,53.12,7.198,0.485,34.481,10.107,6.151,0.787,0.394,0.154,46.713,6.33
Bulgaria,BGR,2012,7317020.0,110261509885.0,48.277,6.598,0.438,29.412,10.627,5.753,0.981,0.383,0.138,43.361,5.926
Bulgaria,BGR,2013,7264605.0,109643527181.0,42.583,5.862,0.388,24.997,9.557,5.612,0.892,0.412,0.121,37.541,5.168
Bulgaria,BGR,2014,7223450.0,110703533681.0,45.169,6.253,0.408,26.579,10.562,5.602,0.911,0.384,0.127,39.533,5.473
Bulgaria,BGR,2015,7177515.0,114498611934.0,48.127,6.705,0.42,27.678,11.488,5.94,1.105,0.6,0.136,40.99,5.711
Bulgaria,BGR,2016,7127436.0,117979077002.0,45.344,6.362,0.384,24.155,11.886,5.945,1.194,0.813,0.128,40.476,5.679
Bulgaria,BGR,2017,7075642.0,121237951710.0,47.446,6.706,0.391,25.792,12.162,6.053,1.239,0.877,0.132,41.915,5.924
Bulgaria,BGR,2018,7024745.0,124492855771.0,43.503,6.193,0.349,22.113,12.372,5.797,1.224,0.711,0.118,41.105,5.851
Bulgaria,BGR,2019,6975466.0,129520075495.0,42.195,6.049,0.326,20.806,12.901,5.266,1.138,0.827,0.114,39.933,5.725
Bulgaria,BGR,2020,6933656.0,124392792956.0,36.571,5.274,0.294,16.204,11.944,5.31,1.066,0.684,0.104,36.279,5.232
Bulgaria,BGR,2021,6877222.0,133889804025.0,42.365,6.16,0.316,20.423,12.742,6.258,1.06,0.563,0.115,40.932,5.952
Bulgaria,BGR,2022,6825862.0,138390156500.0,46.932,6.876,0.339,25.068,13.385,5.018,1.039,0.781,0.125,42.247,6.189
Bulgaria,BGR,2023,6795805.0,,34.501,5.077,,13.961,13.17,4.678,1.046,0.693,0.091,35.31,5.196
Bulgaria,BGR,2024,6757686.0,,31.622,4.679,,10.285,13.574,5.022,1.094,0.693,0.082,,
Burkina Faso,BFA,1990,9159358.0,10752296234.0,0.594,0.065,0.055,,0.594,,,,0.003,0.825,0.09
Burkina Faso,BFA,1991,9394631.0,11509843577.0,0.638,0.068,0.055,,0.638,,,,0.003,0.875,0.093
Burkina Faso,BFA,1992,9629280.0,11312544997.0,0.634,0.066,0.056,,0.634,,,,0.003,0.879,0.091
Burkina Faso,BFA,1993,9871715.0,11471092622.0,0.634,0.064,0.055,,0.634,,,,0.003,0.878,0.089
Burkina Faso,BFA,1994,10123807.0,11400569605.0,0.66,0.065,0.058,,0.66,,0.0,0.0,0.003,0.925,0.091
Burkina Faso,BFA,1995,10386723.0,11823046260.0,0.661,0.064,0.056,,0.649,,0.012,0.0,0.003,0.984,0.095
Burkina Faso,BFA,1996,10655943.0,12896055272.0,0.727,0.068,0.056,,0.714,,0.012,0.0,0.003,1.106,0.104
Burkina Faso,BFA,1997,10934222.0,13326250630.0,0.764,0.07,0.057,,0.747,,0.016,0.0,0.003,1.115,0.102
Burkina Faso,BFA,1998,11240668.0,13917970173.0,0.848,0.075,0.061,,0.832,,0.016,0.0,0.003,1.282,0.114
Burkina Faso,BFA,1999,11574930.0,14604702492.0,1.04,0.09,0.071,,0.967,,0.073,0.0,0.004,1.699,0.147
Burkina Faso,BFA,2000,11925548.0,14546973590.0,0.931,0.078,0.064,,0.89,,0.04,0.0,0.004,1.371,0.115
Burkina Faso,BFA,2001,12294996.0,15179805834.0,1.064,0.087,0.07,,1.044,,0.02,0.0,0.004,1.787,0.145
Burkina Faso,BFA,2002,12680904.0,15543232009.0,1.067,0.084,0.069,,1.055,,0.012,0.0,0.004,1.854,0.146
Burkina Faso,BFA,2003,13082530.0,16390237677.0,1.184,0.091,0.072,,1.172,,0.012,0.0,0.004,1.359,0.104
Burkina Faso,BFA,2004,13500536.0,16718435442.0,1.107,0.082,0.066,,1.096,,0.012,0.0,0.004,1.35,0.1
Burkina Faso,BFA,2005,13932127.0,17737650575.0,1.104,0.079,0.062,,1.092,,0.012,0.0,0.004,1.384,0.099
Burkina Faso,BFA,2006,14373713.0,18406718353.0,1.217,0.085,0.066,,1.205,,0.012,0.0,0.004,1.624,0.113
Burkina Faso,BFA,2007,14816313.0,18724205542.0,1.616,0.109,0.086,,1.605,,0.012,0.0,0.005,1.919,0.129
Burkina Faso,BFA,2008,15258103.0,19365623019.0,1.818,0.119,0.094,,1.638,,0.18,0.0,0.006,1.948,0.128
Burkina Faso,BFA,2009,15710067.0,19506442026.0,1.836,0.117,0.094,,1.619,,0.217,0.0,0.006,2.242,0.143
Burkina Faso,BFA,2010,16176503.0,20688336651.0,1.985,0.123,0.096,,1.759,,0.226,0.0,0.006,2.212,0.137
Burkina Faso,BFA,2011,16661907.0,21589787625.0,2.149,0.129,0.1,,1.924,,0.226,0.0,0.006,2.366,0.142
Burkina Faso,BFA,2012,17172284.0,22982976785.0,2.612,0.152,0.114,,2.36,,0.252,0.0,0.007,2.71,0.158
Burkina Faso,BFA,2013,17695411.0,24314382909.0,2.809,0.159,0.116,,2.583,,0.226,0.0,0.008,3.152,0.178
Burkina Faso,BFA,2014,18229466.0,25366464630.0,2.868,0.157,0.113,,2.711,,0.156,0.0,0.008,3.06,0.168
Burkina Faso,BFA,2015,18777488.0,26361085012.0,3.744,0.199,0.142,,3.221,,0.523,0.0,0.011,3.517,0.187
Burkina Faso,BFA,2016,19334854.0,27931683815.0,3.988,0.206,0.143,,3.348,,0.639,0.0,0.011,3.974,0.206
Burkina Faso,BFA,2017,19894413.0,29664279937.0,4.622,0.232,0.156,,3.924,,0.697,0.0,0.013,4.495,0.226
Burkina Faso,BFA,2018,20438289.0,31623015393.0,5.226,0.256,0.165,,4.393,,0.833,0.0,0.014,4.93,0.241
Burkina Faso,BFA,2019,20961956.0,33422048798.0,5.618,0.268,0.168,,4.554,,1.064,0.0,0.015,5.092,0.243
Burkina Faso,BFA,2020,21478691.0,34067429050.0,5.618,0.262,0.165,,4.533,,1.085,0.0,0.016,4.779,0.223
Burkina Faso,BFA,2021,21995249.0,36419784717.0,6.329,0.288,0.174,,5.166,,1.162,0.0,0.017,5.37,0.244
Burkina Faso,BFA,2022,22509038.0,37320442404.0,6.542,0.291,0.175,,5.341,,1.201,0.0,0.017,5.773,0.256
Burkina Faso,BFA,2023,23025777.0,,6.308,0.274,,,5.107,,1.201,0.0,0.017,5.801,0.252
Burkina Faso,BFA,2024,23548782.0,,6.508,0.276,,,5.306,,1.201,0.0,0.017,,
Burundi,BDI,1990,5587051.0,6041848505.0,0.209,0.037,0.035,0.015,0.194,,,,0.001,,
Burundi,BDI,1991,5703860.0,6316030264.0,0.238,0.042,0.038,0.015,0.224,,,,0.001,,
Burundi,BDI,1992,5858405.0,6377442162.0,0.216,0.037,0.034,0.018,0.198,,,,0.001,,
Burundi,BDI,1993,5676847.0,5844277258.0,0.227,0.04,0.039,0.018,0.209,,,,0.001,,
Burundi,BDI,1994,5713856.0,5760142060.0,0.234,0.041,0.041,0.018,0.216,,,0.0,0.001,,
Burundi,BDI,1995,6066319.0,5429588207.0,0.238,0.039,0.044,0.018,0.22,,,0.0,0.001,,
Burundi,BDI,1996,6070510.0,4794534934.0,0.242,0.04,0.05,0.018,0.224,,,0.0,0.001,,
Burundi,BDI,1997,6070038.0,4657583236.0,0.249,0.041,0.053,0.018,0.231,,,0.0,0.001,,
Burundi,BDI,1998,6187114.0,4813569995.0,0.249,0.04,0.052,0.018,0.231,,,0.0,0.001,,
Burundi,BDI,1999,6337155.0,4732759799.0,0.253,0.04,0.053,0.007,0.246,,,0.0,0.001,,
Burundi,BDI,2000,6470196.0,4647178132.0,0.271,0.042,0.058,0.007,0.264,,,0.0,0.001,,
Burundi,BDI,2001,6634368.0,4722946125.0,0.205,0.031,0.043,0.011,0.194,,,0.0,0.001,,
Burundi,BDI,2002,6824139.0,4917697691.0,0.213,0.031,0.043,0.011,0.202,,,0.0,0.001,,
Burundi,BDI,2003,7043158.0,4852463827.0,0.169,0.024,0.035,0.007,0.161,,,0.0,0.001,,
Burundi,BDI,2004,7310656.0,5086686387.0,0.198,0.027,0.039,0.007,0.191,,,0.0,0.001,,
Burundi,BDI,2005,7587303.0,5144959327.0,0.158,0.021,0.031,0.007,0.15,,0.0,0.0,0.001,,
Burundi,BDI,2006,7865545.0,5422209655.0,0.187,0.024,0.034,0.015,0.172,,0.0,0.0,0.001,,
Burundi,BDI,2007,8161879.0,5601361293.0,0.187,0.023,0.033,0.011,0.176,,0.0,0.0,0.001,,
Burundi,BDI,2008,8505643.0,5894788502.0,0.202,0.024,0.034,0.015,0.187,,0.0,0.0,0.001,,
Burundi,BDI,2009,8947653.0,6197653893.0,0.216,0.024,0.035,0.015,0.201,,0.0,0.0,0.001,,
Burundi,BDI,2010,9376448.0,6558969212.0,0.333,0.036,0.051,0.018,0.315,,0.0,0.0,0.001,,
Burundi,BDI,2011,9717980.0,6787360000.0,0.414,0.043,0.061,0.011,0.403,,0.0,0.0,0.001,,
Burundi,BDI,2012,10071033.0,7086796000.0,0.392,0.039,0.055,0.026,0.366,,0.0,0.0,0.001,,
Burundi,BDI,2013,10439346.0,7430922000.0,0.436,0.042,0.059,0.022,0.414,,0.0,0.0,0.001,,
Burundi,BDI,2014,10799789.0,7764240000.0,0.355,0.033,0.046,0.015,0.34,,0.0,0.0,0.001,,
Burundi,BDI,2015,11047581.0,7340438000.0,0.355,0.032,0.048,0.004,0.352,,0.0,0.0,0.001,,
Burundi,BDI,2016,11239459.0,7554391939.0,0.429,0.038,0.057,0.037,0.392,,0.0,0.0,0.001,,
Burundi,BDI,2017,11506764.0,7833860723.0,0.516,0.045,0.066,0.022,0.494,,0.0,0.0,0.001,,
Burundi,BDI,2018,11859444.0,8207327776.0,0.645,0.054,0.079,0.018,0.627,,0.0,0.0,0.002,,
Burundi,BDI,2019,12255339.0,8573379471.0,0.685,0.056,0.08,0.044,0.641,,0.0,0.0,0.002,,
Burundi,BDI,2020,12617041.0,8635657446.0,0.739,0.059,0.086,0.026,0.711,,0.003,0.0,0.002,,
Burundi,BDI,2021,12965487.0,8956206318.0,0.772,0.06,0.086,0.044,0.725,,0.003,0.0,0.002,,
Burundi,BDI,2022,13321102.0,9177077459.0,0.878,0.066,0.096,0.044,0.831,,0.003,0.0,0.002,,
Burundi,BDI,2023,13689455.0,,0.901,0.066,,0.051,0.848,,0.003,0.0,0.002,,
Burundi,BDI,2024,14047788.0,,0.917,0.065,,0.052,0.862,,0.003,0.0,0.002,,
Cambodia,KHM,1990,7374754.0,13119771234.0,1.26,0.171,0.096,,1.26,,0.0,,0.006,1.934,0.262
Cambodia,KHM,1991,7686857.0,13798587857.0,1.304,0.17,0.095,,1.304,,0.0,,0.006,2.011,0.262
Cambodia,KHM,1992,8113085.0,14439550426.0,1.348,0.166,0.093,,1.348,,0.0,,0.006,2.103,0.259
Cambodia,KHM,1993,8616383.0,14667326402.0,1.385,0.161,0.094,,1.385,,0.0,,0.006,2.068,0.24
Cambodia,KHM,1994,9239160.0,15501963200.0,1.425,0.154,0.092,,1.425,,0.0,0.0,0.006,2.177,0.236
Cambodia,KHM,1995,10018500.0,16125089863.0,1.499,0.15,0.093,,1.499,,0.0,0.0,0.006,2.127,0.212
Cambodia,KHM,1996,10801268.0,16613603930.0,1.517,0.14,0.091,,1.517,,0.0,0.0,0.006,2.393,0.222
Cambodia,KHM,1997,11570986.0,17142178985.0,1.466,0.127,0.085,,1.466,,0.0,0.0,0.006,2.401,0.207
Cambodia,KHM,1998,12058180.0,17586612782.0,1.876,0.156,0.107,,1.876,,0.0,0.0,0.008,2.861,0.237
Cambodia,KHM,1999,12265734.0,19228281616.0,1.894,0.154,0.099,,1.894,,0.0,0.0,0.008,2.752,0.224
Cambodia,KHM,2000,12462343.0,20435399154.0,1.997,0.16,0.098,,1.997,,0.0,0.0,0.008,10.973,0.88
Cambodia,KHM,2001,12658486.0,21587210573.0,2.235,0.177,0.104,,2.235,,0.0,0.0,0.009,12.024,0.95
Cambodia,KHM,2002,12855249.0,22474402661.0,2.154,0.168,0.096,,2.154,,0.0,0.0,0.008,12.812,0.997
Cambodia,KHM,2003,13050977.0,23833222981.0,2.253,0.173,0.095,,2.253,,0.0,0.0,0.008,8.116,0.622
Cambodia,KHM,2004,13244737.0,25705927295.0,2.239,0.169,0.087,,2.239,,0.0,0.0,0.008,10.219,0.772
Cambodia,KHM,2005,13439203.0,28474467511.0,2.209,0.164,0.078,,2.209,,0.0,0.0,0.007,12.231,0.91
Cambodia,KHM,2006,13639032.0,30776292972.0,2.847,0.209,0.093,,2.847,,0.0,0.0,0.009,12.637,0.927
Cambodia,KHM,2007,13841773.0,33022342696.0,3.489,0.252,0.106,,3.437,,0.053,0.0,0.011,12.895,0.932
Cambodia,KHM,2008,14053479.0,34271375874.0,3.936,0.28,0.115,0.048,3.517,,0.371,0.0,0.012,14.651,1.043
Cambodia,KHM,2009,14276819.0,34042366543.0,4.579,0.321,0.135,0.059,4.173,,0.347,0.0,0.015,11.629,0.815
Cambodia,KHM,2010,14500730.0,34365990229.0,5.067,0.349,0.147,0.084,4.613,,0.37,0.0,0.015,15.157,1.045
Cambodia,KHM,2011,14722587.0,35746712625.0,5.271,0.358,0.147,0.099,4.741,,0.431,0.0,0.015,21.368,1.451
Cambodia,KHM,2012,14945090.0,38360866456.0,5.572,0.373,0.145,0.132,4.954,,0.487,0.0,0.016,20.972,1.403
Cambodia,KHM,2013,15170210.0,41183075555.0,5.626,0.371,0.137,0.198,4.921,,0.507,0.0,0.016,21.122,1.392
Cambodia,KHM,2014,15396771.0,44124784572.0,6.702,0.435,0.152,1.092,5.099,,0.51,0.0,0.019,20.74,1.347
Cambodia,KHM,2015,15623253.0,47229402407.0,8.186,0.524,0.173,1.931,5.602,,0.653,0.0,0.023,24.283,1.554
Cambodia,KHM,2016,15852802.0,50470756754.0,10.644,0.671,0.211,2.681,6.542,,1.421,0.0,0.03,25.643,1.618
Cambodia,KHM,2017,16073374.0,54002196805.0,12.087,0.752,0.224,3.166,6.621,,2.301,0.0,0.034,25.708,1.599
Cambodia,KHM,2018,16274522.0,58035619609.0,13.938,0.856,0.24,3.364,7.258,,3.316,0.0,0.038,29.745,1.828
Cambodia,KHM,2019,16481305.0,62129452776.0,18.626,1.13,0.3,4.488,9.131,,5.007,0.0,0.05,35.556,2.157
Cambodia,KHM,2020,16725484.0,60205930987.0,20.991,1.255,0.349,6.441,9.204,,5.346,0.0,0.06,37.257,2.228
Cambodia,KHM,2021,16974309.0,62027758832.0,20.775,1.224,0.335,5.705,9.16,,5.887,0.024,0.056,36.694,2.162
Cambodia,KHM,2022,17201721.0,65136593996.0,20.865,1.213,0.32,5.444,9.399,,6.022,0.0,0.056,38.051,2.212
Cambodia,KHM,2023,17423884.0,,21.412,1.229,,6.034,9.355,,6.022,0.0,0.056,39.064,2.242
Cambodia,KHM,2024,17638804.0,,21.883,1.241,,6.078,9.783,,6.022,0.0,0.057,,
Cameroon,CMR,1990,11331827.0,22937075576.0,2.605,0.23,0.114,0.004,2.345,,0.256,,0.011,3.279,0.289
Cameroon,CMR,1991,11667186.0,22472507403.0,2.668,0.229,0.119,0.004,2.451,,0.214,,0.011,3.345,0.287
Cameroon,CMR,1992,12006362.0,22168696553.0,2.712,0.226,0.122,0.004,2.455,,0.254,,0.012,3.511,0.292
Cameroon,CMR,1993,12353131.0,21846592889.0,2.866,0.232,0.131,0.004,2.609,,0.253,,0.013,3.698,0.299
Cameroon,CMR,1994,12704900.0,21685984140.0,4.88,0.384,0.225,0.004,2.642,,0.195,2.039,0.021,5.403,0.425
Cameroon,CMR,1995,13058517.0,22791497700.0,5.375,0.412,0.236,0.004,2.975,,0.225,2.171,0.023,5.892,0.451
Cameroon,CMR,1996,13414761.0,24336586345.0,5.975,0.445,0.246,0.004,3.466,,0.124,2.381,0.025,6.411,0.478
Cameroon,CMR,1997,13775216.0,26071011666.0,5.379,0.39,0.206,0.004,2.902,,0.252,2.221,0.022,6.171,0.448
Cameroon,CMR,1998,14144857.0,27818636369.0,5.373,0.38,0.193,,2.836,,0.3,2.237,0.022,6.413,0.453
Cameroon,CMR,1999,14525145.0,29453506980.0,5.219,0.359,0.177,,2.653,,0.344,2.223,0.021,5.808,0.4
Cameroon,CMR,2000,14912632.0,31207712778.0,5.589,0.375,0.179,,2.986,,0.36,2.243,0.022,5.881,0.394
Cameroon,CMR,2001,15309489.0,33173869115.0,5.562,0.363,0.168,,2.931,,0.395,2.237,0.022,6.485,0.424
Cameroon,CMR,2002,15725534.0,35058274715.0,5.351,0.34,0.153,,2.95,0.0,0.376,2.025,0.02,7.777,0.495
Cameroon,CMR,2003,16160340.0,37066671075.0,5.705,0.353,0.154,,3.32,0.0,0.379,2.006,0.021,6.733,0.417
Cameroon,CMR,2004,16610485.0,39050234319.0,5.698,0.343,0.146,,3.44,0.0,0.411,1.847,0.02,6.05,0.364
Cameroon,CMR,2005,17074599.0,40566543367.0,5.424,0.318,0.134,,3.195,0.0,0.396,1.833,0.018,5.997,0.351
Cameroon,CMR,2006,17550403.0,42544656064.0,5.486,0.313,0.129,,3.36,0.0,0.393,1.733,0.018,6.99,0.398
Cameroon,CMR,2007,18049897.0,44640871980.0,7.409,0.41,0.166,,4.573,0.685,0.445,1.706,0.024,8.764,0.486
Cameroon,CMR,2008,18574052.0,46686367319.0,7.321,0.394,0.157,,4.33,0.711,0.385,1.895,0.023,9.022,0.486
Cameroon,CMR,2009,19113978.0,48395507236.0,8.555,0.448,0.177,,5.581,0.59,0.424,1.961,0.027,10.138,0.53
Cameroon,CMR,2010,19668063.0,50826589427.0,8.383,0.426,0.165,,5.683,0.594,0.386,1.721,0.025,9.789,0.498
Cameroon,CMR,2011,20232312.0,53836234148.0,8.105,0.401,0.151,,5.658,0.425,0.438,1.584,0.024,9.959,0.492
Cameroon,CMR,2012,20809530.0,56263171005.0,7.607,0.366,0.135,,5.163,0.509,0.487,1.448,0.022,10.009,0.481
Cameroon,CMR,2013,21402379.0,59069016946.0,7.853,0.367,0.133,,5.159,0.586,0.545,1.563,0.022,9.722,0.454
Cameroon,CMR,2014,22059894.0,62482615428.0,8.775,0.398,0.14,,5.734,0.85,0.504,1.687,0.025,10.351,0.469
Cameroon,CMR,2015,22763418.0,65981645134.0,9.85,0.433,0.149,,6.213,0.942,0.659,2.036,0.028,11.055,0.486
Cameroon,CMR,2016,23454165.0,68936963106.0,9.965,0.425,0.145,,6.035,1.011,0.907,2.012,0.028,10.98,0.468
Cameroon,CMR,2017,24128609.0,71378025048.0,9.582,0.397,0.134,,5.507,1.121,0.992,1.962,0.027,10.408,0.431
Cameroon,CMR,2018,24806377.0,74248839020.0,9.844,0.397,0.133,,5.28,1.458,1.097,2.009,0.027,9.682,0.39
Cameroon,CMR,2019,25506095.0,76789634582.0,9.605,0.377,0.125,,5.238,1.327,1.077,1.963,0.026,9.301,0.365
Cameroon,CMR,2020,26210566.0,77203536828.0,9.716,0.371,0.126,,4.99,1.7,1.333,1.693,0.028,9.929,0.379
Cameroon,CMR,2021,26915765.0,80020685294.0,9.734,0.362,0.122,,5.137,1.385,1.744,1.468,0.026,10.199,0.379
Cameroon,CMR,2022,27632770.0,82727797383.0,9.792,0.354,0.118,,5.354,1.215,1.821,1.402,0.026,10.006,0.362
Cameroon,CMR,2023,28372690.0,,9.695,0.342,,,5.522,1.098,1.821,1.253,0.025,10.384,0.366
Cameroon,CMR,2024,29123748.0,,9.632,0.331,,,5.599,1.114,1.821,1.098,0.025,,
Canada,CAN,1990,27789437.0,835996817449.0,458.018,16.482,0.548,99.139,212.193,125.706,5.823,11.835,2.015,497.179,17.891
Canada,CAN,1991,28157154.0,820274272433.0,449.776,15.974,0.548,104.152,199.964,125.276,4.771,12.145,1.938,497.02,17.652
Canada,CAN,1992,28500066.0,829742094636.0,463.393,16.259,0.558,106.985,202.862,132.473,4.804,13.052,2.058,513.927,18.032
Canada,CAN,1993,28830635.0,853775990714.0,464.072,16.096,0.544,99.618,206.16,137.022,4.893,13.19,2.04,498.713,17.298
Canada,CAN,1994,29147383.0,894851932653.0,478.468,16.415,0.535,103.287,211.173,140.26,5.769,14.459,2.083,504.29,17.301
Canada,CAN,1995,29459138.0,921360066054.0,491.305,16.678,0.533,104.709,213.868,147.985,6.529,14.716,2.089,514.113,17.452
Canada,CAN,1996,29767210.0,938872519434.0,507.775,17.058,0.541,106.867,220.802,154.547,6.185,15.911,2.095,523.839,17.598
Canada,CAN,1997,30059088.0,981728042651.0,522.019,17.366,0.532,113.731,228.749,153.155,6.657,16.052,2.141,551.441,18.345
Canada,CAN,1998,30329971.0,1022474596969.0,529.615,17.462,0.518,119.841,231.618,149.967,6.828,17.756,2.18,560.778,18.489
Canada,CAN,1999,30599458.0,1078414980757.0,543.859,17.774,0.504,120.136,234.589,162.468,7.118,16.058,2.19,566.717,18.521
Canada,CAN,2000,30891800.0,1137681278760.0,566.68,18.344,0.498,129.483,237.243,173.031,7.232,16.04,2.221,581.546,18.825
Canada,CAN,2001,31213578.0,1161459919261.0,558.981,17.908,0.481,126.847,241.282,165.269,6.983,15.462,2.176,566.319,18.143
Canada,CAN,2002,31535579.0,1199865635264.0,564.256,17.893,0.47,124.528,242.197,171.331,7.148,15.822,2.148,585.508,18.567
Canada,CAN,2003,31836483.0,1224575760991.0,581.19,18.255,0.475,123.577,257.913,173.956,7.248,15.322,2.102,585.786,18.4
Canada,CAN,2004,32132680.0,1265917327101.0,576.286,17.935,0.455,116.233,263.667,169.728,7.52,15.796,2.014,592.041,18.425
Canada,CAN,2005,32440172.0,1310077836124.0,570.396,17.583,0.435,117.261,258.105,168.709,7.614,15.467,1.927,615.941,18.987
Canada,CAN,2006,32759174.0,1348293394113.0,566.315,17.287,0.42,114.604,256.937,168.049,7.728,15.823,1.851,593.299,18.111
Canada,CAN,2007,33092171.0,1379925831954.0,589.956,17.828,0.428,119.204,263.617,180.415,7.731,15.87,1.873,617.949,18.674
Canada,CAN,2008,33449088.0,1397938727409.0,574.214,17.167,0.411,113.144,255.22,180.742,6.988,15.121,1.792,600.405,17.95
Canada,CAN,2009,33826370.0,1360538049277.0,541.13,15.997,0.398,93.714,251.479,173.864,5.364,14.197,1.717,584.856,17.29
Canada,CAN,2010,34196900.0,1406355361431.0,554.307,16.209,0.394,96.395,257.185,177.71,6.005,14.491,1.664,618.655,18.091
Canada,CAN,2011,34555449.0,1454221365109.0,562.832,16.288,0.387,87.382,258.636,193.459,6.02,14.649,1.632,616.592,17.844
Canada,CAN,2012,34922513.0,1479829523672.0,561.77,16.086,0.38,82.209,258.238,196.532,6.532,15.536,1.607,614.216,17.588
Canada,CAN,2013,35293421.0,1514296485427.0,568.59,16.11,0.375,79.921,259.85,203.564,5.973,16.639,1.612,616.519,17.468
Canada,CAN,2014,35634265.0,1557757464897.0,564.938,15.854,0.363,77.558,252.104,210.171,5.912,16.523,1.593,599.08,16.812
Canada,CAN,2015,35962236.0,1568025782105.0,563.003,15.655,0.359,74.336,251.971,212.68,6.185,15.322,1.59,573.193,15.939
Canada,CAN,2016,36353345.0,1583727974022.0,553.707,15.231,0.35,74.532,247.842,209.467,6.114,13.296,1.564,546.736,15.04
Canada,CAN,2017,36808498.0,1631871440185.0,566.66,15.395,0.347,73.963,252.357,217.102,6.863,14.047,1.575,554.605,15.067
Canada,CAN,2018,37294996.0,1677189073139.0,575.091,15.42,0.343,62.467,258.216,230.629,6.99,14.539,1.566,556.62,14.925
Canada,CAN,2019,37782934.0,1708858221312.0,579.007,15.325,0.339,59.811,260.942,233.909,7.195,14.838,1.561,549.141,14.534
Canada,CAN,2020,38171903.0,1622144486274.0,524.208,13.733,0.323,49.442,225.773,224.876,6.713,15.156,1.491,502.928,13.175
Canada,CAN,2021,38454058.0,1703443269914.0,537.479,13.977,0.316,47.059,233.624,231.229,7.385,15.923,1.458,523.939,13.625
Canada,CAN,2022,38821259.0,1761295624423.0,547.658,14.107,0.311,39.157,242.291,240.854,6.752,16.306,1.459,530.259,13.659
Canada,CAN,2023,39299098.0,,545.479,13.88,,36.384,241.526,240.94,7.3,17.121,1.432,519.943,13.23
Canada,CAN,2024,39742429.0,,533.34,13.42,,28.672,244.572,233.468,7.3,17.121,1.382,,
Cape Verde,CPV,1990,375437.0,668100000.0,0.18,0.478,0.269,,0.18,,0.0,,0.001,,
Cape Verde,CPV,1991,384603.0,689942658.0,0.165,0.429,0.239,,0.165,,0.0,,0.001,,
Cape Verde,CPV,1992,393426.0,722536200.0,0.18,0.456,0.248,,0.18,,0.0,,0.001,,
Cape Verde,CPV,1993,401977.0,790274598.0,0.169,0.419,0.213,,0.169,,0.0,,0.001,,
Cape Verde,CPV,1994,410230.0,861446201.0,0.176,0.429,0.204,,0.176,,0.0,0.0,0.001,,
Cape Verde,CPV,1995,418116.0,941287684.0,0.198,0.473,0.21,,0.198,,0.0,0.0,0.001,,
Cape Verde,CPV,1996,425592.0,1024669345.0,0.22,0.517,0.215,,0.22,,0.0,0.0,0.001,,
Cape Verde,CPV,1997,432803.0,1122095895.0,0.227,0.525,0.202,,0.227,,0.0,0.0,0.001,,
Cape Verde,CPV,1998,439789.0,1238844923.0,0.242,0.55,0.195,,0.242,,0.0,0.0,0.001,,
Cape Verde,CPV,1999,446528.0,1412383310.0,0.286,0.64,0.202,,0.286,,0.0,0.0,0.001,,
Cape Verde,CPV,2000,453335.0,1540942373.0,0.297,0.655,0.193,,0.297,,0.0,0.0,0.001,,
Cape Verde,CPV,2001,460300.0,1663976329.0,0.348,0.756,0.209,,0.348,,0.0,0.0,0.001,,
Cape Verde,CPV,2002,467056.0,1787222988.0,0.385,0.824,0.215,,0.385,,0.0,0.0,0.001,,
Cape Verde,CPV,2003,473384.0,1904397612.0,0.414,0.875,0.217,,0.414,,0.0,0.0,0.001,,
Cape Verde,CPV,2004,479377.0,2022409320.0,0.429,0.894,0.212,,0.429,,0.0,0.0,0.001,,
Cape Verde,CPV,2005,485128.0,2194575514.0,0.447,0.921,0.204,,0.447,,0.0,0.0,0.002,,
Cape Verde,CPV,2006,490728.0,2457336149.0,0.495,1.008,0.201,,0.495,,0.0,0.0,0.002,,
Cape Verde,CPV,2007,496196.0,2720555147.0,0.506,1.019,0.186,,0.506,,0.0,0.0,0.002,,
Cape Verde,CPV,2008,501362.0,2956642825.0,0.473,0.943,0.16,,0.473,,0.0,0.0,0.001,,
Cape Verde,CPV,2009,506148.0,2969179680.0,0.524,1.035,0.176,,0.524,,0.0,0.0,0.002,,
Cape Verde,CPV,2010,509793.0,3071163589.0,0.557,1.092,0.181,,0.557,,0.0,0.0,0.002,,
Cape Verde,CPV,2011,511453.0,3248220000.0,0.616,1.204,0.19,,0.616,,0.0,0.0,0.002,,
Cape Verde,CPV,2012,511966.0,3287052000.0,0.502,0.98,0.153,,0.502,,0.0,0.0,0.001,,
Cape Verde,CPV,2013,512231.0,3310254000.0,0.495,0.966,0.149,,0.495,,0.0,0.0,0.001,,
Cape Verde,CPV,2014,512334.0,3375218000.0,0.491,0.958,0.145,,0.491,,0.0,0.0,0.001,,
Cape Verde,CPV,2015,512405.0,3421236000.0,0.495,0.965,0.145,,0.495,,0.0,0.0,0.001,,
Cape Verde,CPV,2016,512556.0,3573126874.0,0.531,1.037,0.149,,0.531,,0.0,0.0,0.002,,
Cape Verde,CPV,2017,512899.0,3751791578.0,0.572,1.114,0.152,,0.572,,0.0,0.0,0.002,,
Cape Verde,CPV,2018,513418.0,3892648372.0,0.572,1.113,0.147,,0.572,,0.0,0.0,0.002,,
Cape Verde,CPV,2019,514116.0,4189894317.0,0.63,1.226,0.15,,0.63,,0.0,0.0,0.002,,
Cape Verde,CPV,2020,514683.0,3381126423.0,0.52,1.011,0.154,,0.52,,0.0,0.0,0.001,,
Cape Verde,CPV,2021,516655.0,3611420923.0,0.59,1.142,0.163,,0.59,,0.0,0.0,0.002,,
Cape Verde,CPV,2022,519750.0,4251154554.0,0.598,1.15,0.141,,0.598,,0.0,0.0,0.002,,
Cape Verde,CPV,2023,522335.0,,0.571,1.094,,,0.571,,0.0,0.0,0.002,,
Cape Verde,CPV,2024,524878.0,,0.594,1.131,,,0.594,,0.0,0.0,0.002,,
Central African Republic,CAF,1990,2871915.0,3155955000.0,0.183,0.064,0.058,,0.183,,0.0,,0.001,,
Central African Republic,CAF,1991,2963195.0,3196204632.0,0.191,0.064,0.06,,0.191,,0.0,,0.001,,
Central African Republic,CAF,1992,3058837.0,3153286705.0,0.194,0.063,0.062,,0.194,,0.0,,0.001,,
Central African Republic,CAF,1993,3157842.0,3141613628.0,0.198,0.063,0.063,,0.198,,0.0,,0.001,,
Central African Republic,CAF,1994,3257956.0,3299692291.0,0.209,0.064,0.063,,0.209,,0.0,0.0,0.001,,
Central African Republic,CAF,1995,3348062.0,3468004734.0,0.209,0.062,0.06,,0.209,,0.0,0.0,0.001,,
Central African Republic,CAF,1996,3435973.0,3208680589.0,0.213,0.062,0.066,,0.213,,0.0,0.0,0.001,,
Central African Republic,CAF,1997,3531700.0,3401098287.0,0.216,0.061,0.064,,0.216,,0.0,0.0,0.001,,
Central African Republic,CAF,1998,3628833.0,3555832992.0,0.22,0.061,0.062,,0.22,,0.0,0.0,0.001,,
Central African Republic,CAF,1999,3729452.0,3763942207.0,0.231,0.062,0.061,,0.231,,0.0,0.0,0.001,,
Central African Republic,CAF,2000,3833421.0,3836505744.0,0.125,0.032,0.032,,0.125,,0.0,0.0,0.0,,
Central African Republic,CAF,2001,3919498.0,3861482755.0,0.143,0.036,0.037,,0.143,,0.0,0.0,0.001,,
Central African Republic,CAF,2002,4006079.0,3833969443.0,0.117,0.029,0.031,,0.117,,0.0,0.0,0.0,,
Central African Republic,CAF,2003,4103092.0,3563805910.0,0.114,0.028,0.032,,0.114,,0.0,0.0,0.0,,
Central African Republic,CAF,2004,4192828.0,3659297627.0,0.125,0.03,0.034,,0.125,,0.0,0.0,0.0,,
Central African Republic,CAF,2005,4288814.0,3745738822.0,0.128,0.03,0.034,,0.128,,0.0,0.0,0.0,,
Central African Republic,CAF,2006,4377582.0,3921727514.0,0.139,0.032,0.036,,0.139,,0.0,0.0,0.0,,
Central African Republic,CAF,2007,4462777.0,4078141542.0,0.154,0.034,0.038,,0.154,,0.0,0.0,0.0,,
Central African Republic,CAF,2008,4558989.0,4185491968.0,0.15,0.033,0.036,,0.15,,0.0,0.0,0.0,,
Central African Republic,CAF,2009,4529051.0,4261637773.0,0.154,0.034,0.036,,0.154,,0.0,0.0,0.0,,
Central African Republic,CAF,2010,4493003.0,4410453712.0,0.169,0.038,0.038,,0.169,,0.0,0.0,0.001,,
Central African Republic,CAF,2011,4565023.0,4499550000.0,0.154,0.034,0.034,,0.154,,0.0,0.0,0.0,,
Central African Republic,CAF,2012,4610848.0,4632212000.0,0.183,0.04,0.04,,0.183,,0.0,0.0,0.001,,
Central African Republic,CAF,2013,4642423.0,2929689000.0,0.103,0.022,0.035,,0.103,,0.0,0.0,0.0,,
Central African Republic,CAF,2014,4623187.0,2960958000.0,0.132,0.029,0.045,,0.132,,0.0,0.0,0.0,,
Central African Republic,CAF,2015,4629322.0,3105792000.0,0.194,0.042,0.063,,0.194,,0.0,0.0,0.001,,
Central African Republic,CAF,2016,4713663.0,3265229504.0,0.238,0.051,0.073,,0.238,,0.0,0.0,0.001,,
Central African Republic,CAF,2017,4793512.0,3421678627.0,0.286,0.06,0.084,,0.286,,0.0,0.0,0.001,,
Central African Republic,CAF,2018,4878663.0,3557270233.0,0.271,0.056,0.076,,0.271,,0.0,0.0,0.001,,
Central African Republic,CAF,2019,4944708.0,3662931320.0,0.311,0.063,0.085,,0.311,,0.0,0.0,0.001,,
Central African Republic,CAF,2020,5026629.0,3698072848.0,0.333,0.066,0.09,,0.333,,0.0,0.0,0.001,,
Central African Republic,CAF,2021,5112103.0,3734422040.0,0.366,0.072,0.098,,0.366,,0.0,0.0,0.001,,
Central African Republic,CAF,2022,5098038.0,3752056621.0,0.377,0.074,0.101,,0.377,,0.0,0.0,0.001,,
Central African Republic,CAF,2023,5152415.0,,0.389,0.076,,,0.389,,0.0,0.0,0.001,,
Central African Republic,CAF,2024,5330691.0,,0.395,0.074,,,0.395,,0.0,0.0,0.001,,
Chad,TCD,1990,5982838.0,4042256503.0,0.377,0.063,0.093,,0.377,,,,0.002,,
Chad,TCD,1991,6205688.0,4243508738.0,0.388,0.063,0.092,,0.388,,,,0.002,,
Chad,TCD,1992,6474651.0,4384566498.0,0.403,0.062,0.092,,0.403,,,,0.002,,
Chad,TCD,1993,6629147.0,4228383989.0,0.399,0.06,0.094,,0.399,,,,0.002,,
Chad,TCD,1994,6783456.0,4512686232.0,0.416,0.061,0.092,,0.41,,,0.005,0.002,,
Chad,TCD,1995,7089063.0,4614545072.0,0.427,0.06,0.093,,0.421,,,0.006,0.002,,
Chad,TCD,1996,7410107.0,4763184682.0,0.443,0.06,0.093,,0.436,,,0.007,0.002,,
Chad,TCD,1997,7670371.0,5091460240.0,0.453,0.059,0.089,,0.451,,,0.002,0.002,,
Chad,TCD,1998,7938841.0,5510466098.0,0.464,0.058,0.084,,0.462,,,0.002,0.002,,
Chad,TCD,1999,8222710.0,5546894673.0,0.474,0.058,0.085,,0.473,,,0.001,0.002,,
Chad,TCD,2000,8512092.0,5599887930.0,0.488,0.057,0.087,,0.487,,,0.0,0.002,,
Chad,TCD,2001,8804122.0,6336850686.0,0.506,0.057,0.08,,0.502,,,0.004,0.002,,
Chad,TCD,2002,9116195.0,6982839457.0,0.531,0.058,0.076,,0.513,,,0.018,0.002,,
Chad,TCD,2003,9487830.0,8110109949.0,0.882,0.093,0.109,,0.744,,,0.139,0.003,,
Chad,TCD,2004,9920036.0,11032101494.0,0.906,0.091,0.082,,0.751,,,0.155,0.003,,
Chad,TCD,2005,10328094.0,12146441188.0,0.929,0.09,0.077,,0.769,,,0.16,0.003,,
Chad,TCD,2006,10706426.0,12214525260.0,0.957,0.089,0.078,,0.788,,,0.17,0.003,,
Chad,TCD,2007,11081667.0,14704387197.0,1.089,0.098,0.074,,0.876,,,0.213,0.003,,
Chad,TCD,2008,11476299.0,15257312990.0,0.872,0.076,0.057,,0.744,,,0.129,0.003,,
Chad,TCD,2009,11893753.0,17078193621.0,1.22,0.103,0.071,,1.11,,,0.11,0.004,,
Chad,TCD,2010,12312580.0,19869964230.0,1.236,0.1,0.062,,1.136,,0.0,0.1,0.004,,
Chad,TCD,2011,12755004.0,19903398034.0,1.277,0.1,0.064,,1.129,,0.001,0.147,0.004,,
Chad,TCD,2012,13211006.0,21656293766.0,1.747,0.132,0.081,,1.499,,0.054,0.195,0.005,,
Chad,TCD,2013,13691081.0,22902174388.0,2.082,0.152,0.091,,1.759,,0.07,0.253,0.006,,
Chad,TCD,2014,14188680.0,24480827952.0,2.183,0.154,0.089,,1.799,,0.077,0.306,0.006,,
Chad,TCD,2015,14647626.0,24914134960.0,2.352,0.161,0.094,,1.818,,0.085,0.449,0.007,,
Chad,TCD,2016,15114652.0,23529405356.0,2.382,0.158,0.101,,1.784,,0.097,0.5,0.007,,
Chad,TCD,2017,15622756.0,22969403286.0,2.341,0.15,0.102,,1.766,,0.136,0.439,0.007,,
Chad,TCD,2018,16156535.0,23510339039.0,2.384,0.148,0.101,,1.843,,0.143,0.397,0.006,,
Chad,TCD,2019,16685223.0,24314153239.0,2.3,0.138,0.095,,1.821,,0.159,0.32,0.006,,
Chad,TCD,2020,17224686.0,23793345004.0,2.356,0.137,0.099,,1.924,,0.151,0.281,0.007,,
Chad,TCD,2021,17828274.0,23531147275.0,2.67,0.15,0.113,,2.136,,0.198,0.336,0.007,,
Chad,TCD,2022,18455319.0,24118013870.0,2.8,0.152,0.116,,2.15,,0.232,0.417,0.007,,
Chad,TCD,2023,19319075.0,,2.848,0.147,,,2.218,,0.232,0.398,0.007,,
Chad,TCD,2024,20299131.0,,2.831,0.139,,,2.249,,0.232,0.35,0.007,,
Chile,CHL,1990,13437181.0,133955187000.0,32.908,2.449,0.246,10.707,18.527,2.613,0.676,0.385,0.145,32.379,2.41
Chile,CHL,1991,13662482.0,143694660776.0,30.892,2.261,0.215,8.628,19.113,2.198,0.715,0.238,0.133,31.395,2.298
Chile,CHL,1992,13884579.0,160277244361.0,32.001,2.305,0.2,7.456,20.819,2.612,0.871,0.242,0.142,33.909,2.442
Chile,CHL,1993,14102276.0,170385338997.0,34.098,2.418,0.2,7.628,22.819,2.448,1.005,0.198,0.15,36.108,2.56
Chile,CHL,1994,14316263.0,178942754051.0,37.975,2.653,0.212,9.362,24.234,2.631,1.119,0.63,0.165,38.923,2.719
Chile,CHL,1995,14527382.0,196694148759.0,41.563,2.861,0.211,10.314,26.835,2.616,0.992,0.805,0.177,42.171,2.903
Chile,CHL,1996,14734049.0,209865805164.0,48.226,3.273,0.23,14.415,29.259,2.682,0.961,0.908,0.199,48.116,3.266
Chile,CHL,1997,14932436.0,222279419403.0,55.942,3.746,0.252,18.606,31.052,4.529,0.946,0.809,0.229,55.734,3.732
Chile,CHL,1998,15127799.0,227977542773.0,57.258,3.785,0.251,17.77,31.21,6.441,1.131,0.706,0.236,60.14,3.975
Chile,CHL,1999,15319311.0,224771940848.0,61.408,4.009,0.273,18.518,32.155,9.032,0.951,0.752,0.247,60.421,3.944
Chile,CHL,2000,15503638.0,233340518904.0,58.503,3.773,0.251,14.242,30.627,11.919,1.01,0.704,0.229,60.948,3.931
Chile,CHL,2001,15683852.0,239642803054.0,52.918,3.374,0.221,9.263,28.468,13.517,1.013,0.657,0.206,54.629,3.483
Chile,CHL,2002,15857926.0,243288829547.0,54.836,3.458,0.225,9.38,30.323,13.506,1.079,0.548,0.209,58.812,3.709
Chile,CHL,2003,16024755.0,250723122339.0,55.1,3.438,0.22,9.244,29.587,14.737,1.113,0.419,0.199,55.012,3.433
Chile,CHL,2004,16187324.0,264146071325.0,59.221,3.658,0.224,10.274,31.324,16.048,1.193,0.382,0.207,58.686,3.625
Chile,CHL,2005,16348780.0,278000705012.0,61.116,3.738,0.22,10.241,33.826,15.557,1.152,0.34,0.206,63.159,3.863
Chile,CHL,2006,16509195.0,293258343549.0,64.048,3.88,0.218,12.535,35.735,14.334,1.236,0.209,0.209,66.418,4.023
Chile,CHL,2007,16671571.0,305709457316.0,70.469,4.227,0.231,13.003,47.223,8.764,1.316,0.163,0.224,73.028,4.38
Chile,CHL,2008,16838987.0,314032357531.0,70.549,4.19,0.225,16.733,47.549,4.825,1.307,0.135,0.22,84.475,5.017
Chile,CHL,2009,17009730.0,306660166266.0,65.96,3.878,0.215,13.429,44.932,6.379,1.081,0.14,0.209,65.88,3.873
Chile,CHL,2010,17181463.0,321457401232.0,71.347,4.153,0.222,16.525,43.461,10.227,1.046,0.088,0.214,76.566,4.456
Chile,CHL,2011,17351810.0,338708860136.0,78.071,4.499,0.23,20.848,45.628,10.45,1.08,0.066,0.226,88.35,5.092
Chile,CHL,2012,17519116.0,359556383692.0,79.621,4.545,0.221,23.479,45.162,9.809,1.127,0.044,0.228,95.012,5.423
Chile,CHL,2013,17687006.0,371454072393.0,81.733,4.621,0.22,25.395,45.914,9.292,1.086,0.047,0.232,92.657,5.239
Chile,CHL,2014,17864192.0,378114271615.0,77.586,4.343,0.205,24.385,43.82,8.296,1.022,0.064,0.219,85.495,4.786
Chile,CHL,2015,18047630.0,386251266445.0,81.778,4.531,0.212,27.191,44.353,9.112,1.033,0.09,0.231,88.169,4.885
Chile,CHL,2016,18267225.0,393022253885.0,84.25,4.612,0.214,27.015,46.064,9.951,1.12,0.1,0.238,88.83,4.863
Chile,CHL,2017,18558868.0,398359518680.0,84.135,4.533,0.211,27.754,45.465,9.944,0.915,0.058,0.234,88.806,4.785
Chile,CHL,2018,18893185.0,414254051745.0,84.443,4.469,0.204,27.07,46.573,9.981,0.73,0.089,0.23,92.76,4.91
Chile,CHL,2019,19197748.0,417331966568.0,91.977,4.791,0.22,31.017,48.022,12.051,0.84,0.046,0.248,97.968,5.103
Chile,CHL,2020,19370621.0,391686945225.0,80.178,4.139,0.205,25.193,43.035,11.043,0.88,0.028,0.228,83.111,4.291
Chile,CHL,2021,19456323.0,437659188270.0,83.63,4.298,0.191,24.101,46.49,12.083,0.944,0.012,0.227,91.102,4.682
Chile,CHL,2022,19553033.0,448338105532.0,85.744,4.385,0.191,19.858,52.159,12.867,0.851,0.008,0.228,92.385,4.725
Chile,CHL,2023,19658833.0,,77.604,3.948,,11.731,51.571,13.446,0.851,0.006,0.204,88.157,4.484
Chile,CHL,2024,19764774.0,,78.726,3.983,,10.874,54.435,12.559,0.851,0.006,0.204,,
China,CHN,1990,1153582725.0,3385121670000.0,2483.534,2.153,0.734,1976.808,330.292,29.301,83.068,,10.925,2360.771,2.046
China,CHN,1991,1170788533.0,3508948004345.0,2619.143,2.237,0.746,2049.723,356.027,30.778,99.573,,11.287,2457.917,2.099
China,CHN,1992,1184574236.0,3755037703201.0,2731.29,2.306,0.727,2114.612,385.794,30.239,120.352,,12.128,2658.184,2.244
China,CHN,1993,1197308574.0,4126169229667.0,2914.284,2.434,0.706,2228.683,428.549,35.728,140.333,,12.81,2810.093,2.347
China,CHN,1994,1209003099.0,4438753488140.0,3093.891,2.559,0.697,2380.736,423.712,41.568,161.567,3.737,13.467,2792.039,2.309
China,CHN,1995,1220133929.0,4809999898743.0,3351.197,2.747,0.697,2569.699,468.23,42.436,181.48,3.728,14.25,3036.594,2.489
China,CHN,1996,1230944809.0,5127589598793.0,3499.311,2.843,0.682,2660.288,510.622,44.47,189.556,5.584,14.44,3159.358,2.567
China,CHN,1997,1241139623.0,5291338914515.0,3512.35,2.83,0.664,2609.78,557.961,44.158,199.406,5.425,14.406,3099.581,2.497
China,CHN,1998,1250847122.0,5338703042331.0,3355.336,2.682,0.628,2444.896,559.262,50.501,207.755,4.132,13.81,2997.351,2.396
China,CHN,1999,1260176650.0,5578503091801.0,3549.949,2.817,0.636,2580.985,596.751,54.572,224.419,4.433,14.293,3191.316,2.532
China,CHN,2000,1269581174.0,5952682232028.0,3643.81,2.87,0.612,2601.591,648.685,59.796,240.21,4.737,14.283,3236.004,2.549
China,CHN,2001,1278725061.0,6329737256820.0,3724.114,2.912,0.588,2637.885,659.301,67.158,266.198,4.783,14.495,3331.183,2.605
China,CHN,2002,1286866835.0,6814493895929.0,4098.181,3.185,0.601,3018.604,653.087,53.993,277.856,4.486,15.603,3619.706,2.813
China,CHN,2003,1294517323.0,7248623080792.0,4835.251,3.735,0.667,3601.892,727.099,60.745,347.633,5.18,17.486,4019.688,3.105
China,CHN,2004,1302100316.0,7830953177799.0,5210.961,4.002,0.665,3835.193,839.096,71.521,362.099,5.192,18.214,4254.644,3.268
China,CHN,2005,1310027135.0,8602939667333.0,5881.991,4.49,0.684,4424.24,850.176,84.957,411.643,5.588,19.872,4646.61,3.547
China,CHN,2006,1318054030.0,9489543138489.0,6486.185,4.921,0.684,4905.253,898.537,103.753,462.05,5.534,21.201,5064.245,3.842
China,CHN,2007,1325813576.0,10358206113742.0,6974.663,5.261,0.673,5289.79,927.355,129.515,506.177,4.965,22.142,5468.66,4.125
China,CHN,2008,1333821011.0,10799148337884.0,7492.404,5.617,0.694,5729.368,970.121,149.674,516.934,4.666,23.377,5887.975,4.414
China,CHN,2009,1342522717.0,11572544299171.0,7881.491,5.871,0.681,6028.871,982.355,164.404,573.584,4.557,25.01,6653.185,4.956
China,CHN,2010,1351561505.0,12858808500983.0,8610.048,6.37,0.67,6569.148,1092.572,199.585,628.658,3.974,25.842,7260.693,5.372
China,CHN,2011,1360250658.0,13691526496125.0,9520.153,6.999,0.695,7309.64,1123.862,245.99,696.451,3.853,27.611,8056.911,5.923
China,CHN,2012,1369520866.0,14773157494771.0,9767.311,7.132,0.661,7464.979,1176.716,277.599,702.562,3.733,27.943,8342.668,6.092
China,CHN,2013,1379008040.0,15925464549520.0,9942.371,7.21,0.624,7493.418,1234.622,320.127,735.53,3.632,28.185,8627.376,6.256
China,CHN,2014,1387951970.0,17103948867278.0,9976.027,7.188,0.583,7425.231,1255.609,370.222,757.115,3.93,28.129,8720.13,6.283
China,CHN,2015,1396134171.0,18301224436466.0,9858.04,7.061,0.539,7266.352,1328.812,380.052,706.275,3.901,27.845,8789.746,6.296
China,CHN,2016,1404052628.0,19545709173693.0,9748.175,6.943,0.499,7071.886,1357.842,421.726,728.112,3.09,27.543,8672.109,6.176
China,CHN,2017,1412354730.0,20894362082435.0,10000.014,7.08,0.479,7163.662,1430.594,486.359,740.559,2.969,27.797,8957.402,6.342
China,CHN,2018,1419008954.0,22294284747546.0,10346.79,7.292,0.464,7316.7,1500.478,575.369,752.743,3.408,28.167,9443.433,6.655
China,CHN,2019,1423520357.0,23631941251482.0,10713.515,7.526,0.453,7522.577,1559.739,630.171,805.948,3.839,28.888,9767.083,6.861
China,CHN,2020,1426106093.0,24151843898871.0,10896.521,7.641,0.451,7679.382,1523.058,676.473,828.71,5.17,30.993,9798.917,6.871
China,CHN,2021,1426437269.0,26180600167672.0,11284.401,7.911,0.431,8004.203,1521.109,765.332,802.485,4.812,30.609,10087.989,7.072
China,CHN,2022,1425179562.0,26966016991166.0,11711.808,8.218,0.434,8468.947,1559.721,773.225,718.777,4.678,31.208,10427.033,7.316
China,CHN,2023,1422584930.0,,12172.009,8.556,,8740.891,1729.58,828.897,681.688,4.494,31.953,10857.025,7.632
China,CHN,2024,1419321284.0,,12289.037,8.658,,8886.021,1705.386,889.406,617.752,4.013,31.838,,
Christmas Island,CXR,1990,,,,,,,,,0.0,,,,
Christmas Island,CXR,1991,,,,,,,,,0.0,,,,
Christmas Island,CXR,1992,,,,,,,,,0.0,,,,
Christmas Island,CXR,1993,,,,,,,,,0.0,,,,
Christmas Island,CXR,1994,,,0.0,,,,,,0.0,0.0,0.0,,
Christmas Island,CXR,1995,,,0.0,,,,,,0.0,0.0,0.0,,
Christmas Island,CXR,1996,,,0.0,,,,,,0.0,0.0,0.0,,
Christmas Island,CXR,1997,,,0.0,,,,,,0.0,0.0,0.0,,
Christmas Island,CXR,1998,,,0.0,,,,,,0.0,0.0,0.0,,
Christmas Island,CXR,1999,,,0.0,,,,,,0.0,0.0,0.0,,
Christmas Island,CXR,2000,,,0.0,,,,,,0.0,0.0,0.0,,
Christmas Island,CXR,2001,,,0.0,,,,,,0.0,0.0,0.0,,
Christmas Island,CXR,2002,,,0.0,,,,,,0.0,0.0,0.0,,
Christmas Island,CXR,2003,,,0.0,,,,,,0.0,0.0,0.0,,
Christmas Island,CXR,2004,,,0.0,,,,,,0.0,0.0,0.0,,
Christmas Island,CXR,2005,,,0.0,,,,,,0.0,0.0,0.0,,
Christmas Island,CXR,2006,,,0.0,,,,,,0.0,0.0,0.0,,
Christmas Island,CXR,2007,,,0.0,,,,,,0.0,0.0,0.0,,
Christmas Island,CXR,2008,,,0.0,,,,,,0.0,0.0,0.0,,
Christmas Island,CXR,2009,,,0.0,,,,,,0.0,0.0,0.0,,
Christmas Island,CXR,2010,,,0.0,,,,,,0.0,0.0,0.0,,
Christmas Island,CXR,2011,,,0.0,,,,,,0.0,0.0,0.0,,
Christmas Island,CXR,2012,,,0.0,,,,,,0.0,0.0,0.0,,
Christmas Island,CXR,2013,,,0.0,,,,,,0.0,0.0,0.0,,
Christmas Island,CXR,2014,,,0.0,,,,,,0.0,0.0,0.0,,
Christmas Island,CXR,2015,,,0.0,,,,,,0.0,0.0,0.0,,
Christmas Island,CXR,2016,,,0.0,,,,,,0.0,0.0,0.0,,
Christmas Island,CXR,2017,,,0.0,,,,,,0.0,0.0,0.0,,
Christmas Island,CXR,2018,,,0.0,,,,,,0.0,0.0,0.0,,
Christmas Island,CXR,2019,,,0.0,,,,,,0.0,0.0,0.0,,
Christmas Island,CXR,2020,,,0.0,,,,,,0.0,0.0,0.0,,
Christmas Island,CXR,2021,,,0.0,,,,,,0.0,0.0,0.0,,
Christmas Island,CXR,2022,,,0.0,,,,,,0.0,0.0,0.0,,
Christmas Island,CXR,2023,,,0.0,,,,,,0.0,0.0,0.0,,
Christmas Island,CXR,2024,,,0.0,,,,,,0.0,0.0,0.0,,
Colombia,COL,1990,32440064.0,253538201000.0,56.857,1.753,0.224,13.828,31.111,8.372,2.74,0.806,0.25,60.09,1.852
Colombia,COL,1991,33098373.0,259415683485.0,56.609,1.71,0.218,12.351,31.998,8.695,2.737,0.828,0.244,59.173,1.788
Colombia,COL,1992,33760571.0,270562880339.0,61.341,1.817,0.227,13.495,35.651,8.365,2.907,0.923,0.272,66.564,1.972
Colombia,COL,1993,34441479.0,286025318326.0,63.26,1.837,0.221,14.107,36.038,8.644,3.339,1.132,0.278,68.0,1.974
Colombia,COL,1994,35127408.0,300636179033.0,66.982,1.907,0.223,13.534,39.558,8.976,3.945,0.969,0.292,71.34,2.031
Colombia,COL,1995,35804670.0,316101744239.0,59.35,1.658,0.188,14.04,31.793,8.295,3.92,1.301,0.252,65.688,1.835
Colombia,COL,1996,36462740.0,322403822039.0,59.628,1.635,0.185,12.403,32.577,10.234,3.555,0.86,0.246,64.908,1.78
Colombia,COL,1997,37121155.0,333997136300.0,65.096,1.754,0.195,12.201,34.797,12.454,3.777,1.866,0.267,70.36,1.895
Colombia,COL,1998,37792169.0,335365604121.0,65.56,1.735,0.195,11.592,35.356,13.021,3.674,1.916,0.27,70.919,1.877
Colombia,COL,1999,38454861.0,321583145089.0,55.286,1.438,0.172,9.585,30.393,11.201,2.788,1.319,0.223,54.526,1.418
Colombia,COL,2000,39089939.0,330615619673.0,56.213,1.438,0.17,10.033,29.329,12.488,3.057,1.307,0.22,54.095,1.384
Colombia,COL,2001,39709263.0,336096684249.0,56.465,1.422,0.168,10.127,28.543,13.26,2.926,1.609,0.22,54.873,1.382
Colombia,COL,2002,40324684.0,344517683680.0,55.417,1.374,0.161,9.061,28.722,13.245,2.829,1.559,0.211,54.938,1.362
Colombia,COL,2003,40937426.0,357889195415.0,57.033,1.393,0.159,10.311,29.647,12.682,3.123,1.27,0.206,59.851,1.462
Colombia,COL,2004,41543177.0,376728225954.0,54.324,1.308,0.144,7.075,29.525,13.348,3.328,1.049,0.19,59.679,1.437
Colombia,COL,2005,42128978.0,394076061209.0,60.256,1.43,0.153,10.215,30.93,14.007,4.249,0.857,0.204,66.697,1.583
Colombia,COL,2006,42691081.0,420283862175.0,62.466,1.463,0.149,9.332,33.969,14.033,4.3,0.831,0.204,72.402,1.696
Colombia,COL,2007,43235374.0,448731322364.0,60.67,1.403,0.135,8.031,33.02,14.033,4.741,0.844,0.193,76.21,1.763
Colombia,COL,2008,43758805.0,464038717488.0,66.982,1.531,0.144,10.747,33.441,17.518,4.479,0.798,0.209,81.16,1.855
Colombia,COL,2009,44271543.0,471326580093.0,71.771,1.621,0.152,11.084,35.739,20.097,3.955,0.897,0.228,82.575,1.865
Colombia,COL,2010,44777325.0,489870174161.0,75.431,1.685,0.154,12.607,35.697,21.987,4.072,1.069,0.226,89.392,1.996
Colombia,COL,2011,45259614.0,521323240921.0,75.191,1.661,0.144,12.725,35.339,21.05,4.618,1.46,0.218,92.364,2.041
Colombia,COL,2012,45715807.0,541722649583.0,78.675,1.721,0.145,10.326,38.917,22.901,4.68,1.851,0.225,97.147,2.125
Colombia,COL,2013,46151583.0,569534665242.0,86.445,1.873,0.152,16.264,41.509,22.339,4.669,1.662,0.245,104.41,2.262
Colombia,COL,2014,46565426.0,595158021031.0,92.042,1.977,0.155,16.458,45.216,23.907,4.834,1.627,0.26,113.149,2.43
Colombia,COL,2015,46969938.0,612750891790.0,91.027,1.938,0.149,17.602,42.891,24.406,4.585,1.543,0.257,108.187,2.303
Colombia,COL,2016,47437513.0,625545111723.0,91.583,1.931,0.146,17.994,45.459,22.896,4.124,1.109,0.259,107.751,2.271
Colombia,COL,2017,48131076.0,634046295892.0,83.459,1.734,0.132,12.655,42.872,22.783,4.115,1.034,0.232,99.169,2.06
Colombia,COL,2018,49024463.0,650303209362.0,90.811,1.852,0.14,11.219,50.695,23.53,4.321,1.045,0.247,106.349,2.169
Colombia,COL,2019,49907987.0,671028388046.0,98.962,1.983,0.147,23.79,45.58,24.223,4.365,1.003,0.267,112.45,2.253
Colombia,COL,2020,50629997.0,622365414246.0,92.305,1.823,0.148,20.343,43.224,23.952,4.054,0.733,0.263,105.499,2.084
Colombia,COL,2021,51188174.0,690925195330.0,103.734,2.027,0.15,19.742,56.821,21.76,4.794,0.616,0.281,116.946,2.285
Colombia,COL,2022,51737944.0,742716953392.0,89.437,1.729,0.12,17.894,44.467,21.54,5.077,0.458,0.238,103.876,2.008
Colombia,COL,2023,52321152.0,,89.992,1.72,,19.657,42.451,22.344,4.938,0.603,0.236,104.465,1.997
Colombia,COL,2024,52886360.0,,92.659,1.752,,22.3,42.094,23.021,4.665,0.58,0.24,,
Comoros,COM,1990,444601.0,469560000.0,0.062,0.14,0.133,,0.062,,0.0,,0.0,,
Comoros,COM,1991,455563.0,484441557.0,0.066,0.145,0.136,,0.066,,0.0,,0.0,,
Comoros,COM,1992,465118.0,534666886.0,0.07,0.15,0.13,,0.07,,0.0,,0.0,,
Comoros,COM,1993,473681.0,558102852.0,0.07,0.147,0.125,,0.07,,0.0,,0.0,,
Comoros,COM,1994,482148.0,536542946.0,0.073,0.152,0.137,,0.073,,0.0,0.0,0.0,,
Comoros,COM,1995,490594.0,563630517.0,0.077,0.157,0.137,,0.077,,0.0,0.0,0.0,,
Comoros,COM,1996,499113.0,563951171.0,0.077,0.154,0.136,,0.077,,0.0,0.0,0.0,,
Comoros,COM,1997,507779.0,595856754.0,0.081,0.159,0.135,,0.081,,0.0,0.0,0.0,,
Comoros,COM,1998,516606.0,611159252.0,0.088,0.17,0.144,,0.088,,0.0,0.0,0.0,,
Comoros,COM,1999,525894.0,631495315.0,0.095,0.181,0.151,,0.095,,0.0,0.0,0.0,,
Comoros,COM,2000,536084.0,656399277.0,0.103,0.191,0.156,,0.103,,0.0,0.0,0.0,,
Comoros,COM,2001,547221.0,680582090.0,0.106,0.194,0.156,,0.106,,0.0,0.0,0.0,,
Comoros,COM,2002,558927.0,705937319.0,0.106,0.19,0.151,,0.106,,0.0,0.0,0.0,,
Comoros,COM,2003,569808.0,731630321.0,0.136,0.238,0.185,,0.136,,0.0,0.0,0.0,,
Comoros,COM,2004,580711.0,755848590.0,0.15,0.259,0.199,,0.15,,0.0,0.0,0.001,,
Comoros,COM,2005,592679.0,788522780.0,0.143,0.241,0.181,,0.143,,0.0,0.0,0.0,,
Comoros,COM,2006,604752.0,888321718.0,0.169,0.279,0.19,,0.169,,0.0,0.0,0.001,,
Comoros,COM,2007,616935.0,908328164.0,0.106,0.172,0.117,,0.106,,0.0,0.0,0.0,,
Comoros,COM,2008,629314.0,956653402.0,0.11,0.175,0.115,,0.11,,0.0,0.0,0.0,,
Comoros,COM,2009,641949.0,1004144820.0,0.136,0.211,0.135,,0.136,,0.0,0.0,0.0,,
Comoros,COM,2010,654846.0,1011389038.0,0.161,0.246,0.159,,0.161,,0.0,0.0,0.0,,
Comoros,COM,2011,668064.0,1067838000.0,0.143,0.214,0.134,,0.143,,0.0,0.0,0.0,,
Comoros,COM,2012,681637.0,1112133000.0,0.154,0.226,0.138,,0.154,,0.0,0.0,0.0,,
Comoros,COM,2013,696203.0,1217488000.0,0.183,0.263,0.15,,0.183,,0.0,0.0,0.001,,
Comoros,COM,2014,711512.0,1263249000.0,0.165,0.232,0.131,,0.165,,0.0,0.0,0.0,,
Comoros,COM,2015,726685.0,1324576000.0,0.18,0.247,0.136,,0.18,,0.0,0.0,0.001,,
Comoros,COM,2016,741745.0,1356063486.0,0.205,0.277,0.151,,0.205,,0.0,0.0,0.001,,
Comoros,COM,2017,756672.0,1426021134.0,0.264,0.349,0.185,,0.264,,0.0,0.0,0.001,,
Comoros,COM,2018,771597.0,1479483924.0,0.286,0.37,0.193,,0.286,,0.0,0.0,0.001,,
Comoros,COM,2019,786582.0,1533170985.0,0.311,0.396,0.203,,0.311,,0.0,0.0,0.001,,
Comoros,COM,2020,802172.0,1594579416.0,0.37,0.461,0.232,,0.37,,0.0,0.0,0.001,,
Comoros,COM,2021,818178.0,1639163875.0,0.498,0.609,0.304,,0.498,,0.0,0.0,0.001,,
Comoros,COM,2022,834191.0,1682076951.0,0.532,0.637,0.316,,0.532,,0.0,0.0,0.001,,
Comoros,COM,2023,850390.0,,0.542,0.638,,,0.542,,0.0,0.0,0.001,,
Comoros,COM,2024,866632.0,,0.552,0.637,,,0.552,,0.0,0.0,0.001,,
Congo,COG,1990,2380562.0,8597207705.0,1.008,0.423,0.117,,0.971,,0.037,,0.004,,
Congo,COG,1991,2449235.0,9009686346.0,1.083,0.442,0.12,,1.041,,0.042,,0.005,,
Congo,COG,1992,2519467.0,9460341965.0,1.289,0.512,0.136,,1.242,,0.047,,0.006,,
Congo,COG,1993,2595127.0,9584773341.0,1.16,0.447,0.121,,1.114,,0.047,,0.005,,
Congo,COG,1994,2673147.0,9269118406.0,3.384,1.266,0.365,,1.733,,0.035,1.615,0.015,,
Congo,COG,1995,2749464.0,9864798737.0,3.225,1.173,0.327,,1.147,,0.039,2.039,0.014,,
Congo,COG,1996,2826786.0,10738735212.0,4.037,1.428,0.376,,1.319,,0.02,2.698,0.017,,
Congo,COG,1997,2887862.0,10724892959.0,4.831,1.673,0.45,,1.913,,0.008,2.91,0.02,,
Congo,COG,1998,2952062.0,11368414038.0,3.869,1.311,0.34,,0.355,,0.0,3.514,0.016,,
Congo,COG,1999,3032876.0,11329492011.0,3.916,1.291,0.346,,0.363,,0.0,3.553,0.016,,
Congo,COG,2000,3151349.0,12472135877.0,4.284,1.359,0.344,,0.473,,0.008,3.804,0.017,,
Congo,COG,2001,3272542.0,13249308227.0,4.178,1.277,0.315,,0.605,0.0,0.0,3.573,0.016,,
Congo,COG,2002,3350770.0,14180954098.0,2.72,0.812,0.192,,0.491,0.0,0.0,2.229,0.01,,
Congo,COG,2003,3445758.0,14627827623.0,3.258,0.946,0.223,,0.777,0.033,0.0,2.448,0.012,,
Congo,COG,2004,3565565.0,15504146539.0,3.549,0.995,0.229,,0.821,0.037,0.0,2.691,0.012,,
Congo,COG,2005,3696399.0,17078609818.0,4.352,1.177,0.255,,0.913,0.044,0.04,3.356,0.015,,
Congo,COG,2006,3837411.0,18567839817.0,4.786,1.247,0.258,,1.044,0.044,0.039,3.658,0.016,,
Congo,COG,2007,3980430.0,18699065550.0,4.259,1.07,0.228,,1.132,0.04,0.039,3.048,0.014,,
Congo,COG,2008,4113514.0,20270055811.0,4.27,1.038,0.211,,1.242,0.048,0.04,2.94,0.013,,
Congo,COG,2009,4281218.0,22298715246.0,4.944,1.155,0.222,,1.576,0.106,0.042,3.22,0.016,,
Congo,COG,2010,4462304.0,24809062977.0,5.5,1.233,0.222,,1.737,0.194,0.031,3.538,0.017,,
Congo,COG,2011,4609728.0,26249089782.0,5.046,1.095,0.192,,1.931,0.282,0.027,2.807,0.015,,
Congo,COG,2012,4740457.0,28860086022.0,5.018,1.059,0.174,,2.479,0.407,0.057,2.075,0.014,,
Congo,COG,2013,4857104.0,28654592534.0,5.89,1.213,0.206,,2.53,0.579,0.097,2.684,0.017,,
Congo,COG,2014,4975887.0,30579326354.0,5.471,1.1,0.179,,2.402,0.524,0.178,2.367,0.015,,
Congo,COG,2015,5097583.0,29493455123.0,5.637,1.106,0.191,,2.173,0.982,0.271,2.211,0.016,,
Congo,COG,2016,5222545.0,26313174327.0,5.727,1.097,0.218,,2.127,1.124,0.368,2.108,0.016,,
Congo,COG,2017,5351013.0,25159867387.0,5.651,1.056,0.225,,1.924,1.183,0.407,2.137,0.016,,
Congo,COG,2018,5483128.0,23950933949.0,6.545,1.194,0.273,,1.953,1.345,0.271,2.976,0.018,,
Congo,COG,2019,5616656.0,24196673159.0,7.294,1.299,0.301,,1.975,1.887,0.283,3.149,0.02,,
Congo,COG,2020,5752792.0,22696964187.0,7.677,1.335,0.338,,2.114,1.968,0.232,3.363,0.022,,
Congo,COG,2021,5892187.0,23037421913.0,7.393,1.255,0.321,,2.207,2.035,0.29,2.862,0.02,,
Congo,COG,2022,6035104.0,23679011891.0,8.728,1.446,0.369,,2.379,2.581,0.346,3.421,0.023,,
Congo,COG,2023,6182890.0,,8.274,1.338,,,2.453,2.333,0.346,3.141,0.022,,
Congo,COG,2024,6332969.0,,8.84,1.396,,,2.487,2.366,0.346,3.64,0.023,,
Cook Islands,COK,1990,17146.0,,0.04,2.351,,,0.04,,0.0,,0.0,,
Cook Islands,COK,1991,17329.0,,0.04,2.326,,,0.04,,0.0,,0.0,,
Cook Islands,COK,1992,17495.0,,0.04,2.304,,,0.04,,0.0,,0.0,,
Cook Islands,COK,1993,17615.0,,0.044,2.496,,,0.044,,0.0,,0.0,,
Cook Islands,COK,1994,17710.0,,0.044,2.483,,,0.044,,0.0,0.0,0.0,,
Cook Islands,COK,1995,17801.0,,0.044,2.47,,,0.044,,0.0,0.0,0.0,,
Cook Islands,COK,1996,17880.0,,0.051,2.869,,,0.051,,0.0,0.0,0.0,,
Cook Islands,COK,1997,17648.0,,0.051,2.907,,,0.051,,0.0,0.0,0.0,,
Cook Islands,COK,1998,17102.0,,0.051,2.999,,,0.051,,0.0,0.0,0.0,,
Cook Islands,COK,1999,16508.0,,0.051,3.107,,,0.051,,0.0,0.0,0.0,,
Cook Islands,COK,2000,15876.0,,0.051,3.231,,,0.051,,0.0,0.0,0.0,,
Cook Islands,COK,2001,15259.0,,0.055,3.602,,,0.055,,0.0,0.0,0.0,,
Cook Islands,COK,2002,14994.0,,0.044,2.932,,,0.044,,0.0,0.0,0.0,,
Cook Islands,COK,2003,15049.0,,0.048,3.165,,,0.048,,0.0,0.0,0.0,,
Cook Islands,COK,2004,15103.0,,0.051,3.396,,,0.051,,0.0,0.0,0.0,,
Cook Islands,COK,2005,15153.0,,0.059,3.869,,,0.059,,0.0,0.0,0.0,,
Cook Islands,COK,2006,15233.0,,0.066,4.33,,,0.066,,0.0,0.0,0.0,,
Cook Islands,COK,2007,15519.0,,0.066,4.25,,,0.066,,0.0,0.0,0.0,,
Cook Islands,COK,2008,16003.0,,0.066,4.121,,,0.066,,0.0,0.0,0.0,,
Cook Islands,COK,2009,16497.0,,0.062,3.776,,,0.062,,0.0,0.0,0.0,,
Cook Islands,COK,2010,17000.0,,0.07,4.095,,,0.07,,0.0,0.0,0.0,,
Cook Islands,COK,2011,17480.0,,0.077,4.402,,,0.077,,0.0,0.0,0.0,,
Cook Islands,COK,2012,17690.0,,0.081,4.557,,,0.081,,0.0,0.0,0.0,,
Cook Islands,COK,2013,17629.0,,0.081,4.572,,,0.081,,0.0,0.0,0.0,,
Cook Islands,COK,2014,17556.0,,0.081,4.591,,,0.081,,0.0,0.0,0.0,,
Cook Islands,COK,2015,17471.0,,0.077,4.404,,,0.077,,0.0,0.0,0.0,,
Cook Islands,COK,2016,17360.0,,0.077,4.432,,,0.077,,0.0,0.0,0.0,,
Cook Islands,COK,2017,17066.0,,0.077,4.509,,,0.077,,0.0,0.0,0.0,,
Cook Islands,COK,2018,16623.0,,0.077,4.629,,,0.077,,0.0,0.0,0.0,,
Cook Islands,COK,2019,16151.0,,0.081,4.991,,,0.081,,0.0,0.0,0.0,,
Cook Islands,COK,2020,15664.0,,0.066,4.21,,,0.066,,0.0,0.0,0.0,,
Cook Islands,COK,2021,15205.0,,0.073,4.819,,,0.073,,0.0,0.0,0.0,,
Cook Islands,COK,2022,14747.0,,0.077,5.218,,,0.077,,0.0,0.0,0.0,,
Cook Islands,COK,2023,14244.0,,0.077,5.376,,,0.077,,0.0,0.0,0.0,,
Cook Islands,COK,2024,13750.0,,0.08,5.824,,,0.08,,0.0,0.0,0.0,,
Costa Rica,CRI,1990,3121707.0,22906633594.0,2.909,0.932,0.127,,2.645,,0.264,,0.013,4.863,1.558
Costa Rica,CRI,1991,3202182.0,23392535070.0,3.282,1.025,0.14,,2.986,,0.296,,0.014,5.058,1.58
Costa Rica,CRI,1992,3284261.0,25455642664.0,3.735,1.137,0.147,,3.44,,0.295,,0.017,5.625,1.713
Costa Rica,CRI,1993,3367436.0,27068748885.0,3.881,1.153,0.143,,3.521,,0.36,,0.017,5.597,1.662
Costa Rica,CRI,1994,3451122.0,28250615652.0,5.188,1.503,0.184,,4.796,,0.392,0.0,0.023,6.626,1.92
Costa Rica,CRI,1995,3535179.0,29404437442.0,4.789,1.355,0.163,,4.43,,0.359,0.0,0.02,6.517,1.843
Costa Rica,CRI,1996,3619012.0,29695504987.0,4.673,1.291,0.157,,4.331,,0.343,0.0,0.019,6.167,1.704
Costa Rica,CRI,1997,3701713.0,31327517132.0,4.9,1.324,0.156,,4.514,,0.386,0.0,0.02,7.178,1.939
Costa Rica,CRI,1998,3782840.0,33453800269.0,5.214,1.378,0.156,,4.771,,0.443,0.0,0.021,7.414,1.96
Costa Rica,CRI,1999,3862103.0,34758013094.0,5.415,1.402,0.156,,4.968,,0.447,0.0,0.022,7.678,1.988
Costa Rica,CRI,2000,3937737.0,36043077867.0,5.367,1.363,0.149,0.0,4.943,,0.424,0.0,0.021,8.282,2.103
Costa Rica,CRI,2001,4008951.0,37338984417.0,5.638,1.406,0.151,0.117,5.042,,0.479,0.0,0.022,8.403,2.096
Costa Rica,CRI,2002,4075710.0,38566391693.0,6.214,1.525,0.161,0.136,5.606,,0.473,0.0,0.024,11.577,2.84
Costa Rica,CRI,2003,4138791.0,40104618605.0,6.551,1.583,0.163,0.194,5.917,,0.439,0.0,0.024,10.432,2.52
Costa Rica,CRI,2004,4200079.0,41810218746.0,6.797,1.618,0.163,0.158,6.064,,0.576,0.0,0.024,10.512,2.503
Costa Rica,CRI,2005,4261240.0,43414436973.0,6.66,1.563,0.153,0.004,5.899,,0.757,0.0,0.022,10.683,2.507
Costa Rica,CRI,2006,4321337.0,46549505108.0,6.976,1.614,0.15,0.004,6.434,,0.539,0.0,0.023,11.721,2.712
Costa Rica,CRI,2007,4380250.0,50253055044.0,7.907,1.805,0.157,0.059,6.973,,0.875,0.0,0.025,13.151,3.002
Costa Rica,CRI,2008,4440058.0,52514579539.0,7.934,1.787,0.151,0.0,7.148,,0.786,0.0,0.025,13.866,3.123
Costa Rica,CRI,2009,4499788.0,51990443852.0,7.693,1.71,0.148,0.011,6.903,,0.779,0.0,0.024,11.238,2.497
Costa Rica,CRI,2010,4555965.0,54669051273.0,7.461,1.638,0.136,0.004,6.987,,0.47,0.0,0.022,11.898,2.612
Costa Rica,CRI,2011,4609834.0,56719502938.0,7.276,1.578,0.128,0.022,6.742,,0.512,0.0,0.021,13.029,2.826
Costa Rica,CRI,2012,4663930.0,59489116143.0,7.217,1.547,0.121,0.007,6.701,,0.508,0.0,0.021,12.961,2.779
Costa Rica,CRI,2013,4716153.0,60973369897.0,7.584,1.608,0.124,0.018,7.042,,0.523,0.0,0.021,13.26,2.812
Costa Rica,CRI,2014,4767126.0,63133053443.0,7.702,1.616,0.122,0.022,7.145,,0.535,0.0,0.022,13.265,2.783
Costa Rica,CRI,2015,4818045.0,65438671759.0,7.353,1.526,0.112,0.0,6.782,,0.571,0.0,0.021,13.183,2.736
Costa Rica,CRI,2016,4867003.0,68189707920.0,7.829,1.609,0.115,0.0,7.394,,0.435,0.0,0.022,13.936,2.863
Costa Rica,CRI,2017,4913177.0,71025038908.0,7.987,1.626,0.112,0.018,7.482,,0.487,0.0,0.022,14.333,2.917
Costa Rica,CRI,2018,4957813.0,72883048113.0,7.967,1.607,0.109,0.0,7.489,,0.478,0.0,0.022,14.721,2.969
Costa Rica,CRI,2019,4999549.0,74645366733.0,7.66,1.532,0.103,0.0,7.225,,0.435,0.0,0.021,14.352,2.871
Costa Rica,CRI,2020,5034323.0,71455765338.0,6.754,1.342,0.095,0.0,6.397,,0.357,0.0,0.019,12.307,2.445
Costa Rica,CRI,2021,5059991.0,77015741091.0,7.665,1.515,0.1,0.051,7.222,,0.392,0.0,0.021,14.011,2.769
Costa Rica,CRI,2022,5081764.0,80345898158.0,8.01,1.576,0.1,0.059,7.523,,0.428,0.0,0.021,14.655,2.884
Costa Rica,CRI,2023,5105526.0,,8.473,1.659,,0.069,7.976,,0.428,0.0,0.022,14.692,2.878
Costa Rica,CRI,2024,5129909.0,,8.76,1.708,,0.049,8.283,,0.428,0.0,0.023,,
Cote d'Ivoire,CIV,1990,12189780.0,26018496693.0,4.782,0.392,0.184,,4.782,,0.0,,0.021,5.766,0.473
Cote d'Ivoire,CIV,1991,12683875.0,26972060608.0,4.309,0.34,0.16,,4.309,,0.0,,0.019,5.386,0.425
Cote d'Ivoire,CIV,1992,13200313.0,27466934209.0,3.844,0.291,0.14,,3.844,,0.0,,0.017,5.65,0.428
Cote d'Ivoire,CIV,1993,13735955.0,28127565766.0,5.093,0.371,0.181,,5.093,,0.0,,0.022,6.372,0.464
Cote d'Ivoire,CIV,1994,14287211.0,29026826745.0,4.133,0.289,0.142,,4.133,,0.0,0.0,0.018,5.247,0.367
Cote d'Ivoire,CIV,1995,14855566.0,31414510714.0,6.225,0.419,0.198,,6.02,0.095,0.0,0.11,0.026,7.178,0.483
Cote d'Ivoire,CIV,1996,15442322.0,34617707279.0,7.526,0.487,0.217,,6.478,0.857,0.0,0.191,0.031,7.675,0.497
Cote d'Ivoire,CIV,1997,16047178.0,37316438035.0,7.211,0.449,0.193,,5.609,1.404,0.0,0.199,0.03,7.734,0.482
Cote d'Ivoire,CIV,1998,16663948.0,39915308009.0,6.748,0.405,0.169,,4.939,1.638,0.0,0.171,0.028,8.142,0.489
Cote d'Ivoire,CIV,1999,17215937.0,41352107617.0,6.095,0.354,0.147,,3.55,2.393,0.0,0.152,0.025,6.64,0.386
Cote d'Ivoire,CIV,2000,17699007.0,41297593671.0,6.63,0.375,0.161,,4.043,2.417,0.0,0.17,0.026,7.118,0.402
Cote d'Ivoire,CIV,2001,18178920.0,42194161007.0,7.653,0.421,0.181,,4.778,2.623,0.0,0.252,0.03,6.327,0.348
Cote d'Ivoire,CIV,2002,18654772.0,42379148241.0,7.45,0.399,0.176,,4.283,2.675,0.0,0.492,0.028,5.157,0.276
Cote d'Ivoire,CIV,2003,19125546.0,42761562091.0,5.301,0.277,0.124,,2.783,2.35,0.0,0.167,0.019,5.93,0.31
Cote d'Ivoire,CIV,2004,19594997.0,44320594821.0,7.386,0.377,0.167,,4.349,2.986,0.0,0.051,0.026,6.71,0.342
Cote d'Ivoire,CIV,2005,20068468.0,46182121378.0,7.568,0.377,0.164,,4.166,3.334,0.0,0.068,0.026,6.76,0.337
Cote d'Ivoire,CIV,2006,20546808.0,48079711067.0,6.887,0.335,0.143,,3.679,3.133,0.0,0.076,0.023,6.715,0.327
Cote d'Ivoire,CIV,2007,21030558.0,50213105655.0,6.653,0.316,0.133,,3.649,2.887,0.0,0.117,0.021,7.313,0.348
Cote d'Ivoire,CIV,2008,21514446.0,52842644609.0,6.713,0.312,0.127,,3.554,3.037,0.0,0.121,0.021,7.274,0.338
Cote d'Ivoire,CIV,2009,21997936.0,55907844337.0,5.66,0.257,0.101,,2.73,2.785,0.0,0.146,0.018,6.727,0.306
Cote d'Ivoire,CIV,2010,22488068.0,58369987439.0,6.225,0.277,0.107,,3.026,3.037,0.0,0.161,0.019,7.522,0.334
Cote d'Ivoire,CIV,2011,22982003.0,57051170312.0,6.523,0.284,0.114,,3.349,2.993,0.0,0.181,0.019,7.354,0.32
Cote d'Ivoire,CIV,2012,23467083.0,63249209930.0,8.54,0.364,0.135,,5.075,3.265,0.0,0.201,0.024,10.382,0.442
Cote d'Ivoire,CIV,2013,23939775.0,69113673482.0,9.68,0.404,0.14,,5.778,3.748,0.0,0.153,0.027,11.722,0.49
Cote d'Ivoire,CIV,2014,24527393.0,75191536255.0,9.903,0.404,0.132,,5.958,3.781,0.0,0.164,0.028,12.117,0.494
Cote d'Ivoire,CIV,2015,25246347.0,81840720288.0,9.555,0.378,0.117,,5.547,3.858,0.0,0.149,0.027,12.65,0.501
Cote d'Ivoire,CIV,2016,25989404.0,87711151924.0,11.979,0.461,0.137,,7.024,4.774,0.0,0.181,0.034,14.729,0.567
Cote d'Ivoire,CIV,2017,26733376.0,93099253173.0,12.002,0.449,0.129,,7.548,4.313,0.0,0.142,0.033,14.76,0.552
Cote d'Ivoire,CIV,2018,27464175.0,96591406762.0,10.415,0.379,0.108,,6.324,3.994,0.0,0.097,0.028,14.408,0.525
Cote d'Ivoire,CIV,2019,28193014.0,104618149506.0,10.539,0.374,0.101,,6.188,4.258,0.0,0.093,0.028,14.406,0.511
Cote d'Ivoire,CIV,2020,28915452.0,106396657387.0,11.019,0.381,0.104,,6.562,4.367,0.0,0.089,0.031,14.367,0.497
Cote d'Ivoire,CIV,2021,29639737.0,113844428305.0,13.666,0.461,0.12,,9.083,4.554,0.0,0.028,0.037,17.247,0.582
Cote d'Ivoire,CIV,2022,30395004.0,121471995793.0,14.504,0.477,0.119,,9.475,4.982,0.0,0.048,0.039,18.237,0.6
Cote d'Ivoire,CIV,2023,31165653.0,,14.052,0.451,,,9.06,4.925,0.0,0.067,0.037,17.865,0.573
Cote d'Ivoire,CIV,2024,31934229.0,,14.829,0.464,,,9.413,5.349,0.0,0.066,0.038,,
Croatia,HRV,1990,4835067.0,58374079130.0,22.885,4.733,0.392,2.982,13.149,4.873,1.086,0.583,0.101,20.088,4.155
Croatia,HRV,1991,4825159.0,46751295520.0,16.999,3.523,0.364,1.911,9.568,4.082,0.704,0.577,0.073,14.884,3.085
Croatia,HRV,1992,4782235.0,41906545003.0,16.379,3.425,0.391,1.492,9.056,4.312,0.827,0.588,0.073,17.666,3.694
Croatia,HRV,1993,4729734.0,39138894948.0,16.811,3.554,0.43,1.209,9.288,4.732,0.682,0.786,0.074,17.639,3.729
Croatia,HRV,1994,4675517.0,42079800726.0,16.055,3.434,0.382,0.804,9.2,4.392,0.834,0.705,0.07,17.151,3.668
Croatia,HRV,1995,4619362.0,45617097590.0,16.814,3.64,0.369,0.858,10.537,3.844,0.623,0.836,0.072,18.85,4.081
Croatia,HRV,1996,4562290.0,48751845543.0,17.338,3.8,0.356,0.682,10.706,4.313,0.683,0.81,0.072,18.963,4.157
Croatia,HRV,1997,4504627.0,52770093719.0,18.569,4.122,0.352,1.069,11.241,4.546,0.802,0.762,0.076,20.54,4.56
Croatia,HRV,1998,4445669.0,54840833756.0,19.04,4.283,0.347,1.018,12.025,4.301,0.861,0.677,0.078,20.098,4.521
Croatia,HRV,1999,4385823.0,55058853604.0,20.082,4.579,0.365,0.891,12.785,4.471,1.129,0.662,0.081,21.447,4.89
Croatia,HRV,2000,4326105.0,57398794775.0,19.653,4.543,0.342,1.795,11.151,4.562,1.257,0.711,0.077,20.916,4.835
Croatia,HRV,2001,4301079.0,57633269426.0,20.776,4.83,0.36,1.907,11.605,4.851,1.443,0.762,0.081,23.658,5.501
Croatia,HRV,2002,4305783.0,61317061359.0,21.916,5.09,0.357,2.318,12.147,5.025,1.424,0.776,0.083,25.434,5.907
Croatia,HRV,2003,4306683.0,65731224853.0,23.226,5.393,0.353,2.6,13.34,4.905,1.427,0.729,0.084,28.641,6.65
Croatia,HRV,2004,4310050.0,69483828958.0,22.853,5.302,0.329,2.77,12.3,5.256,1.51,0.778,0.08,29.613,6.871
Croatia,HRV,2005,4313946.0,73522772944.0,23.296,5.4,0.317,2.747,12.851,5.116,1.542,0.757,0.079,29.987,6.951
Croatia,HRV,2006,4315802.0,78256427771.0,23.496,5.444,0.3,2.555,13.159,5.06,1.635,0.766,0.077,29.617,6.863
Croatia,HRV,2007,4315959.0,83591431787.0,24.802,5.747,0.297,2.777,13.442,5.871,1.662,0.728,0.079,30.63,7.097
Croatia,HRV,2008,4314635.0,86620961215.0,23.516,5.45,0.271,2.849,12.447,5.693,1.568,0.637,0.073,35.135,8.143
Croatia,HRV,2009,4310537.0,81451695571.0,21.752,5.046,0.267,2.029,12.426,5.256,1.247,0.574,0.069,26.371,6.118
Croatia,HRV,2010,4301150.0,81303793822.0,20.978,4.877,0.258,2.738,10.561,5.712,1.21,0.542,0.063,25.097,5.835
Croatia,HRV,2011,4280827.0,82302805353.0,20.615,4.816,0.25,2.794,10.42,5.564,1.082,0.559,0.06,24.562,5.738
Croatia,HRV,2012,4259233.0,80383800465.0,19.05,4.473,0.237,2.484,9.71,5.195,1.035,0.473,0.054,25.519,5.991
Croatia,HRV,2013,4242403.0,80064089923.0,18.401,4.337,0.23,2.678,9.073,4.912,1.141,0.453,0.052,24.076,5.675
Croatia,HRV,2014,4219485.0,79720242860.0,17.65,4.183,0.221,2.57,8.96,4.305,1.225,0.441,0.05,20.162,4.778
Croatia,HRV,2015,4183732.0,81731110395.0,17.794,4.253,0.218,2.376,9.389,4.461,1.169,0.25,0.05,22.443,5.364
Croatia,HRV,2016,4136438.0,84640158587.0,18.079,4.371,0.214,2.561,9.34,4.729,1.077,0.237,0.051,23.11,5.587
Croatia,HRV,2017,4079198.0,87528490789.0,18.713,4.587,0.214,1.551,9.982,5.432,1.287,0.312,0.052,23.306,5.713
Croatia,HRV,2018,4024868.0,89979865983.0,17.695,4.396,0.197,1.449,9.556,5.042,1.211,0.285,0.048,24.719,6.142
Croatia,HRV,2019,3986338.0,93057982684.0,17.82,4.47,0.191,1.678,9.286,5.243,1.184,0.287,0.048,24.068,6.038
Croatia,HRV,2020,3953956.0,85073361985.0,16.87,4.267,0.198,1.424,8.271,5.521,1.213,0.288,0.048,22.999,5.817
Croatia,HRV,2021,3924607.0,96194363488.0,17.403,4.434,0.181,1.652,8.725,5.351,1.205,0.284,0.047,23.73,6.046
Croatia,HRV,2022,3907031.0,102284645672.0,17.585,4.501,0.172,1.613,9.469,4.885,1.099,0.356,0.047,23.867,6.109
Croatia,HRV,2023,3896023.0,,18.468,4.74,,1.378,10.306,5.214,1.118,0.304,0.048,23.711,6.086
Croatia,HRV,2024,3875325.0,,18.465,4.765,,0.908,11.089,4.932,1.083,0.304,0.048,,
Cuba,CUB,1990,10631796.0,49943661000.0,29.638,2.788,0.593,0.55,27.513,0.07,1.505,,0.13,,
Cuba,CUB,1991,10717640.0,42598295390.0,26.961,2.516,0.633,0.161,25.875,0.07,0.855,,0.116,,
Cuba,CUB,1992,10785807.0,36651621015.0,20.754,1.924,0.566,0.333,19.841,0.04,0.54,,0.092,,
Cuba,CUB,1993,10841040.0,28833506799.0,19.79,1.825,0.686,0.187,19.042,0.044,0.517,,0.087,,
Cuba,CUB,1994,10886022.0,29226990747.0,21.426,1.968,0.733,0.282,20.537,0.037,0.571,0.0,0.093,,
Cuba,CUB,1995,10925362.0,31242330737.0,22.868,2.093,0.732,0.256,21.852,0.033,0.727,0.0,0.097,,
Cuba,CUB,1996,10962009.0,35625751288.0,23.304,2.126,0.654,0.066,22.482,0.037,0.719,0.0,0.096,,
Cuba,CUB,1997,10997933.0,37729137308.0,24.824,2.257,0.658,0.088,23.724,0.07,0.942,0.0,0.102,,
Cuba,CUB,1998,11034716.0,37789591716.0,24.309,2.203,0.643,0.103,23.12,0.231,0.855,0.0,0.1,,
Cuba,CUB,1999,11072230.0,40250898358.0,24.489,2.212,0.608,0.117,22.596,0.883,0.893,0.0,0.099,,
Cuba,CUB,2000,11109112.0,44692111238.0,25.299,2.277,0.566,0.081,23.307,1.103,0.809,0.0,0.099,,
Cuba,CUB,2001,11144134.0,47301967982.0,24.681,2.215,0.522,0.099,22.64,1.143,0.799,0.0,0.096,,
Cuba,CUB,2002,11177422.0,48976944311.0,25.179,2.253,0.514,0.088,22.988,1.121,0.982,0.0,0.096,,
Cuba,CUB,2003,11209379.0,50659542457.0,25.554,2.28,0.504,0.081,23.285,1.264,0.925,0.0,0.092,,
Cuba,CUB,2004,11238756.0,51357046933.0,24.54,2.183,0.478,0.092,22.157,1.352,0.94,0.0,0.086,,
Cuba,CUB,2005,11262553.0,53114045326.0,25.706,2.282,0.484,0.051,23.164,1.425,1.066,0.0,0.087,,
Cuba,CUB,2006,11278550.0,61018245782.0,26.781,2.375,0.439,0.07,23.493,2.081,1.137,0.0,0.088,,
Cuba,CUB,2007,11287274.0,63463487934.0,25.724,2.279,0.405,0.073,22.149,2.338,1.164,0.0,0.082,,
Cuba,CUB,2008,11291764.0,67603097135.0,27.738,2.456,0.41,0.092,24.34,2.228,1.079,0.0,0.087,,
Cuba,CUB,2009,11294719.0,70355905283.0,28.261,2.502,0.402,0.088,24.934,2.217,1.023,0.0,0.09,,
Cuba,CUB,2010,11297414.0,74083580619.0,33.042,2.925,0.446,0.077,29.979,2.059,0.927,0.0,0.099,,
Cuba,CUB,2011,11301578.0,78036992000.0,29.076,2.573,0.373,0.018,26.161,1.957,0.94,0.0,0.084,,
Cuba,CUB,2012,11303172.0,80388156000.0,29.476,2.608,0.367,0.015,26.425,1.986,0.954,0.097,0.084,,
Cuba,CUB,2013,11298163.0,83013750000.0,27.894,2.469,0.336,0.033,24.794,2.045,0.921,0.101,0.079,,
Cuba,CUB,2014,11285780.0,85723464000.0,27.366,2.425,0.319,0.004,24.179,2.305,0.713,0.166,0.077,,
Cuba,CUB,2015,11275069.0,88467246000.0,29.091,2.58,0.329,0.018,25.86,2.389,0.67,0.154,0.082,,
Cuba,CUB,2016,11265615.0,88635596816.0,27.772,2.465,0.313,0.007,24.736,2.275,0.672,0.082,0.078,,
Cuba,CUB,2017,11247824.0,90020495157.0,24.559,2.183,0.273,0.011,21.878,2.019,0.644,0.007,0.068,,
Cuba,CUB,2018,11227116.0,91854653880.0,23.019,2.05,0.251,0.015,20.401,1.861,0.716,0.027,0.063,,
Cuba,CUB,2019,11202847.0,91703236400.0,22.487,2.007,0.245,0.0,19.998,1.825,0.633,0.031,0.061,,
Cuba,CUB,2020,11176349.0,81663255167.0,21.281,1.904,0.261,0.004,19.075,1.718,0.457,0.027,0.061,,
Cuba,CUB,2021,11122169.0,82687389665.0,22.549,2.027,0.273,0.011,20.441,1.656,0.368,0.073,0.061,,
Cuba,CUB,2022,11059822.0,84154971449.0,23.259,2.103,0.276,0.004,21.244,1.619,0.306,0.086,0.062,,
Cuba,CUB,2023,11019932.0,,23.47,2.13,,0.004,21.201,1.847,0.306,0.113,0.062,,
Cuba,CUB,2024,10979781.0,,24.44,2.226,,0.004,22.015,2.024,0.306,0.091,0.063,,
Curacao,CUW,1990,155750.0,,4.799,30.813,,0.0,4.799,0.0,0.0,0.0,0.021,,
Curacao,CUW,1991,155455.0,,3.83,24.634,,0.0,3.83,0.0,0.0,0.0,0.017,,
Curacao,CUW,1992,155101.0,,3.155,20.342,,0.0,3.155,0.0,0.0,0.0,0.014,,
Curacao,CUW,1993,154504.0,,4.87,31.523,,0.0,4.87,0.0,0.0,0.0,0.021,,
Curacao,CUW,1994,153677.0,,4.669,30.384,,0.0,4.669,0.0,0.0,0.0,0.02,,
Curacao,CUW,1995,152705.0,,4.621,30.259,,0.0,4.621,0.0,0.0,0.0,0.02,,
Curacao,CUW,1996,151582.0,,4.322,28.515,,0.0,4.322,0.0,0.0,0.0,0.018,,
Curacao,CUW,1997,150316.0,,4.523,30.093,,0.0,4.523,0.0,0.0,0.0,0.019,,
Curacao,CUW,1998,148874.0,,0.25,1.677,,0.0,0.25,0.0,0.0,0.0,0.001,,
Curacao,CUW,1999,147276.0,,1.871,12.704,,0.0,1.871,0.0,0.0,0.0,0.008,,
Curacao,CUW,2000,145540.0,,4.964,34.11,,0.0,4.964,0.0,0.0,0.0,0.019,,
Curacao,CUW,2001,144758.0,,5.055,34.922,,0.0,5.055,0.0,0.0,0.0,0.02,,
Curacao,CUW,2002,145911.0,,4.874,33.401,,0.0,4.874,0.0,0.0,0.0,0.019,,
Curacao,CUW,2003,147923.0,,4.877,32.969,,0.0,4.877,0.0,0.0,0.0,0.018,,
Curacao,CUW,2004,149805.0,,5.117,34.157,,0.0,5.117,0.0,0.0,0.0,0.018,,
Curacao,CUW,2005,151324.0,,5.071,33.514,,0.0,5.071,0.0,0.0,0.0,0.017,,
Curacao,CUW,2006,152516.0,,5.285,34.655,,0.0,5.285,0.0,0.0,0.0,0.017,,
Curacao,CUW,2007,153672.0,,5.95,38.72,,0.0,5.95,0.0,0.0,0.0,0.019,,
Curacao,CUW,2008,154784.0,,5.723,36.975,,0.0,5.723,0.0,0.0,0.0,0.018,,
Curacao,CUW,2009,155832.0,,5.856,37.58,,0.0,5.856,0.0,0.0,0.0,0.019,,
Curacao,CUW,2010,156881.0,,4.034,25.713,,0.0,4.034,0.0,0.0,0.0,0.012,,
Curacao,CUW,2011,158572.0,,5.146,32.452,,0.0,5.146,0.0,0.0,0.0,0.015,,
Curacao,CUW,2012,160904.0,,6.287,39.076,,,6.287,,0.0,0.0,0.018,,
Curacao,CUW,2013,163122.0,,5.932,36.366,,,5.932,,0.0,0.0,0.017,,
Curacao,CUW,2014,165041.0,,6.797,41.182,,,6.797,,0.0,0.0,0.019,,
Curacao,CUW,2015,166621.0,,7.332,44.002,,,7.057,0.275,0.0,0.0,0.021,,
Curacao,CUW,2016,167787.0,,6.203,36.97,,,5.928,0.275,0.0,0.0,0.018,,
Curacao,CUW,2017,168525.0,,4.968,29.482,,,4.829,0.139,0.0,0.0,0.014,,
Curacao,CUW,2018,181590.0,,4.324,23.809,,,4.221,0.103,0.0,0.0,0.012,,
Curacao,CUW,2019,189555.0,,2.396,12.641,,,2.396,0.0,0.0,0.0,0.006,,
Curacao,CUW,2020,185029.0,,2.008,10.852,,,2.008,,0.0,0.0,0.006,,
Curacao,CUW,2021,185324.0,,2.14,11.546,,,2.14,,0.0,0.0,0.006,,
Curacao,CUW,2022,185350.0,,2.209,11.92,,,2.209,,0.0,0.0,0.006,,
Curacao,CUW,2023,185437.0,,2.205,11.89,,,2.205,,0.0,0.0,0.006,,
Curacao,CUW,2024,185482.0,,2.29,12.344,,,2.29,,0.0,0.0,0.006,,
Cyprus,CYP,1990,788355.0,10601790424.0,4.648,5.896,0.438,0.232,3.697,0.002,0.668,0.0,0.02,5.458,6.923
Cyprus,CYP,1991,798950.0,10802933313.0,5.136,6.429,0.475,0.232,4.227,0.001,0.629,0.0,0.022,5.587,6.992
Cyprus,CYP,1992,810344.0,11948250048.0,5.509,6.798,0.461,0.062,4.718,0.002,0.686,0.0,0.024,6.196,7.647
Cyprus,CYP,1993,826042.0,12173586499.0,5.753,6.964,0.473,0.074,4.882,0.002,0.747,0.0,0.025,5.978,7.237
Cyprus,CYP,1994,844669.0,13051263000.0,5.995,7.097,0.459,0.065,5.101,0.002,0.784,0.0,0.026,6.121,7.246
Cyprus,CYP,1995,862698.0,14530339515.0,5.866,6.799,0.404,0.048,5.022,0.002,0.751,0.0,0.025,6.285,7.286
Cyprus,CYP,1996,880295.0,14861081660.0,6.216,7.061,0.418,0.043,5.319,0.001,0.811,0.0,0.026,6.108,6.939
Cyprus,CYP,1997,897574.0,15384666855.0,6.302,7.022,0.41,0.045,5.437,0.001,0.78,0.0,0.026,5.865,6.534
Cyprus,CYP,1998,914552.0,16341391926.0,6.597,7.213,0.404,0.062,5.757,0.001,0.74,0.0,0.027,6.309,6.899
Cyprus,CYP,1999,931235.0,17289794170.0,6.863,7.37,0.397,0.072,6.009,0.001,0.74,0.0,0.028,6.683,7.177
Cyprus,CYP,2000,947667.0,18447964503.0,7.107,7.499,0.385,0.117,6.185,0.002,0.763,0.0,0.028,7.978,8.418
Cyprus,CYP,2001,964129.0,19289559263.0,6.98,7.239,0.362,0.127,6.066,0.0,0.745,0.0,0.027,7.907,8.201
Cyprus,CYP,2002,981443.0,20131146271.0,7.172,7.308,0.356,0.127,6.226,0.0,0.766,0.0,0.027,8.333,8.491
Cyprus,CYP,2003,999600.0,20821863547.0,7.561,7.564,0.363,0.127,6.612,0.001,0.751,0.0,0.027,8.783,8.786
Cyprus,CYP,2004,1017875.0,21975893073.0,7.787,7.65,0.354,0.137,6.764,0.001,0.808,0.0,0.027,8.72,8.566
Cyprus,CYP,2005,1036156.0,23006188640.0,7.952,7.674,0.346,0.152,6.938,0.001,0.788,0.0,0.027,8.785,8.479
Cyprus,CYP,2006,1054424.0,24267407225.0,8.183,7.761,0.337,0.151,7.129,0.001,0.821,0.0,0.027,9.295,8.815
Cyprus,CYP,2007,1072727.0,25673703212.0,8.475,7.9,0.33,0.119,7.457,0.001,0.812,0.0,0.027,9.85,9.182
Cyprus,CYP,2008,1091029.0,26913613219.0,8.692,7.966,0.323,0.111,7.679,0.001,0.818,0.0,0.027,10.873,9.966
Cyprus,CYP,2009,1109377.0,26682210733.0,8.438,7.606,0.316,0.059,7.651,0.001,0.673,0.0,0.027,10.723,9.666
Cyprus,CYP,2010,1127826.0,27285556934.0,8.072,7.157,0.296,0.071,7.41,0.001,0.555,0.0,0.024,10.534,9.34
Cyprus,CYP,2011,1146493.0,27627899267.0,7.792,6.797,0.282,0.031,7.189,0.001,0.546,0.0,0.023,10.15,8.853
Cyprus,CYP,2012,1165403.0,26675451028.0,7.262,6.231,0.272,0.001,6.732,0.001,0.505,0.0,0.021,8.839,7.585
Cyprus,CYP,2013,1183899.0,24918237857.0,6.578,5.556,0.264,0.001,5.811,0.001,0.752,0.0,0.019,7.625,6.44
Cyprus,CYP,2014,1201806.0,24475580582.0,6.93,5.766,0.283,0.009,5.934,0.0,0.974,0.0,0.02,8.416,7.003
Cyprus,CYP,2015,1219504.0,25312505108.0,6.952,5.701,0.275,0.015,6.049,0.0,0.877,0.0,0.02,8.116,6.655
Cyprus,CYP,2016,1237114.0,26976335005.0,7.35,5.941,0.272,0.002,6.451,0.0,0.883,0.0,0.021,8.865,7.166
Cyprus,CYP,2017,1254274.0,28523085691.0,7.469,5.955,0.262,0.012,6.518,0.0,0.923,0.0,0.021,9.617,7.667
Cyprus,CYP,2018,1270743.0,30134014224.0,7.324,5.764,0.243,0.054,6.402,0.0,0.848,0.0,0.02,9.439,7.428
Cyprus,CYP,2019,1286669.0,31800247242.0,7.324,5.693,0.23,0.068,6.442,0.0,0.789,0.0,0.02,9.256,7.193
Cyprus,CYP,2020,1302250.0,30409793367.0,6.903,5.301,0.227,0.056,5.945,0.0,0.882,0.0,0.02,8.205,6.301
Cyprus,CYP,2021,1317311.0,32428676744.0,6.951,5.276,0.214,0.159,5.894,0.0,0.879,0.0,0.019,8.608,6.534
Cyprus,CYP,2022,1331376.0,34255009922.0,7.071,5.311,0.206,0.123,6.047,0.0,0.88,0.0,0.019,8.883,6.672
Cyprus,CYP,2023,1344981.0,,7.188,5.344,,0.101,6.126,0.0,0.938,0.0,0.019,8.624,6.412
Cyprus,CYP,2024,1358287.0,,7.299,5.374,,0.057,6.282,0.0,0.938,0.0,0.019,,
Czechia,CZE,1990,10301989.0,146168284839.0,164.252,15.944,1.124,123.419,22.471,12.564,2.489,0.458,0.723,151.437,14.7
Czechia,CZE,1991,10304420.0,130499462994.0,148.886,14.449,1.141,112.711,19.764,12.294,2.309,0.398,0.642,133.163,12.923
Czechia,CZE,1992,10312449.0,131496641304.0,145.708,14.129,1.108,105.791,21.152,14.721,2.468,0.396,0.647,146.036,14.161
Czechia,CZE,1993,10320404.0,133342958573.0,140.126,13.578,1.051,100.747,20.343,15.317,2.195,0.378,0.616,131.939,12.784
Czechia,CZE,1994,10322332.0,139002246482.0,132.67,12.853,0.954,94.922,19.745,14.225,2.208,0.368,0.577,126.99,12.302
Czechia,CZE,1995,10312041.0,149541611781.0,131.624,12.764,0.88,94.834,17.604,15.63,2.005,0.362,0.56,125.279,12.149
Czechia,CZE,1996,10296140.0,157900113788.0,135.019,13.114,0.855,95.219,17.985,18.041,2.116,0.35,0.557,123.045,11.951
Czechia,CZE,1997,10280049.0,158827904845.0,130.942,12.737,0.824,90.923,17.635,18.435,2.083,0.356,0.537,117.426,11.423
Czechia,CZE,1998,10265430.0,160364287569.0,125.717,12.247,0.784,83.666,19.533,18.424,2.068,0.34,0.517,114.944,11.197
Czechia,CZE,1999,10251385.0,164728010192.0,116.669,11.381,0.708,75.616,18.559,18.475,1.963,0.314,0.47,110.258,10.755
Czechia,CZE,2000,10236809.0,174309526192.0,127.233,12.429,0.73,86.836,18.139,18.134,1.937,0.322,0.499,118.498,11.576
Czechia,CZE,2001,10231942.0,181753179328.0,127.165,12.428,0.7,84.798,19.236,19.3,1.629,0.332,0.495,119.753,11.704
Czechia,CZE,2002,10239474.0,187044887124.0,123.988,12.109,0.663,82.673,19.177,18.539,1.403,0.334,0.472,120.654,11.783
Czechia,CZE,2003,10248907.0,196328003846.0,127.592,12.449,0.65,83.968,20.924,18.974,1.485,0.323,0.461,122.181,11.921
Czechia,CZE,2004,10261453.0,208725903761.0,128.314,12.504,0.615,83.408,21.916,19.12,1.627,0.314,0.448,116.471,11.35
Czechia,CZE,2005,10280155.0,225302570264.0,125.713,12.229,0.558,80.604,22.518,18.759,1.625,0.314,0.425,111.453,10.842
Czechia,CZE,2006,10304592.0,243991794814.0,126.533,12.279,0.519,81.885,22.236,18.415,1.748,0.336,0.414,115.905,11.248
Czechia,CZE,2007,10337539.0,260673045889.0,128.364,12.417,0.492,83.628,22.976,17.459,2.043,0.303,0.408,124.778,12.07
Czechia,CZE,2008,10378298.0,271709547503.0,122.928,11.845,0.452,78.66,22.808,17.298,1.996,0.298,0.384,127.883,12.322
Czechia,CZE,2009,10420985.0,261919697582.0,114.972,11.033,0.439,73.287,21.89,16.315,1.566,0.259,0.365,115.905,11.122
Czechia,CZE,2010,10464035.0,271231988282.0,117.464,11.226,0.433,74.554,21.02,18.398,1.469,0.27,0.353,123.742,11.825
Czechia,CZE,2011,10495508.0,279082754736.0,115.178,10.974,0.413,73.749,20.802,16.825,1.665,0.266,0.334,119.751,11.41
Czechia,CZE,2012,10507339.0,276891945353.0,111.276,10.59,0.402,70.768,20.305,16.624,1.517,0.271,0.318,109.846,10.454
Czechia,CZE,2013,10511164.0,276764861619.0,106.71,10.152,0.386,66.87,19.66,16.826,1.332,0.205,0.303,110.139,10.478
Czechia,CZE,2014,10517223.0,283025537919.0,104.233,9.911,0.368,64.905,20.702,15.113,1.483,0.208,0.294,105.253,10.008
Czechia,CZE,2015,10524418.0,298276052489.0,104.99,9.976,0.352,64.322,21.211,15.909,1.558,0.196,0.297,107.514,10.216
Czechia,CZE,2016,10531946.0,305844147713.0,106.636,10.125,0.349,64.728,21.24,17.008,1.698,0.164,0.301,107.919,10.247
Czechia,CZE,2017,10541343.0,321652381589.0,107.736,10.22,0.335,64.307,22.011,17.713,1.728,0.132,0.299,111.439,10.572
Czechia,CZE,2018,10548934.0,332009886797.0,106.322,10.079,0.32,63.573,22.221,16.641,1.868,0.108,0.289,115.308,10.931
Czechia,CZE,2019,10554872.0,342069373423.0,100.997,9.569,0.295,57.468,22.341,17.361,1.977,0.084,0.272,110.909,10.508
Czechia,CZE,2020,10550129.0,323245433506.0,91.661,8.688,0.284,49.727,20.963,17.431,1.891,0.054,0.261,101.792,9.648
Czechia,CZE,2021,10530683.0,334729441747.0,96.629,9.176,0.289,51.406,22.437,19.045,1.958,0.055,0.262,110.777,10.519
Czechia,CZE,2022,10673216.0,342966849621.0,95.04,8.905,0.277,52.909,22.765,15.805,1.847,0.043,0.253,111.412,10.439
Czechia,CZE,2023,10809722.0,,83.232,7.7,,43.042,23.309,14.059,1.483,0.037,0.218,100.025,9.253
Czechia,CZE,2024,10735857.0,,75.623,7.044,,34.352,24.407,14.041,1.483,0.037,0.196,,
Democratic Republic of Congo,COD,1990,36684065.0,31745582566.0,4.249,0.116,0.134,0.89,3.169,0.0,0.189,,0.019,,
Democratic Republic of Congo,COD,1991,37925828.0,29817690890.0,3.133,0.083,0.105,0.0,3.03,0.0,0.102,,0.013,,
Democratic Republic of Congo,COD,1992,39228908.0,27407295375.0,2.808,0.072,0.102,0.0,2.737,0.0,0.071,,0.012,,
Democratic Republic of Congo,COD,1993,40656338.0,24338479562.0,2.662,0.065,0.109,0.0,2.601,0.0,0.061,,0.012,,
Democratic Republic of Congo,COD,1994,42626873.0,23485765006.0,2.751,0.065,0.117,0.0,1.63,0.0,0.068,1.053,0.012,,
Democratic Republic of Congo,COD,1995,44433718.0,24780657990.0,3.096,0.07,0.125,0.0,2.008,0.0,0.096,0.993,0.013,,
Democratic Republic of Congo,COD,1996,45296125.0,24914388506.0,3.473,0.077,0.139,0.0,2.213,0.0,0.098,1.162,0.014,,
Democratic Republic of Congo,COD,1997,46029907.0,23716345473.0,3.089,0.067,0.13,0.0,1.825,0.0,0.051,1.214,0.013,,
Democratic Republic of Congo,COD,1998,47297595.0,23460462170.0,2.733,0.058,0.117,0.0,1.601,0.0,0.054,1.078,0.011,,
Democratic Republic of Congo,COD,1999,48912972.0,23134197386.0,2.199,0.045,0.095,0.0,1.253,0.0,0.064,0.882,0.009,,
Democratic Republic of Congo,COD,2000,50507445.0,21854113779.0,1.705,0.034,0.078,0.0,0.824,0.0,0.068,0.812,0.007,,
Democratic Republic of Congo,COD,2001,52132646.0,21977293171.0,1.647,0.032,0.075,0.0,0.689,0.0,0.081,0.877,0.006,,
Democratic Republic of Congo,COD,2002,53750529.0,23244764997.0,1.734,0.032,0.075,0.005,0.744,0.0,0.106,0.879,0.007,,
Democratic Republic of Congo,COD,2003,55343873.0,25228484809.0,2.096,0.038,0.083,0.002,0.905,0.0,0.132,1.057,0.008,,
Democratic Republic of Congo,COD,2004,56997740.0,27653538438.0,2.028,0.036,0.073,0.006,0.989,0.0,0.16,0.872,0.007,,
Democratic Republic of Congo,COD,2005,58775726.0,30164653557.0,2.287,0.039,0.076,0.023,1.238,0.0,0.207,0.819,0.008,,
Democratic Republic of Congo,COD,2006,60615909.0,32708306949.0,2.352,0.039,0.072,0.02,1.326,0.022,0.204,0.78,0.008,,
Democratic Republic of Congo,COD,2007,62477753.0,35814302298.0,2.623,0.042,0.073,0.03,1.447,0.044,0.205,0.896,0.008,,
Democratic Republic of Congo,COD,2008,64390658.0,39245769597.0,2.685,0.042,0.068,0.034,1.608,0.044,0.158,0.84,0.008,,
Democratic Republic of Congo,COD,2009,66412038.0,41718890407.0,2.446,0.037,0.059,0.024,1.473,0.044,0.177,0.728,0.008,,
Democratic Republic of Congo,COD,2010,68563038.0,46223524668.0,2.735,0.04,0.059,0.037,1.729,0.044,0.189,0.737,0.008,,
Democratic Republic of Congo,COD,2011,70849311.0,51169100367.0,3.041,0.043,0.059,0.029,2.22,0.044,0.175,0.572,0.009,,
Democratic Republic of Congo,COD,2012,73254623.0,55604951736.0,2.797,0.038,0.05,0.033,2.198,0.0,0.158,0.408,0.008,,
Democratic Republic of Congo,COD,2013,75789397.0,60956372609.0,3.921,0.052,0.064,0.013,3.364,0.0,0.174,0.371,0.011,,
Democratic Republic of Congo,COD,2014,78403248.0,65407411596.0,5.066,0.065,0.077,0.017,4.499,0.004,0.128,0.418,0.014,,
Democratic Republic of Congo,COD,2015,81035532.0,69567321729.0,3.274,0.04,0.047,0.034,2.686,0.004,0.155,0.397,0.009,,
Democratic Republic of Congo,COD,2016,83956416.0,69841412960.0,2.659,0.032,0.038,0.039,2.129,0.0,0.098,0.393,0.008,,
Democratic Republic of Congo,COD,2017,87083400.0,72396212035.0,2.92,0.034,0.04,0.049,2.172,0.001,0.349,0.349,0.008,,
Democratic Republic of Congo,COD,2018,90047647.0,75889338637.0,3.774,0.042,0.05,0.084,2.943,0.001,0.453,0.293,0.01,,
Democratic Republic of Congo,COD,2019,92947450.0,79292965259.0,4.118,0.044,0.052,0.044,3.162,0.001,0.536,0.375,0.011,,
Democratic Republic of Congo,COD,2020,95990000.0,80617953765.0,4.305,0.045,0.053,0.025,3.345,0.0,0.498,0.437,0.012,,
Democratic Republic of Congo,COD,2021,99148930.0,85639643645.0,4.292,0.043,0.05,0.034,3.203,0.0,0.631,0.425,0.012,,
Democratic Republic of Congo,COD,2022,102396974.0,91314988450.0,5.892,0.058,0.065,0.053,4.63,0.0,0.822,0.387,0.016,,
Democratic Republic of Congo,COD,2023,105789733.0,,5.881,0.056,,0.07,4.776,0.0,0.822,0.213,0.015,,
Democratic Republic of Congo,COD,2024,109276264.0,,5.904,0.054,,0.065,4.843,0.0,0.822,0.175,0.015,,
Denmark,DNK,1990,5141024.0,151205742035.0,53.477,10.402,0.354,24.005,23.187,4.35,0.775,0.341,0.235,60.744,11.816
Denmark,DNK,1991,5154346.0,154212932867.0,64.105,12.437,0.416,32.57,24.287,4.917,0.993,0.65,0.276,65.505,12.709
Denmark,DNK,1992,5171372.0,158125301722.0,58.327,11.279,0.369,27.133,23.621,5.167,1.129,0.677,0.259,67.654,13.082
Denmark,DNK,1993,5188638.0,159069870418.0,60.574,11.674,0.381,28.451,23.998,5.851,1.143,0.582,0.266,66.024,12.725
Denmark,DNK,1994,5206188.0,168493895001.0,64.673,12.422,0.384,30.578,25.165,6.546,1.168,0.575,0.281,68.465,13.151
Denmark,DNK,1995,5233364.0,174484978091.0,61.653,11.781,0.353,25.6,26.024,7.574,1.243,0.454,0.262,68.01,12.995
Denmark,DNK,1996,5263071.0,180654110941.0,74.9,14.231,0.415,35.137,28.364,8.909,1.313,0.498,0.309,74.362,14.129
Denmark,DNK,1997,5285041.0,187647333700.0,65.438,12.382,0.349,26.15,27.143,9.375,1.312,0.698,0.268,68.302,12.924
Denmark,DNK,1998,5304263.0,192859238471.0,61.238,11.545,0.318,22.219,26.393,10.186,1.39,0.523,0.252,68.61,12.935
Denmark,DNK,1999,5321814.0,199699305568.0,58.653,11.021,0.294,18.672,26.258,10.711,1.355,1.107,0.236,72.136,13.555
Denmark,DNK,2000,5339659.0,208333676429.0,54.307,10.17,0.261,15.657,25.366,10.64,1.385,0.723,0.213,68.144,12.762
Denmark,DNK,2001,5358825.0,211243390442.0,55.897,10.431,0.265,16.558,25.608,11.105,1.388,0.771,0.218,67.333,12.565
Denmark,DNK,2002,5375967.0,213517288371.0,55.554,10.334,0.26,16.537,25.32,11.096,1.416,0.675,0.212,67.246,12.509
Denmark,DNK,2003,5390621.0,215549132167.0,60.645,11.25,0.281,22.573,24.394,11.214,1.33,0.67,0.219,67.809,12.579
Denmark,DNK,2004,5404594.0,222528951750.0,55.1,10.195,0.248,17.281,24.072,11.154,1.459,0.752,0.193,68.36,12.649
Denmark,DNK,2005,5419550.0,229074701412.0,51.535,9.509,0.225,14.602,23.886,10.69,1.363,0.548,0.174,67.242,12.407
Denmark,DNK,2006,5437425.0,239411013967.0,59.5,10.943,0.249,22.006,24.231,10.882,1.395,0.544,0.194,74.183,13.643
Denmark,DNK,2007,5461604.0,242913735233.0,54.709,10.017,0.225,18.422,24.169,9.738,1.407,0.544,0.174,71.75,13.137
Denmark,DNK,2008,5493762.0,243090598807.0,51.256,9.33,0.211,16.134,23.317,9.826,1.155,0.387,0.16,70.246,12.787
Denmark,DNK,2009,5523169.0,232507363099.0,48.851,8.845,0.21,15.784,22.296,9.412,0.764,0.262,0.155,66.361,12.015
Denmark,DNK,2010,5547865.0,238190225279.0,49.19,8.866,0.207,15.351,21.946,10.555,0.672,0.353,0.148,67.106,12.096
Denmark,DNK,2011,5570848.0,242757622888.0,44.237,7.941,0.182,12.915,20.915,8.972,0.862,0.252,0.128,64.567,11.59
Denmark,DNK,2012,5591911.0,243307499552.0,39.861,7.128,0.164,10.078,19.952,8.404,0.871,0.218,0.114,58.513,10.464
Denmark,DNK,2013,5615333.0,245578374484.0,41.763,7.437,0.17,12.755,19.574,7.929,0.867,0.244,0.118,56.703,10.098
Denmark,DNK,2014,5643795.0,249555233739.0,37.571,6.657,0.151,10.143,19.085,6.81,0.887,0.251,0.106,55.455,9.826
Denmark,DNK,2015,5683698.0,255401297489.0,35.111,6.177,0.137,7.242,19.471,6.905,0.932,0.247,0.099,53.17,9.355
Denmark,DNK,2016,5728196.0,263691544304.0,36.917,6.445,0.14,8.413,19.751,7.009,1.095,0.273,0.104,54.927,9.589
Denmark,DNK,2017,5765164.0,271132202845.0,34.665,6.013,0.128,6.253,19.918,6.676,1.194,0.242,0.096,55.01,9.542
Denmark,DNK,2018,5793824.0,276526484620.0,34.609,5.973,0.125,6.362,19.968,6.483,1.16,0.233,0.094,56.879,9.817
Denmark,DNK,2019,5814618.0,280656364923.0,30.95,5.323,0.11,3.588,19.686,6.024,1.129,0.195,0.083,53.024,9.119
Denmark,DNK,2020,5831529.0,275058379473.0,28.3,4.853,0.103,3.166,18.579,4.799,1.227,0.126,0.08,48.353,8.292
Denmark,DNK,2021,5856774.0,288414406840.0,29.604,5.055,0.103,4.207,18.827,4.808,1.21,0.111,0.08,53.611,9.154
Denmark,DNK,2022,5902901.0,299429011832.0,29.094,4.929,0.097,4.133,19.869,3.468,1.073,0.111,0.078,52.622,8.915
Denmark,DNK,2023,5948134.0,,28.831,4.847,,2.633,21.139,3.526,0.982,0.111,0.076,49.471,8.317
Denmark,DNK,2024,5977417.0,,28.369,4.746,,1.803,21.477,3.556,0.982,0.111,0.073,,
Djibouti,DJI,1990,579544.0,1151692000.0,0.297,0.512,0.258,,0.297,,,,0.001,,
Djibouti,DJI,1991,631096.0,1111365143.0,0.3,0.476,0.27,,0.3,,,,0.001,,
Djibouti,DJI,1992,626016.0,1171473816.0,0.304,0.486,0.26,,0.304,,,,0.001,,
Djibouti,DJI,1993,614247.0,1223279012.0,0.304,0.495,0.249,,0.304,,,,0.001,,
Djibouti,DJI,1994,626717.0,1189922913.0,0.3,0.479,0.252,,0.3,,,0.0,0.001,,
Djibouti,DJI,1995,633075.0,1251123077.0,0.311,0.492,0.249,,0.311,,,0.0,0.001,,
Djibouti,DJI,1996,648354.0,1182573365.0,0.304,0.469,0.257,,0.304,,,0.0,0.001,,
Djibouti,DJI,1997,671826.0,1231663949.0,0.333,0.496,0.271,,0.333,,,0.0,0.001,,
Djibouti,DJI,1998,699355.0,1226205283.0,0.388,0.555,0.317,,0.388,,,0.0,0.002,,
Djibouti,DJI,1999,724228.0,1247108046.0,0.388,0.536,0.311,,0.388,,,0.0,0.002,,
Djibouti,DJI,2000,747326.0,1258388183.0,0.366,0.49,0.291,,0.366,,,0.0,0.001,,
Djibouti,DJI,2001,771311.0,1279069473.0,0.366,0.475,0.286,,0.366,,,0.0,0.001,,
Djibouti,DJI,2002,795576.0,1306309835.0,0.399,0.502,0.306,,0.399,,,0.0,0.002,,
Djibouti,DJI,2003,813528.0,1344454879.0,0.421,0.518,0.313,,0.421,,,0.0,0.002,,
Djibouti,DJI,2004,826133.0,1377810002.0,0.407,0.492,0.295,,0.407,,,0.0,0.001,,
Djibouti,DJI,2005,839174.0,1416452247.0,0.414,0.493,0.292,,0.414,,,0.0,0.001,,
Djibouti,DJI,2006,855767.0,1590366862.0,0.414,0.484,0.26,,0.414,,,0.0,0.001,,
Djibouti,DJI,2007,874530.0,1662836538.0,0.454,0.52,0.273,,0.454,,,0.0,0.001,,
Djibouti,DJI,2008,892739.0,1746582380.0,0.495,0.554,0.283,,0.495,,,0.0,0.002,,
Djibouti,DJI,2009,911524.0,1828090863.0,0.443,0.486,0.243,,0.443,,0.0,0.0,0.001,,
Djibouti,DJI,2010,930252.0,1885010108.0,0.517,0.555,0.274,,0.517,,0.0,0.0,0.002,,
Djibouti,DJI,2011,948565.0,1960630000.0,0.315,0.332,0.161,,0.315,,0.0,0.0,0.001,,
Djibouti,DJI,2012,966754.0,2054196000.0,0.293,0.303,0.143,,0.293,,0.0,0.0,0.001,,
Djibouti,DJI,2013,984833.0,2157408000.0,0.381,0.387,0.177,,0.322,,0.058,0.0,0.001,,
Djibouti,DJI,2014,1002720.0,2286630000.0,0.418,0.416,0.183,,0.352,,0.066,0.0,0.001,,
Djibouti,DJI,2015,1020316.0,2435148000.0,0.505,0.495,0.207,,0.451,,0.054,0.0,0.001,,
Djibouti,DJI,2016,1037660.0,2612607480.0,0.428,0.412,0.164,,0.377,,0.05,0.0,0.001,,
Djibouti,DJI,2017,1054844.0,2767106002.0,0.414,0.392,0.15,,0.352,,0.062,0.0,0.001,,
Djibouti,DJI,2018,1071886.0,2924431711.0,0.472,0.44,0.161,,0.385,,0.087,0.0,0.001,,
Djibouti,DJI,2019,1088710.0,3086593147.0,0.54,0.496,0.175,,0.443,,0.097,0.0,0.001,,
Djibouti,DJI,2020,1105193.0,3123694253.0,0.463,0.419,0.148,,0.37,,0.093,0.0,0.001,,
Djibouti,DJI,2021,1121251.0,3274020536.0,0.558,0.497,0.17,,0.41,,0.147,0.0,0.002,,
Djibouti,DJI,2022,1137101.0,3395681646.0,0.55,0.484,0.162,,0.364,,0.186,0.0,0.001,,
Djibouti,DJI,2023,1152951.0,,0.558,0.484,,,0.372,,0.186,0.0,0.001,,
Djibouti,DJI,2024,1168726.0,,0.564,0.483,,,0.378,,0.186,0.0,0.001,,
Dominica,DMA,1990,69644.0,275730000.0,0.059,0.842,0.213,,0.059,,0.0,,0.0,,
Dominica,DMA,1991,69321.0,285879709.0,0.059,0.846,0.205,,0.059,,0.0,,0.0,,
Dominica,DMA,1992,69344.0,299018295.0,0.059,0.845,0.196,,0.059,,0.0,,0.0,,
Dominica,DMA,1993,69453.0,303787182.0,0.062,0.897,0.205,,0.062,,0.0,,0.0,,
Dominica,DMA,1994,69493.0,316614931.0,0.07,1.002,0.22,,0.07,,0.0,0.0,0.0,,
Dominica,DMA,1995,69490.0,327078105.0,0.081,1.16,0.246,,0.081,,0.0,0.0,0.0,,
Dominica,DMA,1996,69422.0,347533767.0,0.073,1.056,0.211,,0.073,,0.0,0.0,0.0,,
Dominica,DMA,1997,69315.0,361956567.0,0.081,1.163,0.223,,0.081,,0.0,0.0,0.0,,
Dominica,DMA,1998,69144.0,382388808.0,0.077,1.113,0.201,,0.077,,0.0,0.0,0.0,,
Dominica,DMA,1999,68883.0,390881674.0,0.081,1.17,0.206,,0.081,,0.0,0.0,0.0,,
Dominica,DMA,2000,68527.0,404483810.0,0.103,1.497,0.254,,0.103,,0.0,0.0,0.0,,
Dominica,DMA,2001,68299.0,411786964.0,0.11,1.609,0.267,,0.11,,0.0,0.0,0.0,,
Dominica,DMA,2002,68385.0,415539000.0,0.103,1.5,0.247,,0.103,,0.0,0.0,0.0,,
Dominica,DMA,2003,68552.0,455180800.0,0.117,1.71,0.258,,0.117,,0.0,0.0,0.0,,
Dominica,DMA,2004,68664.0,475394414.0,0.143,2.081,0.301,,0.143,,0.0,0.0,0.0,,
Dominica,DMA,2005,68750.0,482222496.0,0.15,2.185,0.312,,0.15,,0.0,0.0,0.001,,
Dominica,DMA,2006,68823.0,513632250.0,0.143,2.076,0.278,,0.143,,0.0,0.0,0.0,,
Dominica,DMA,2007,68862.0,554311687.0,0.172,2.501,0.311,,0.172,,0.0,0.0,0.001,,
Dominica,DMA,2008,68866.0,617146562.0,0.169,2.447,0.273,,0.169,,0.0,0.0,0.001,,
Dominica,DMA,2009,68879.0,621365663.0,0.187,2.713,0.301,,0.187,,0.0,0.0,0.001,,
Dominica,DMA,2010,68872.0,640098860.0,0.169,2.447,0.263,,0.169,,0.0,0.0,0.001,,
Dominica,DMA,2011,69073.0,652912000.0,0.15,2.175,0.23,,0.15,,0.0,0.0,0.0,,
Dominica,DMA,2012,69138.0,644079000.0,0.165,2.385,0.256,,0.165,,0.0,0.0,0.0,,
Dominica,DMA,2013,69733.0,667585000.0,0.158,2.259,0.236,,0.158,,0.0,0.0,0.0,,
Dominica,DMA,2014,70387.0,694011000.0,0.169,2.395,0.243,,0.169,,0.0,0.0,0.0,,
Dominica,DMA,2015,70429.0,689606000.0,0.176,2.497,0.255,,0.176,,0.0,0.0,0.0,,
Dominica,DMA,2016,69627.0,707976572.0,0.172,2.473,0.243,,0.172,,0.0,0.0,0.0,,
Dominica,DMA,2017,68514.0,656048862.0,0.154,2.246,0.235,,0.154,,0.0,0.0,0.0,,
Dominica,DMA,2018,68195.0,677586340.0,0.165,2.418,0.243,,0.165,,0.0,0.0,0.0,,
Dominica,DMA,2019,67901.0,714870398.0,0.172,2.536,0.241,,0.172,,0.0,0.0,0.0,,
Dominica,DMA,2020,67588.0,600082697.0,0.158,2.331,0.263,,0.158,,0.0,0.0,0.0,,
Dominica,DMA,2021,67222.0,637252112.0,0.161,2.398,0.253,,0.161,,0.0,0.0,0.0,,
Dominica,DMA,2022,66847.0,675098029.0,0.165,2.466,0.244,,0.165,,0.0,0.0,0.0,,
Dominica,DMA,2023,66531.0,,0.165,2.473,,,0.165,,0.0,0.0,0.0,,
Dominica,DMA,2024,66226.0,,0.171,2.58,,,0.171,,0.0,0.0,0.0,,
Dominican Republic,DOM,1990,7151165.0,27899937000.0,8.929,1.249,0.32,0.026,8.453,,0.451,,0.039,6.195,0.866
Dominican Republic,DOM,1991,7299849.0,28624479731.0,9.529,1.305,0.333,0.15,8.856,,0.523,,0.041,6.736,0.923
Dominican Republic,DOM,1992,7447476.0,30699616102.0,10.405,1.397,0.339,0.37,9.46,,0.575,,0.046,7.604,1.021
Dominican Republic,DOM,1993,7594567.0,33455873012.0,11.195,1.474,0.335,0.319,10.343,,0.533,,0.049,8.185,1.078
Dominican Republic,DOM,1994,7741694.0,34777859424.0,11.781,1.522,0.339,0.275,10.974,,0.532,0.0,0.051,8.612,1.112
Dominican Republic,DOM,1995,7888120.0,37276713682.0,15.09,1.913,0.405,0.293,14.194,,0.603,0.0,0.064,11.077,1.404
Dominican Republic,DOM,1996,8032895.0,40578813798.0,16.459,2.049,0.406,0.341,15.44,,0.678,0.0,0.068,12.101,1.506
Dominican Republic,DOM,1997,8174081.0,44531154793.0,17.234,2.108,0.387,0.37,16.111,,0.753,0.0,0.071,12.58,1.539
Dominican Republic,DOM,1998,8310369.0,48410050660.0,17.756,2.137,0.367,0.718,16.268,,0.77,0.0,0.073,13.145,1.582
Dominican Republic,DOM,1999,8446207.0,52484601874.0,17.775,2.104,0.339,0.619,16.228,,0.928,0.0,0.072,11.434,1.354
Dominican Republic,DOM,2000,8584196.0,56344968399.0,18.937,2.206,0.336,0.245,17.679,,1.013,0.0,0.074,12.161,1.417
Dominican Republic,DOM,2001,8720287.0,58288496906.0,19.083,2.188,0.327,0.539,17.448,,1.096,0.0,0.074,37.953,4.352
Dominican Republic,DOM,2002,8852231.0,62671030582.0,20.87,2.358,0.333,0.619,19.049,,1.202,0.0,0.079,29.333,3.314
Dominican Republic,DOM,2003,8980626.0,63562914579.0,21.26,2.367,0.334,2.803,16.759,0.568,1.13,0.0,0.077,32.25,3.591
Dominican Republic,DOM,2004,9104889.0,65495459116.0,17.254,1.895,0.263,2.063,13.934,0.238,1.018,0.0,0.06,29.023,3.188
Dominican Republic,DOM,2005,9225035.0,72784646192.0,17.852,1.935,0.245,1.264,15.063,0.473,1.052,0.0,0.06,35.569,3.856
Dominican Republic,DOM,2006,9341187.0,81940402491.0,19.03,2.037,0.232,1.868,15.118,0.59,1.454,0.0,0.062,39.753,4.256
Dominican Republic,DOM,2007,9455663.0,90412078042.0,19.909,2.106,0.22,1.931,15.414,1.004,1.56,0.0,0.063,32.626,3.45
Dominican Republic,DOM,2008,9573135.0,94906712345.0,20.235,2.114,0.213,2.11,15.623,0.927,1.574,0.0,0.063,31.11,3.25
Dominican Republic,DOM,2009,9695270.0,97411530204.0,19.686,2.031,0.202,2.062,15.287,0.909,1.428,0.0,0.062,49.925,5.149
Dominican Republic,DOM,2010,9820180.0,107260793439.0,20.445,2.082,0.191,1.85,15.616,1.466,1.513,0.0,0.061,58.122,5.919
Dominican Republic,DOM,2011,9945623.0,112433265383.0,20.922,2.104,0.186,2.217,15.565,1.678,1.463,0.0,0.061,50.497,5.077
Dominican Republic,DOM,2012,10070409.0,115488083453.0,20.903,2.076,0.181,1.744,15.67,1.99,1.499,0.0,0.06,47.486,4.715
Dominican Republic,DOM,2013,10193838.0,121118130894.0,20.842,2.045,0.172,2.15,15.133,2.037,1.521,0.0,0.059,46.315,4.543
Dominican Republic,DOM,2014,10315523.0,129656952614.0,21.264,2.061,0.164,2.81,14.66,2.004,1.79,0.0,0.06,34.453,3.34
Dominican Republic,DOM,2015,10434826.0,138638287562.0,22.986,2.203,0.166,2.542,16.57,2.026,1.848,0.0,0.065,38.75,3.713
Dominican Republic,DOM,2016,10551430.0,147870212847.0,24.14,2.288,0.163,2.531,17.852,1.912,1.845,0.0,0.068,33.436,3.169
Dominican Republic,DOM,2017,10666846.0,154771313809.0,23.455,2.199,0.152,2.942,16.448,2.191,1.874,0.0,0.065,33.625,3.152
Dominican Republic,DOM,2018,10782048.0,165578989651.0,25.203,2.338,0.152,2.891,18.191,2.184,1.937,0.0,0.069,35.095,3.255
Dominican Republic,DOM,2019,10894043.0,173944046167.0,28.471,2.613,0.164,4.455,19.21,2.792,2.013,0.0,0.077,37.368,3.43
Dominican Republic,DOM,2020,11008298.0,162255006875.0,26.228,2.383,0.162,6.519,14.911,2.943,1.855,0.0,0.075,34.104,3.098
Dominican Republic,DOM,2021,11123480.0,182166940060.0,29.363,2.64,0.161,6.148,17.283,3.613,2.319,0.0,0.08,38.142,3.429
Dominican Republic,DOM,2022,11230734.0,191182362267.0,31.225,2.78,0.163,7.43,18.673,2.791,2.331,0.0,0.083,40.88,3.64
Dominican Republic,DOM,2023,11331269.0,,31.829,2.809,,7.678,18.635,3.184,2.331,0.0,0.084,40.438,3.569
Dominican Republic,DOM,2024,11427558.0,,33.131,2.899,,7.96,19.351,3.488,2.331,0.0,0.086,,
East Timor,TLS,1990,760348.0,,,,,,,,,,,,
East Timor,TLS,1991,778286.0,,,,,,,,,,,,
East Timor,TLS,1992,799323.0,,,,,,,,,,,,
East Timor,TLS,1993,821445.0,,,,,,,,,,,,
East Timor,TLS,1994,844501.0,,0.0,0.0,,,,,,0.0,0.0,,
East Timor,TLS,1995,868152.0,,0.0,0.0,,,,,,0.0,0.0,,
East Timor,TLS,1996,892289.0,,0.0,0.0,,,,,,0.0,0.0,,
East Timor,TLS,1997,917189.0,,0.0,0.0,,,,,,0.0,0.0,,
East Timor,TLS,1998,942537.0,,0.061,0.064,,,,,,0.061,0.0,,
East Timor,TLS,1999,834699.0,,0.153,0.183,,,,,,0.153,0.001,,
East Timor,TLS,2000,745095.0,,0.22,0.295,,,,,,0.22,0.001,,
East Timor,TLS,2001,812253.0,,0.119,0.146,,,,,,0.119,0.0,,
East Timor,TLS,2002,879170.0,,0.262,0.298,,,0.161,,0.0,0.101,0.001,,
East Timor,TLS,2003,916876.0,,0.249,0.271,,,0.161,,0.0,0.087,0.001,,
East Timor,TLS,2004,929081.0,,0.497,0.535,,,0.176,,0.0,0.321,0.002,,
East Timor,TLS,2005,948310.0,,0.321,0.339,,,0.176,,0.0,0.145,0.001,,
East Timor,TLS,2006,976610.0,,0.317,0.324,,,0.18,0.0,0.0,0.137,0.001,,
East Timor,TLS,2007,1004898.0,,0.288,0.287,,,0.183,0.0,0.0,0.105,0.001,,
East Timor,TLS,2008,1032431.0,,0.285,0.276,,,0.202,0.0,0.0,0.084,0.001,,
East Timor,TLS,2009,1058783.0,,0.322,0.304,,,0.227,0.0,0.0,0.095,0.001,,
East Timor,TLS,2010,1084688.0,,0.313,0.289,,,0.236,0.0,0.0,0.077,0.001,,
East Timor,TLS,2011,1110212.0,,0.434,0.391,,,0.245,0.0,0.0,0.188,0.001,,
East Timor,TLS,2012,1134891.0,,0.591,0.521,,,0.291,0.0,0.0,0.3,0.002,,
East Timor,TLS,2013,1158697.0,,0.62,0.535,,,0.353,0.0,0.0,0.267,0.002,,
East Timor,TLS,2014,1181913.0,,0.627,0.531,,,0.44,0.0,0.0,0.187,0.002,,
East Timor,TLS,2015,1205133.0,,0.59,0.49,,,0.429,0.0,0.0,0.162,0.002,,
East Timor,TLS,2016,1228314.0,,0.643,0.523,,,0.509,0.0,0.0,0.134,0.002,,
East Timor,TLS,2017,1251711.0,,0.693,0.554,,,0.553,0.0,0.0,0.14,0.002,,
East Timor,TLS,2018,1275962.0,,0.617,0.484,,,0.498,0.0,0.0,0.119,0.002,,
East Timor,TLS,2019,1300946.0,,0.675,0.519,,,0.605,0.0,0.0,0.071,0.002,,
East Timor,TLS,2020,1326051.0,,0.646,0.487,,,0.586,0.0,0.0,0.06,0.002,,
East Timor,TLS,2021,1350142.0,,0.62,0.459,,,0.572,0.0,0.0,0.048,0.002,,
East Timor,TLS,2022,1369299.0,,0.67,0.489,,,0.609,0.0,0.0,0.06,0.002,,
East Timor,TLS,2023,1384292.0,,0.637,0.46,,,0.606,0.0,0.0,0.03,0.002,,
East Timor,TLS,2024,1400638.0,,0.668,0.477,,,0.634,0.0,0.0,0.034,0.002,,
Ecuador,ECU,1990,10473674.0,64188502782.0,16.501,1.575,0.257,,13.26,0.509,1.061,1.671,0.073,14.889,1.422
Ecuador,ECU,1991,10702377.0,67933582437.0,16.198,1.514,0.238,,13.124,0.601,1.081,1.392,0.07,14.546,1.359
Ecuador,ECU,1992,10930128.0,70873835048.0,21.998,2.013,0.31,,19.138,0.465,1.054,1.341,0.098,18.367,1.68
Ecuador,ECU,1993,11154283.0,72804333284.0,24.121,2.163,0.331,,21.119,0.535,0.98,1.488,0.106,21.127,1.894
Ecuador,ECU,1994,11372197.0,76428090430.0,14.338,1.261,0.188,,10.648,0.484,1.007,2.2,0.062,14.145,1.244
Ecuador,ECU,1995,11590519.0,78692037555.0,23.534,2.03,0.299,,19.558,0.465,1.214,2.296,0.1,20.83,1.797
Ecuador,ECU,1996,11810954.0,80612101466.0,25.337,2.145,0.314,,20.863,0.495,1.4,2.579,0.105,21.525,1.822
Ecuador,ECU,1997,12031129.0,84682917021.0,19.461,1.618,0.23,,15.253,0.451,1.337,2.421,0.08,18.22,1.514
Ecuador,ECU,1998,12251188.0,88055994335.0,23.117,1.887,0.263,,19.28,0.462,1.195,2.18,0.095,22.935,1.872
Ecuador,ECU,1999,12470800.0,84464765477.0,21.997,1.764,0.26,,18.478,0.432,1.053,2.033,0.089,19.642,1.575
Ecuador,ECU,2000,12689215.0,85978888021.0,20.949,1.651,0.244,,17.324,0.473,1.278,1.874,0.082,18.301,1.442
Ecuador,ECU,2001,12910736.0,90060703680.0,23.436,1.815,0.26,,19.647,0.48,1.325,1.984,0.091,23.614,1.829
Ecuador,ECU,2002,13138473.0,94404507340.0,24.861,1.892,0.263,,21.233,0.476,1.353,1.8,0.095,25.708,1.957
Ecuador,ECU,2003,13372304.0,97642542688.0,27.113,2.028,0.278,,22.871,0.931,1.389,1.922,0.098,28.622,2.14
Ecuador,ECU,2004,13608700.0,106393261231.0,29.31,2.154,0.275,,24.659,1.136,1.545,1.971,0.102,30.873,2.269
Ecuador,ECU,2005,13846162.0,112798230080.0,30.652,2.214,0.272,,26.007,0.894,1.632,2.119,0.104,32.628,2.356
Ecuador,ECU,2006,14086138.0,118581678982.0,29.781,2.114,0.251,,24.918,0.956,1.828,2.078,0.097,33.983,2.413
Ecuador,ECU,2007,14328783.0,122016284055.0,34.393,2.4,0.282,,29.312,1.022,1.948,2.111,0.109,38.08,2.658
Ecuador,ECU,2008,14575201.0,130654762337.0,30.488,2.092,0.233,,24.915,0.931,2.394,2.247,0.095,35.779,2.455
Ecuador,ECU,2009,14825960.0,132310294703.0,33.815,2.281,0.256,,27.971,1.099,2.33,2.414,0.107,35.877,2.42
Ecuador,ECU,2010,15076697.0,137913290159.0,36.469,2.419,0.264,,30.331,1.158,2.284,2.696,0.109,38.661,2.564
Ecuador,ECU,2011,15326232.0,149795272280.0,38.48,2.511,0.257,,32.873,1.048,2.459,2.1,0.112,41.3,2.695
Ecuador,ECU,2012,15572195.0,158246726051.0,37.493,2.408,0.237,,32.148,1.4,2.441,1.504,0.107,40.945,2.629
Ecuador,ECU,2013,15807132.0,166075183974.0,39.685,2.511,0.239,,33.973,1.59,2.631,1.491,0.112,44.154,2.793
Ecuador,ECU,2014,16035127.0,172367775440.0,43.76,2.729,0.254,,37.614,1.631,2.628,1.887,0.123,47.487,2.961
Ecuador,ECU,2015,16266229.0,172538423301.0,41.298,2.539,0.239,,35.442,1.535,2.333,1.988,0.117,46.127,2.836
Ecuador,ECU,2016,16505142.0,170423090933.0,39.375,2.386,0.231,,33.474,1.652,2.21,2.038,0.111,40.932,2.48
Ecuador,ECU,2017,16759515.0,174458721084.0,39.196,2.339,0.225,,33.387,1.535,2.265,2.009,0.109,43.768,2.612
Ecuador,ECU,2018,17049542.0,176707497535.0,38.451,2.255,0.218,,33.155,1.356,2.309,1.631,0.105,44.788,2.627
Ecuador,ECU,2019,17340017.0,176728682555.0,40.083,2.312,0.227,,34.933,1.213,2.21,1.728,0.108,46.481,2.681
Ecuador,ECU,2020,17546058.0,162965075602.0,32.473,1.851,0.199,,27.465,1.03,2.03,1.948,0.092,37.595,2.143
Ecuador,ECU,2021,17682454.0,169866634253.0,38.185,2.159,0.225,,32.668,1.085,2.11,2.322,0.104,43.833,2.479
Ecuador,ECU,2022,17823900.0,175028884708.0,42.066,2.36,0.24,,36.448,1.002,2.19,2.426,0.112,47.095,2.642
Ecuador,ECU,2023,17980079.0,,44.6,2.481,,,38.524,0.912,2.19,2.974,0.117,48.898,2.72
Ecuador,ECU,2024,18135478.0,,45.98,2.535,,,39.525,1.171,2.19,3.095,0.119,,
Egypt,EGY,1990,58396625.0,227979905812.0,72.884,1.248,0.32,3.36,52.075,13.015,4.433,,0.321,79.211,1.356
Egypt,EGY,1991,60029001.0,241323329041.0,74.447,1.24,0.308,2.697,51.839,14.904,5.006,,0.321,74.949,1.249
Egypt,EGY,1992,61480663.0,254191038156.0,77.419,1.259,0.305,2.59,53.132,16.118,5.579,,0.344,84.105,1.368
Egypt,EGY,1993,62915681.0,269984893134.0,90.835,1.444,0.336,3.415,62.757,18.511,6.152,,0.399,91.517,1.455
Egypt,EGY,1994,64285596.0,286215812013.0,87.483,1.361,0.306,3.693,53.089,20.158,6.725,3.817,0.381,90.63,1.41
Egypt,EGY,1995,65652621.0,305979220895.0,97.968,1.492,0.32,2.451,58.104,26.011,7.298,4.104,0.417,100.192,1.526
Egypt,EGY,1996,67028045.0,328668878031.0,97.042,1.448,0.295,3.43,53.652,27.707,7.872,4.382,0.4,101.665,1.517
Egypt,EGY,1997,68431738.0,354503266736.0,110.934,1.621,0.313,2.851,70.384,25.063,8.445,4.192,0.455,111.871,1.635
Egypt,EGY,1998,69943297.0,380551417847.0,124.256,1.777,0.327,2.792,82.594,26.293,9.018,3.56,0.511,127.505,1.823
Egypt,EGY,1999,71520953.0,409935668443.0,126.987,1.776,0.31,2.506,79.54,31.625,9.591,3.725,0.511,129.224,1.807
Egypt,EGY,2000,73083287.0,444250275939.0,142.837,1.954,0.322,3.144,85.32,40.718,10.169,3.486,0.56,135.395,1.853
Egypt,EGY,2001,74652035.0,475679003242.0,126.372,1.693,0.266,2.748,66.434,43.361,10.466,3.363,0.492,118.01,1.581
Egypt,EGY,2002,76239140.0,501912285229.0,128.362,1.684,0.256,2.957,57.133,52.97,11.929,3.373,0.489,119.879,1.572
Egypt,EGY,2003,77853548.0,528750466385.0,149.954,1.926,0.284,3.063,73.293,58.212,11.929,3.457,0.542,137.328,1.764
Egypt,EGY,2004,79477441.0,561597926809.0,151.917,1.911,0.271,3.191,75.638,57.625,12.03,3.432,0.531,131.634,1.656
Egypt,EGY,2005,81101012.0,600297394092.0,166.934,2.058,0.278,3.067,79.21,68.622,12.862,3.173,0.564,147.715,1.821
Egypt,EGY,2006,82700404.0,650403845291.0,178.389,2.157,0.274,2.928,83.689,73.833,14.764,3.175,0.583,160.382,1.939
Egypt,EGY,2007,84276224.0,713462332878.0,189.201,2.245,0.265,2.917,84.763,81.128,17.496,2.898,0.601,174.413,2.07
Egypt,EGY,2008,85864791.0,775303694329.0,195.86,2.281,0.253,2.854,92.404,83.31,14.327,2.964,0.611,184.114,2.144
Egypt,EGY,2009,87501635.0,831415021492.0,205.243,2.346,0.247,2.689,98.338,81.788,19.119,3.308,0.651,199.285,2.278
Egypt,EGY,2010,89196073.0,898751418203.0,202.704,2.273,0.226,4.126,95.594,81.949,18.27,2.766,0.608,202.603,2.271
Egypt,EGY,2011,91093066.0,923052843843.0,221.675,2.434,0.24,1.7,106.393,92.679,17.012,3.891,0.643,217.918,2.392
Egypt,EGY,2012,93161000.0,950287307199.0,212.524,2.281,0.224,1.803,97.477,92.919,15.31,5.015,0.608,223.512,2.399
Egypt,EGY,2013,95333551.0,984556585202.0,219.087,2.298,0.223,1.7,103.374,90.4,19.143,4.47,0.621,224.396,2.354
Egypt,EGY,2014,97528655.0,1035721838706.0,227.254,2.33,0.219,1.495,118.497,81.7,20.331,5.231,0.641,246.077,2.523
Egypt,EGY,2015,99597334.0,1079611566322.0,226.654,2.276,0.21,1.345,111.266,84.152,24.578,5.312,0.64,258.982,2.6
Egypt,EGY,2016,101644583.0,1121578599865.0,245.164,2.412,0.219,1.608,118.243,94.823,25.226,5.263,0.693,271.407,2.67
Egypt,EGY,2017,103696055.0,1158060486104.0,253.364,2.443,0.219,6.507,108.447,108.407,25.612,4.391,0.704,260.362,2.511
Egypt,EGY,2018,105682092.0,1220661740193.0,241.903,2.289,0.198,13.007,97.802,102.697,24.134,4.264,0.659,252.257,2.387
Egypt,EGY,2019,107553159.0,1289253465646.0,234.06,2.176,0.182,10.124,76.284,120.52,22.768,4.364,0.631,246.371,2.291
Egypt,EGY,2020,109315118.0,1307778142529.0,246.323,2.253,0.188,5.401,98.241,116.631,21.615,4.437,0.701,259.97,2.378
Egypt,EGY,2021,110957005.0,1400985648780.0,266.839,2.405,0.19,8.702,104.622,122.938,26.662,3.915,0.724,291.37,2.626
Egypt,EGY,2022,112618252.0,1460427350416.0,249.899,2.219,0.171,7.762,109.147,104.011,25.276,3.702,0.666,267.689,2.377
Egypt,EGY,2023,114535772.0,,250.23,2.185,,8.639,106.311,103.064,28.698,3.519,0.657,253.428,2.213
Egypt,EGY,2024,116538256.0,,258.368,2.217,,12.121,112.97,102.624,27.594,3.059,0.669,,
El Salvador,SLV,1990,5399728.0,17260964768.0,2.471,0.458,0.143,,2.198,,0.273,,0.011,3.855,0.714
El Salvador,SLV,1991,5495081.0,18153449125.0,3.149,0.573,0.173,,2.862,,0.288,,0.014,4.481,0.816
El Salvador,SLV,1992,5585611.0,19825256603.0,3.313,0.593,0.167,,3.136,,0.176,,0.015,4.775,0.855
El Salvador,SLV,1993,5659959.0,21604952339.0,3.966,0.701,0.184,0.004,3.602,,0.361,,0.017,5.198,0.918
El Salvador,SLV,1994,5714138.0,23258530978.0,4.502,0.788,0.194,0.004,4.144,,0.354,0.0,0.02,5.747,1.006
El Salvador,SLV,1995,5762135.0,25119269330.0,4.986,0.865,0.198,0.004,4.613,,0.369,0.0,0.021,6.315,1.096
El Salvador,SLV,1996,5805286.0,25931149474.0,4.4,0.758,0.17,0.004,4.005,,0.391,0.0,0.018,5.879,1.013
El Salvador,SLV,1997,5844578.0,27444887250.0,5.398,0.924,0.197,0.004,4.976,,0.419,0.0,0.022,6.869,1.175
El Salvador,SLV,1998,5880786.0,28907125564.0,5.711,0.971,0.198,0.004,5.272,,0.435,0.0,0.024,7.806,1.327
El Salvador,SLV,1999,5913908.0,30355223155.0,5.567,0.941,0.183,0.004,5.144,,0.419,0.0,0.022,7.376,1.247
El Salvador,SLV,2000,5943363.0,31478454275.0,5.648,0.95,0.179,0.004,5.214,,0.43,0.0,0.022,8.421,1.417
El Salvador,SLV,2001,5968058.0,32499941192.0,5.829,0.977,0.179,0.004,5.357,,0.469,0.0,0.023,8.359,1.401
El Salvador,SLV,2002,5986629.0,33751219265.0,6.036,1.008,0.179,0.0,5.514,,0.521,0.0,0.023,8.34,1.393
El Salvador,SLV,2003,5998597.0,35029541311.0,6.396,1.066,0.183,0.004,5.851,,0.541,0.0,0.023,8.882,1.481
El Salvador,SLV,2004,6004673.0,36185189370.0,6.216,1.035,0.172,0.004,5.727,,0.485,0.0,0.022,8.447,1.407
El Salvador,SLV,2005,6005583.0,38001442916.0,6.262,1.043,0.165,0.004,5.83,,0.428,0.0,0.021,8.67,1.444
El Salvador,SLV,2006,6002321.0,40054319005.0,6.689,1.114,0.167,0.004,6.181,,0.505,0.0,0.022,9.843,1.64
El Salvador,SLV,2007,6009820.0,42202462933.0,6.819,1.135,0.162,0.004,6.321,,0.495,0.0,0.022,9.808,1.632
El Salvador,SLV,2008,6029302.0,43393063628.0,6.375,1.057,0.147,0.004,5.885,,0.486,0.0,0.02,9.376,1.555
El Salvador,SLV,2009,6048284.0,42668179532.0,6.283,1.039,0.147,0.004,5.83,,0.449,0.0,0.02,8.075,1.335
El Salvador,SLV,2010,6068253.0,43862777197.0,6.287,1.036,0.143,0.004,5.808,,0.475,0.0,0.019,7.947,1.31
El Salvador,SLV,2011,6090128.0,45520507146.0,6.467,1.062,0.142,0.004,5.98,,0.483,0.0,0.019,8.657,1.422
El Salvador,SLV,2012,6113977.0,46608113564.0,6.436,1.053,0.138,0.004,5.932,,0.501,0.0,0.018,8.356,1.367
El Salvador,SLV,2013,6138845.0,48017379514.0,6.058,0.987,0.126,0.004,5.625,,0.43,0.0,0.017,8.571,1.396
El Salvador,SLV,2014,6162952.0,49026874064.0,6.12,0.993,0.125,0.004,5.76,,0.357,0.0,0.017,8.626,1.4
El Salvador,SLV,2015,6183675.0,50319726389.0,6.637,1.073,0.132,0.004,6.28,,0.353,0.0,0.019,9.114,1.474
El Salvador,SLV,2016,6200808.0,51794877474.0,6.572,1.06,0.127,0.004,6.254,,0.314,0.0,0.019,9.337,1.506
El Salvador,SLV,2017,6213538.0,53295513328.0,5.942,0.956,0.111,0.0,5.621,,0.321,0.0,0.017,8.761,1.41
El Salvador,SLV,2018,6219803.0,55053057931.0,6.452,1.037,0.117,0.0,6.064,,0.388,0.0,0.018,9.892,1.59
El Salvador,SLV,2019,6222316.0,56393644127.0,7.634,1.227,0.135,0.0,7.178,,0.457,0.0,0.021,10.575,1.7
El Salvador,SLV,2020,6234679.0,51960808936.0,6.135,0.984,0.118,0.0,5.778,,0.357,0.0,0.017,9.032,1.449
El Salvador,SLV,2021,6255780.0,57771997522.0,6.977,1.115,0.121,0.0,6.595,0.0,0.382,0.0,0.019,10.143,1.621
El Salvador,SLV,2022,6280316.0,59270934820.0,7.913,1.26,0.134,0.0,7.133,0.399,0.38,0.0,0.021,11.006,1.753
El Salvador,SLV,2023,6309629.0,,8.67,1.374,,0.0,7.562,0.728,0.38,0.0,0.023,11.255,1.784
El Salvador,SLV,2024,6338197.0,,8.972,1.416,,0.0,7.853,0.739,0.38,0.0,0.023,,
Equatorial Guinea,GNQ,1990,474289.0,917854000.0,0.062,0.131,0.068,,0.062,,0.0,,0.0,,
Equatorial Guinea,GNQ,1991,492220.0,925022421.0,0.066,0.134,0.071,,0.066,,0.0,,0.0,,
Equatorial Guinea,GNQ,1992,510775.0,1054728158.0,0.066,0.129,0.063,,0.066,,0.0,,0.0,,
Equatorial Guinea,GNQ,1993,530030.0,1160722252.0,0.07,0.131,0.06,,0.07,,0.0,,0.0,,
Equatorial Guinea,GNQ,1994,550148.0,1275597171.0,1.149,2.089,0.901,,0.073,,0.0,1.076,0.005,,
Equatorial Guinea,GNQ,1995,571274.0,1433333474.0,1.223,2.142,0.854,,0.081,,0.0,1.143,0.005,,
Equatorial Guinea,GNQ,1996,593496.0,1938735996.0,1.359,2.29,0.701,,0.132,,0.0,1.227,0.006,,
Equatorial Guinea,GNQ,1997,616897.0,3808985683.0,1.975,3.201,0.518,,0.304,,0.0,1.671,0.008,,
Equatorial Guinea,GNQ,1998,641478.0,4506473125.0,2.295,3.578,0.509,,0.22,0.037,0.0,2.039,0.009,,
Equatorial Guinea,GNQ,1999,667222.0,5587884417.0,2.511,3.763,0.449,,0.292,0.037,0.0,2.182,0.01,,
Equatorial Guinea,GNQ,2000,703287.0,6341192117.0,2.699,3.838,0.426,,0.374,0.059,0.0,2.267,0.011,,
Equatorial Guinea,GNQ,2001,749836.0,10710877546.0,3.091,4.122,0.289,,0.454,0.037,0.0,2.6,0.012,,
Equatorial Guinea,GNQ,2002,797968.0,12944267386.0,2.765,3.465,0.214,,0.616,0.191,0.0,1.959,0.011,,
Equatorial Guinea,GNQ,2003,847867.0,14778140796.0,3.13,3.691,0.212,,0.799,0.191,0.0,2.14,0.011,,
Equatorial Guinea,GNQ,2004,899924.0,18414357582.0,6.137,6.82,0.333,,1.118,2.495,0.0,2.525,0.021,,
Equatorial Guinea,GNQ,2005,947370.0,20168023886.0,6.206,6.551,0.308,,1.162,2.496,0.0,2.548,0.021,,
Equatorial Guinea,GNQ,2006,990349.0,21346957199.0,6.172,6.233,0.289,,1.209,2.495,0.0,2.468,0.02,,
Equatorial Guinea,GNQ,2007,1036053.0,24766652343.0,5.711,5.513,0.231,,1.238,1.924,0.0,2.549,0.018,,
Equatorial Guinea,GNQ,2008,1084538.0,29298389312.0,5.926,5.464,0.202,,1.235,2.341,0.0,2.349,0.018,,
Equatorial Guinea,GNQ,2009,1135683.0,29853093503.0,4.883,4.3,0.164,,1.197,1.666,0.0,2.02,0.015,,
Equatorial Guinea,GNQ,2010,1189097.0,27366671882.0,6.377,5.363,0.233,,1.202,3.048,0.0,2.126,0.019,,
Equatorial Guinea,GNQ,2011,1241843.0,29285788000.0,6.067,4.885,0.207,,1.221,3.16,0.0,1.687,0.018,,
Equatorial Guinea,GNQ,2012,1293485.0,31730930000.0,6.875,5.315,0.217,,1.26,4.367,0.0,1.247,0.02,,
Equatorial Guinea,GNQ,2013,1346220.0,30419136000.0,8.168,6.068,0.269,,1.253,5.644,0.0,1.271,0.023,,
Equatorial Guinea,GNQ,2014,1399829.0,30256854000.0,7.641,5.459,0.253,,1.272,5.131,0.0,1.238,0.022,,
Equatorial Guinea,GNQ,2015,1453925.0,28026102000.0,7.01,4.821,0.25,,1.276,4.648,0.0,1.087,0.02,,
Equatorial Guinea,GNQ,2016,1508192.0,25203837269.0,7.538,4.998,0.299,,1.216,5.454,0.0,0.868,0.021,,
Equatorial Guinea,GNQ,2017,1562401.0,23511758900.0,6.816,4.362,0.29,,1.124,5.117,0.0,0.574,0.019,,
Equatorial Guinea,GNQ,2018,1616425.0,21813514918.0,7.034,4.352,0.322,,1.066,5.349,0.0,0.619,0.019,,
Equatorial Guinea,GNQ,2019,1670184.0,20617750095.0,5.514,3.301,0.267,,1.096,3.884,0.0,0.534,0.015,,
Equatorial Guinea,GNQ,2020,1716479.0,19743252847.0,6.39,3.722,0.324,,0.971,4.606,0.0,0.813,0.018,,
Equatorial Guinea,GNQ,2021,1758796.0,19556604569.0,7.088,4.03,0.362,,0.975,5.634,0.0,0.479,0.019,,
Equatorial Guinea,GNQ,2022,1803549.0,20191378731.0,7.497,4.157,0.371,,0.953,6.13,0.0,0.413,0.02,,
Equatorial Guinea,GNQ,2023,1847556.0,,6.913,3.742,,,0.983,5.542,0.0,0.389,0.018,,
Equatorial Guinea,GNQ,2024,1892523.0,,7.01,3.704,,,0.997,5.619,0.0,0.395,0.018,,
Eritrea,ERI,1990,2032749.0,,,,,,,,0.0,,,,
Eritrea,ERI,1991,1919575.0,,,,,,,,,,,,
Eritrea,ERI,1992,1798750.0,,,,,,,,,,,,
Eritrea,ERI,1993,1856017.0,,,,,,,,0.0,,,,
Eritrea,ERI,1994,1913919.0,,0.707,0.37,,,0.689,,0.018,0.0,0.003,,
Eritrea,ERI,1995,2025273.0,,0.79,0.39,,,0.769,,0.02,0.0,0.003,,
Eritrea,ERI,1996,2128464.0,,0.862,0.405,,,0.843,,0.019,0.0,0.004,,
Eritrea,ERI,1997,2152146.0,,0.768,0.357,,,0.744,,0.024,0.0,0.003,,
Eritrea,ERI,1998,2180423.0,,0.586,0.269,,,0.568,,0.018,0.0,0.002,,
Eritrea,ERI,1999,2212785.0,,0.615,0.278,,,0.597,,0.018,0.0,0.002,,
Eritrea,ERI,2000,2247036.0,,0.604,0.269,,,0.586,,0.018,0.0,0.002,,
Eritrea,ERI,2001,2312083.0,,0.637,0.276,,,0.619,,0.018,0.0,0.002,,
Eritrea,ERI,2002,2392981.0,,0.509,0.213,,,0.491,,0.018,0.0,0.002,,
Eritrea,ERI,2003,2493906.0,,0.78,0.313,,,0.762,,0.018,0.0,0.003,,
Eritrea,ERI,2004,2598288.0,,0.633,0.244,,,0.616,,0.018,0.0,0.002,,
Eritrea,ERI,2005,2661215.0,,0.586,0.22,,,0.568,,0.018,0.0,0.002,,
Eritrea,ERI,2006,2703501.0,,0.454,0.168,,,0.436,,0.018,0.0,0.001,,
Eritrea,ERI,2007,2743226.0,,0.424,0.155,,,0.407,,0.017,0.0,0.001,,
Eritrea,ERI,2008,2816331.0,,0.398,0.141,,,0.381,,0.017,0.0,0.001,,
Eritrea,ERI,2009,2887887.0,,0.446,0.154,,,0.429,,0.017,0.0,0.001,,
Eritrea,ERI,2010,2945184.0,,0.468,0.159,,,0.451,,0.017,0.0,0.001,,
Eritrea,ERI,2011,2998493.0,,0.578,0.193,,,0.517,,0.061,0.0,0.002,,
Eritrea,ERI,2012,3036998.0,,0.608,0.2,,,0.52,,0.088,0.0,0.002,,
Eritrea,ERI,2013,3074367.0,,0.57,0.185,,,0.48,,0.09,0.0,0.002,,
Eritrea,ERI,2014,3095168.0,,0.569,0.184,,,0.48,,0.089,0.0,0.002,,
Eritrea,ERI,2015,3105554.0,,0.557,0.18,,,0.48,,0.077,0.0,0.002,,
Eritrea,ERI,2016,3124700.0,,0.554,0.177,,,0.477,,0.077,0.0,0.002,,
Eritrea,ERI,2017,3150350.0,,0.553,0.176,,,0.484,,0.07,0.0,0.002,,
Eritrea,ERI,2018,3192763.0,,0.616,0.193,,,0.546,,0.07,0.0,0.002,,
Eritrea,ERI,2019,3240194.0,,0.645,0.199,,,0.575,,0.07,0.0,0.002,,
Eritrea,ERI,2020,3291277.0,,0.641,0.195,,,0.579,,0.062,0.0,0.002,,
Eritrea,ERI,2021,3350185.0,,0.682,0.203,,,0.612,,0.07,0.0,0.002,,
Eritrea,ERI,2022,3409450.0,,0.718,0.211,,,0.649,,0.07,0.0,0.002,,
Eritrea,ERI,2023,3470391.0,,0.731,0.211,,,0.661,,0.07,0.0,0.002,,
Eritrea,ERI,2024,3535610.0,,0.743,0.21,,,0.673,,0.07,0.0,0.002,,
Estonia,EST,1990,1570309.0,27066096904.0,36.906,23.503,1.364,24.435,9.137,2.717,0.483,0.0,0.162,31.229,19.887
Estonia,EST,1991,1565380.0,23940083198.0,34.135,21.806,1.426,22.547,8.208,2.754,0.479,0.0,0.147,29.734,18.995
Estonia,EST,1992,1540214.0,20201098370.0,24.413,15.85,1.209,17.796,4.632,1.605,0.315,0.0,0.108,23.128,15.016
Estonia,EST,1993,1504344.0,18206161939.0,19.433,12.918,1.067,13.589,4.793,0.802,0.228,0.0,0.085,17.4,11.567
Estonia,EST,1994,1475716.0,17713297126.0,20.039,13.579,1.131,14.118,4.453,1.118,0.33,0.0,0.087,16.254,11.014
Estonia,EST,1995,1452774.0,18632898028.0,18.053,12.427,0.969,12.916,3.485,1.284,0.348,0.0,0.077,15.317,10.543
Estonia,EST,1996,1434655.0,19286856884.0,19.033,13.267,0.987,13.451,3.779,1.42,0.361,0.0,0.079,15.974,11.135
Estonia,EST,1997,1421494.0,21171918456.0,18.673,13.136,0.882,13.191,3.668,1.391,0.396,0.0,0.077,15.644,11.006
Estonia,EST,1998,1411206.0,21698756967.0,16.933,11.999,0.78,11.5,3.637,1.332,0.404,0.0,0.07,15.877,11.25
Estonia,EST,1999,1403578.0,21126870271.0,15.93,11.349,0.754,10.921,3.315,1.277,0.361,0.0,0.064,20.46,14.577
Estonia,EST,2000,1397001.0,23525730943.0,15.471,11.074,0.658,10.851,2.716,1.482,0.374,0.0,0.061,21.123,15.12
Estonia,EST,2001,1388174.0,24618992841.0,15.87,11.432,0.645,10.679,3.166,1.594,0.38,0.0,0.062,19.32,13.918
Estonia,EST,2002,1379438.0,25689833693.0,15.358,11.134,0.598,10.382,3.217,1.347,0.356,0.0,0.058,20.426,14.807
Estonia,EST,2003,1370849.0,27160243367.0,17.251,12.584,0.635,12.172,3.158,1.528,0.335,0.0,0.062,21.402,15.612
Estonia,EST,2004,1362682.0,28392969678.0,17.322,12.712,0.61,12.012,3.167,1.727,0.365,0.0,0.061,21.683,15.912
Estonia,EST,2005,1354847.0,30566893529.0,17.09,12.614,0.559,11.745,3.196,1.727,0.373,0.0,0.058,20.265,14.958
Estonia,EST,2006,1346885.0,33162229951.0,16.438,12.205,0.496,11.047,3.206,1.717,0.414,0.0,0.054,22.521,16.721
Estonia,EST,2007,1340709.0,35115520992.0,19.93,14.866,0.568,14.258,3.31,1.711,0.597,0.0,0.063,22.172,16.537
Estonia,EST,2008,1337078.0,32659893005.0,17.815,13.324,0.545,12.322,3.187,1.656,0.603,0.0,0.056,18.165,13.586
Estonia,EST,2009,1334528.0,27402480486.0,14.405,10.794,0.526,10.022,2.901,1.199,0.257,0.0,0.046,14.364,10.763
Estonia,EST,2010,1331450.0,27586968284.0,18.965,14.244,0.687,14.262,3.053,1.301,0.31,0.0,0.057,17.786,13.358
Estonia,EST,2011,1327366.0,29217295065.0,18.948,14.275,0.649,14.182,3.145,1.164,0.416,0.0,0.055,20.415,15.38
Estonia,EST,2012,1322615.0,30160490093.0,17.761,13.429,0.589,12.602,3.228,1.254,0.407,0.0,0.051,19.218,14.53
Estonia,EST,2013,1317920.0,30600421813.0,19.634,14.898,0.642,14.532,3.206,1.194,0.399,0.0,0.056,17.666,13.404
Estonia,EST,2014,1314457.0,31521829560.0,18.784,14.29,0.596,14.072,3.23,1.008,0.422,0.0,0.053,17.858,13.585
Estonia,EST,2015,1314580.0,32106015454.0,15.78,12.004,0.491,11.271,3.333,0.903,0.206,0.0,0.045,17.133,13.033
Estonia,EST,2016,1315850.0,33119083785.0,17.433,13.248,0.526,12.763,3.427,0.991,0.185,0.0,0.049,17.108,13.002
Estonia,EST,2017,1317430.0,35037377711.0,18.616,14.131,0.531,13.877,3.435,0.912,0.307,0.0,0.052,17.145,13.014
Estonia,EST,2018,1321972.0,36363239216.0,17.801,13.465,0.49,13.063,3.397,0.958,0.298,0.0,0.048,18.529,14.016
Estonia,EST,2019,1326822.0,37723175050.0,12.288,9.261,0.326,7.776,3.255,0.882,0.295,0.0,0.033,15.255,11.497
Estonia,EST,2020,1329675.0,37515273353.0,9.198,6.918,0.245,5.277,3.029,0.806,0.02,0.0,0.026,12.932,9.726
Estonia,EST,2021,1331750.0,40521483538.0,10.391,7.802,0.256,6.458,2.929,0.916,0.0,0.0,0.028,14.308,10.743
Estonia,EST,2022,1350093.0,39999856613.0,11.966,8.863,0.299,8.086,3.133,0.679,0.0,0.0,0.032,14.638,10.843
Estonia,EST,2023,1367195.0,,8.744,6.396,,4.974,3.131,0.58,0.0,0.0,0.023,12.585,9.205
Estonia,EST,2024,1360548.0,,8.307,6.105,,4.547,3.073,0.627,0.0,0.0,0.022,,
Eswatini,SWZ,1990,872436.0,3420534889.0,0.96,1.1,0.281,0.423,0.537,,0.0,,0.004,,
Eswatini,SWZ,1991,908193.0,3548878922.0,0.872,0.96,0.246,0.326,0.546,,0.0,,0.004,,
Eswatini,SWZ,1992,943426.0,3732391463.0,0.832,0.882,0.223,0.265,0.567,,0.0,,0.004,,
Eswatini,SWZ,1993,971327.0,3919793436.0,0.707,0.728,0.18,0.132,0.575,,0.0,,0.003,,
Eswatini,SWZ,1994,971221.0,4084365870.0,1.077,1.109,0.264,0.484,0.594,,0.0,0.0,0.005,,
Eswatini,SWZ,1995,970439.0,4356450718.0,1.059,1.091,0.243,0.453,0.606,,0.0,0.0,0.005,,
Eswatini,SWZ,1996,989847.0,4598027973.0,0.788,0.796,0.171,0.341,0.447,,0.0,0.0,0.003,,
Eswatini,SWZ,1997,1006647.0,4766768452.0,1.14,1.132,0.239,0.564,0.575,,0.0,0.0,0.005,,
Eswatini,SWZ,1998,1019657.0,4867682233.0,1.161,1.139,0.239,0.564,0.597,,0.0,0.0,0.005,,
Eswatini,SWZ,1999,1030785.0,4986982563.0,1.242,1.205,0.249,0.585,0.658,,0.0,0.0,0.005,,
Eswatini,SWZ,2000,1041428.0,5050303320.0,1.205,1.158,0.239,0.533,0.672,,0.0,0.0,0.005,,
Eswatini,SWZ,2001,1051066.0,5125500508.0,1.099,1.046,0.214,0.507,0.592,,0.0,0.0,0.004,,
Eswatini,SWZ,2002,1059456.0,5280506497.0,1.081,1.02,0.205,0.487,0.594,,0.0,0.0,0.004,,
Eswatini,SWZ,2003,1066706.0,5518729007.0,1.004,0.941,0.182,0.398,0.606,,0.0,0.0,0.004,,
Eswatini,SWZ,2004,1073170.0,5696422388.0,1.004,0.935,0.176,0.393,0.61,,0.0,0.0,0.004,,
Eswatini,SWZ,2005,1079022.0,6002942535.0,1.015,0.941,0.169,0.381,0.634,,0.0,0.0,0.003,,
Eswatini,SWZ,2006,1084442.0,6319744849.0,1.015,0.936,0.161,0.386,0.629,,0.0,0.0,0.003,,
Eswatini,SWZ,2007,1090713.0,6589486313.0,1.044,0.957,0.158,0.403,0.641,,0.0,0.0,0.003,,
Eswatini,SWZ,2008,1098098.0,6906669172.0,1.019,0.928,0.147,0.413,0.606,,0.0,0.0,0.003,,
Eswatini,SWZ,2009,1105158.0,7131566747.0,1.055,0.955,0.148,0.381,0.674,,0.0,0.0,0.003,,
Eswatini,SWZ,2010,1111651.0,7332277029.0,0.997,0.897,0.136,0.369,0.628,,0.0,0.0,0.003,,
Eswatini,SWZ,2011,1117845.0,7567466177.0,0.96,0.859,0.127,0.33,0.63,,0.0,0.0,0.003,,
Eswatini,SWZ,2012,1123870.0,7793097968.0,1.11,0.988,0.142,0.458,0.652,,0.0,0.0,0.003,,
Eswatini,SWZ,2013,1130000.0,8126636123.0,1.315,1.164,0.162,0.597,0.718,,0.0,0.0,0.004,,
Eswatini,SWZ,2014,1136305.0,8327527350.0,0.762,0.671,0.092,0.048,0.714,,0.0,0.0,0.002,,
Eswatini,SWZ,2015,1142822.0,8445665268.0,0.85,0.744,0.101,0.121,0.729,,0.0,0.0,0.002,,
Eswatini,SWZ,2016,1149516.0,8545156780.0,1.022,0.889,0.12,0.216,0.806,,0.0,0.0,0.003,,
Eswatini,SWZ,2017,1158198.0,8725282454.0,0.971,0.838,0.111,0.143,0.828,,0.0,0.0,0.003,,
Eswatini,SWZ,2018,1168933.0,8936238936.0,1.015,0.868,0.114,0.143,0.872,,0.0,0.0,0.003,,
Eswatini,SWZ,2019,1179885.0,9177836965.0,1.099,0.932,0.12,0.176,0.923,,0.0,0.0,0.003,,
Eswatini,SWZ,2020,1192734.0,9034694873.0,0.989,0.829,0.109,0.142,0.847,,0.0,0.0,0.003,,
Eswatini,SWZ,2021,1206598.0,9746927305.0,0.989,0.82,0.101,0.161,0.828,,0.0,0.0,0.003,,
Eswatini,SWZ,2022,1218921.0,9594910875.0,1.028,0.844,0.107,0.18,0.849,,0.0,0.0,0.003,,
Eswatini,SWZ,2023,1230507.0,,1.03,0.837,,0.172,0.857,,0.0,0.0,0.003,,
Eswatini,SWZ,2024,1242829.0,,1.045,0.841,,0.18,0.865,,0.0,0.0,0.003,,
Ethiopia,ETH,1990,47609760.0,45030920800.0,2.987,0.063,0.066,,2.847,,0.14,,0.013,3.017,0.063
Ethiopia,ETH,1991,49717203.0,41447817951.0,2.958,0.06,0.071,,2.84,,0.119,,0.013,3.004,0.06
Ethiopia,ETH,1992,51853756.0,37455354506.0,2.937,0.057,0.078,,2.814,,0.123,,0.013,3.026,0.058
Ethiopia,ETH,1993,53708892.0,37874279529.0,2.994,0.056,0.079,,2.851,,0.143,,0.013,3.048,0.057
Ethiopia,ETH,1994,55611514.0,40711848289.0,2.197,0.04,0.054,,2.008,,0.189,0.0,0.01,2.259,0.041
Ethiopia,ETH,1995,57537340.0,42631100913.0,2.506,0.044,0.059,,2.257,,0.249,0.0,0.011,2.517,0.044
Ethiopia,ETH,1996,59467640.0,46130264957.0,2.794,0.047,0.061,,2.514,,0.281,0.0,0.012,3.912,0.066
Ethiopia,ETH,1997,61404541.0,49275077370.0,2.98,0.049,0.06,,2.675,,0.305,0.0,0.012,2.978,0.048
Ethiopia,ETH,1998,63363523.0,48734081758.0,3.147,0.05,0.065,,2.843,,0.304,0.0,0.013,3.139,0.05
Ethiopia,ETH,1999,65374561.0,48438288398.0,3.094,0.047,0.064,,2.836,,0.258,0.0,0.012,4.333,0.066
Ethiopia,ETH,2000,67411496.0,50326965912.0,3.463,0.051,0.069,,3.107,,0.356,0.0,0.014,5.381,0.08
Ethiopia,ETH,2001,69487767.0,52434129516.0,4.265,0.061,0.081,,3.902,,0.362,0.0,0.017,5.765,0.083
Ethiopia,ETH,2002,71635521.0,54501781462.0,4.432,0.062,0.081,,4.071,,0.361,0.0,0.017,3.93,0.055
Ethiopia,ETH,2003,73832664.0,53892038989.0,4.87,0.066,0.09,,4.419,,0.451,0.0,0.018,3.844,0.052
Ethiopia,ETH,2004,76077211.0,55845384136.0,5.159,0.068,0.092,,4.635,,0.524,0.0,0.018,3.821,0.05
Ethiopia,ETH,2005,78367476.0,61634778962.0,4.956,0.063,0.08,,4.335,,0.622,0.0,0.017,3.805,0.049
Ethiopia,ETH,2006,80703495.0,67217118145.0,5.318,0.066,0.079,,4.639,,0.68,0.0,0.017,4.323,0.054
Ethiopia,ETH,2007,83103218.0,73421784125.0,5.84,0.07,0.08,,5.21,,0.629,0.0,0.019,4.63,0.056
Ethiopia,ETH,2008,85543670.0,79756503135.0,6.418,0.075,0.08,0.04,5.672,,0.705,0.0,0.02,5.171,0.06
Ethiopia,ETH,2009,88007641.0,86391027022.0,6.453,0.073,0.075,0.11,5.693,,0.65,0.0,0.02,5.685,0.065
Ethiopia,ETH,2010,90538518.0,94148625646.0,6.344,0.07,0.067,0.132,5.58,,0.632,0.0,0.019,5.088,0.056
Ethiopia,ETH,2011,93149977.0,104948629242.0,7.355,0.079,0.07,0.396,6.163,,0.796,0.0,0.021,5.594,0.06
Ethiopia,ETH,2012,95798771.0,116345224724.0,7.988,0.083,0.069,0.524,6.108,,1.357,0.0,0.023,7.111,0.074
Ethiopia,ETH,2013,98438752.0,128310309167.0,9.744,0.099,0.076,0.678,7.317,,1.749,0.0,0.028,8.148,0.083
Ethiopia,ETH,2014,101115615.0,141950543442.0,11.543,0.114,0.081,0.946,8.496,,2.102,0.0,0.033,10.105,0.1
Ethiopia,ETH,2015,103867140.0,157107146471.0,12.564,0.121,0.08,0.99,8.668,,2.906,0.0,0.035,11.247,0.108
Ethiopia,ETH,2016,106718163.0,173708917362.0,14.323,0.134,0.082,1.245,9.784,,3.294,0.0,0.04,12.917,0.121
Ethiopia,ETH,2017,109666482.0,190761659136.0,14.603,0.133,0.077,1.212,9.861,,3.526,0.003,0.041,20.56,0.187
Ethiopia,ETH,2018,112664157.0,206205566995.0,16.117,0.143,0.078,1.392,11.036,,3.681,0.008,0.044,20.552,0.182
Ethiopia,ETH,2019,115737384.0,221885291686.0,17.177,0.148,0.077,1.495,12.311,,3.371,0.0,0.046,21.514,0.186
Ethiopia,ETH,2020,118917670.0,237860193068.0,16.735,0.141,0.07,1.7,11.237,,3.797,0.0,0.048,20.954,0.176
Ethiopia,ETH,2021,122138588.0,251849804145.0,17.906,0.147,0.071,2.308,11.917,,3.681,0.0,0.049,22.769,0.186
Ethiopia,ETH,2022,125384285.0,269977225159.0,16.96,0.135,0.063,2.455,11.56,,2.945,0.0,0.045,22.33,0.178
Ethiopia,ETH,2023,128691695.0,,17.571,0.137,,2.838,11.787,,2.945,0.0,0.046,23.246,0.181
Ethiopia,ETH,2024,132059770.0,,17.837,0.135,,2.898,11.994,,2.945,0.0,0.046,,
Faroe Islands,FRO,1990,47525.0,,0.703,14.802,,,0.703,,,,0.003,,
Faroe Islands,FRO,1991,46839.0,,0.66,14.081,,,0.66,,,,0.003,,
Faroe Islands,FRO,1992,46043.0,,0.649,14.085,,,0.649,,,,0.003,,
Faroe Islands,FRO,1993,45160.0,,0.583,12.9,,,0.583,,,,0.003,,
Faroe Islands,FRO,1994,44195.0,,0.575,13.016,,,0.575,,,0.0,0.003,,
Faroe Islands,FRO,1995,43863.0,,0.572,13.031,,,0.572,,,0.0,0.002,,
Faroe Islands,FRO,1996,44203.0,,0.597,13.511,,,0.597,,,0.0,0.002,,
Faroe Islands,FRO,1997,44568.0,,0.586,13.154,,,0.586,,,0.0,0.002,,
Faroe Islands,FRO,1998,44920.0,,0.623,13.866,,,0.623,,,0.0,0.003,,
Faroe Islands,FRO,1999,45242.0,,0.634,14.011,,,0.634,,,0.0,0.003,,
Faroe Islands,FRO,2000,45687.0,,0.689,15.077,,,0.689,,,0.0,0.003,,
Faroe Islands,FRO,2001,46262.0,,0.762,16.474,,,0.762,,,0.0,0.003,,
Faroe Islands,FRO,2002,46852.0,,0.729,15.563,,,0.729,,,0.0,0.003,,
Faroe Islands,FRO,2003,47448.0,,0.733,15.444,,,0.733,,,0.0,0.003,,
Faroe Islands,FRO,2004,48041.0,,0.747,15.559,,,0.747,,,0.0,0.003,,
Faroe Islands,FRO,2005,48386.0,,0.722,14.918,,,0.722,,,0.0,0.002,,
Faroe Islands,FRO,2006,48456.0,,0.678,13.989,,,0.678,,,0.0,0.002,,
Faroe Islands,FRO,2007,48498.0,,0.692,14.279,,,0.692,,,0.0,0.002,,
Faroe Islands,FRO,2008,48528.0,,0.634,13.062,,,0.634,,,0.0,0.002,,
Faroe Islands,FRO,2009,48512.0,,0.575,11.858,,,0.575,,,0.0,0.002,,
Faroe Islands,FRO,2010,48191.0,,0.627,13.001,,,0.627,,,0.0,0.002,,
Faroe Islands,FRO,2011,47957.0,,0.564,11.766,,,0.564,,,0.0,0.002,,
Faroe Islands,FRO,2012,48113.0,,0.594,12.337,,,0.594,,,0.0,0.002,,
Faroe Islands,FRO,2013,48297.0,,0.649,13.428,,,0.649,,,0.0,0.002,,
Faroe Islands,FRO,2014,48515.0,,0.597,12.31,,,0.597,,,0.0,0.002,,
Faroe Islands,FRO,2015,48916.0,,0.608,12.434,,,0.608,,,0.0,0.002,,
Faroe Islands,FRO,2016,49554.0,,0.627,12.644,,,0.627,,,0.0,0.002,,
Faroe Islands,FRO,2017,50268.0,,0.703,13.995,,,0.703,,,0.0,0.002,,
Faroe Islands,FRO,2018,51062.0,,0.725,14.208,,,0.725,,,0.0,0.002,,
Faroe Islands,FRO,2019,51868.0,,0.74,14.269,,,0.74,,,0.0,0.002,,
Faroe Islands,FRO,2020,52615.0,,0.758,14.415,,,0.758,,,0.0,0.002,,
Faroe Islands,FRO,2021,53324.0,,0.784,14.704,,,0.784,,,0.0,0.002,,
Faroe Islands,FRO,2022,54039.0,,0.723,13.378,,,0.723,,,0.0,0.002,,
Faroe Islands,FRO,2023,54738.0,,0.714,13.038,,,0.714,,,0.0,0.002,,
Faroe Islands,FRO,2024,55419.0,,0.725,13.089,,,0.725,,,0.0,0.002,,
Fiji,FJI,1990,773325.0,,0.801,1.036,,0.062,0.707,,0.032,,0.004,,
Fiji,FJI,1991,779666.0,,0.655,0.84,,0.048,0.575,,0.032,,0.003,,
Fiji,FJI,1992,785349.0,,0.73,0.93,,0.051,0.645,,0.034,,0.003,,
Fiji,FJI,1993,790380.0,,0.729,0.922,,0.051,0.645,,0.032,,0.003,,
Fiji,FJI,1994,794779.0,,0.723,0.91,,0.052,0.633,,0.038,0.0,0.003,,
Fiji,FJI,1995,798750.0,,0.737,0.922,,0.051,0.649,,0.037,0.0,0.003,,
Fiji,FJI,1996,803788.0,,0.792,0.986,,0.059,0.7,,0.034,0.0,0.003,,
Fiji,FJI,1997,812145.0,,0.764,0.941,,0.059,0.667,,0.039,0.0,0.003,,
Fiji,FJI,1998,822259.0,,0.743,0.904,,0.052,0.655,,0.036,0.0,0.003,,
Fiji,FJI,1999,831835.0,,0.756,0.909,,0.048,0.671,,0.038,0.0,0.003,,
Fiji,FJI,2000,840913.0,,0.815,0.969,,0.044,0.732,,0.038,0.0,0.003,,
Fiji,FJI,2001,849606.0,,1.004,1.182,,0.04,0.964,,0.0,0.0,0.004,,
Fiji,FJI,2002,858057.0,,0.835,0.974,,0.044,0.791,,0.0,0.0,0.003,,
Fiji,FJI,2003,866297.0,,0.993,1.146,,0.044,0.949,,0.0,0.0,0.004,,
Fiji,FJI,2004,874369.0,,1.301,1.487,,0.0,1.301,,0.0,0.0,0.005,,
Fiji,FJI,2005,882384.0,,1.022,1.159,,0.0,1.022,,0.0,0.0,0.003,,
Fiji,FJI,2006,890370.0,,1.15,1.292,,0.0,1.15,,0.0,0.0,0.004,,
Fiji,FJI,2007,897843.0,,1.085,1.208,,0.0,1.085,,0.0,0.0,0.003,,
Fiji,FJI,2008,903403.0,,0.791,0.876,,0.0,0.791,,0.0,0.0,0.002,,
Fiji,FJI,2009,907248.0,,0.703,0.775,,0.0,0.703,,0.0,0.0,0.002,,
Fiji,FJI,2010,910427.0,,1.03,1.131,,0.0,1.026,0.004,0.0,0.0,0.003,,
Fiji,FJI,2011,912991.0,,0.931,1.019,,0.0,0.931,0.0,0.0,0.0,0.003,,
Fiji,FJI,2012,914920.0,,0.909,0.993,,0.0,0.909,,0.0,0.0,0.003,,
Fiji,FJI,2013,916359.0,,1.037,1.132,,0.0,1.037,,0.0,0.0,0.003,,
Fiji,FJI,2014,917589.0,,1.18,1.286,,0.0,1.18,0.0,0.0,0.0,0.003,,
Fiji,FJI,2015,918585.0,,1.462,1.592,,0.0,1.462,0.0,0.0,0.0,0.004,,
Fiji,FJI,2016,919167.0,,1.345,1.463,,0.0,1.345,,0.0,0.0,0.004,,
Fiji,FJI,2017,918762.0,,1.455,1.583,,0.0,1.455,,0.0,0.0,0.004,,
Fiji,FJI,2018,917185.0,,1.48,1.614,,0.0,1.48,,0.0,0.0,0.004,,
Fiji,FJI,2019,914906.0,,1.509,1.65,,,1.509,,0.0,0.0,0.004,,
Fiji,FJI,2020,914971.0,,1.37,1.498,,,1.37,,0.0,0.0,0.004,,
Fiji,FJI,2021,916718.0,,1.088,1.187,,,1.088,,0.0,0.0,0.003,,
Fiji,FJI,2022,919428.0,,1.389,1.51,,,1.389,,0.0,0.0,0.004,,
Fiji,FJI,2023,924150.0,,1.382,1.496,,,1.382,,0.0,0.0,0.004,,
Fiji,FJI,2024,928800.0,,1.445,1.556,,,1.445,,0.0,0.0,0.004,,
Finland,FIN,1990,4986576.0,134055215099.0,56.921,11.415,0.425,22.134,27.66,5.155,0.729,0.111,0.25,88.629,17.774
Finland,FIN,1991,5013889.0,126220143051.0,55.195,11.008,0.437,21.39,26.81,5.386,0.569,0.103,0.238,81.008,16.157
Finland,FIN,1992,5042145.0,122116750127.0,54.272,10.764,0.444,20.68,26.656,5.577,0.473,0.11,0.241,104.046,20.635
Finland,FIN,1993,5066594.0,121309307835.0,56.32,11.116,0.464,23.403,25.606,5.824,0.361,0.157,0.248,88.386,17.445
Finland,FIN,1994,5088454.0,126178680040.0,61.739,12.133,0.489,27.595,26.409,6.297,0.364,0.066,0.269,83.913,16.491
Finland,FIN,1995,5107919.0,131586003036.0,58.122,11.379,0.442,24.659,25.593,6.512,0.378,0.075,0.247,81.491,15.954
Finland,FIN,1996,5124715.0,136506127418.0,64.04,12.496,0.469,29.759,26.033,6.791,0.381,0.065,0.264,75.813,14.794
Finland,FIN,1997,5139927.0,145148158927.0,62.703,12.199,0.432,28.499,26.018,6.649,0.45,0.103,0.257,68.889,13.403
Finland,FIN,1998,5153545.0,153138899026.0,59.358,11.518,0.388,23.72,26.573,7.594,0.448,0.064,0.244,69.227,13.433
Finland,FIN,1999,5165516.0,160063696383.0,58.874,11.398,0.368,23.038,26.725,7.573,0.479,0.055,0.237,72.442,14.024
Finland,FIN,2000,5176197.0,169209765102.0,57.017,11.015,0.337,21.987,25.823,7.718,0.505,0.058,0.223,77.975,15.064
Finland,FIN,2001,5187970.0,173703951475.0,62.52,12.051,0.36,26.127,26.445,8.392,0.504,0.053,0.243,80.485,15.514
Finland,FIN,2002,5200548.0,176751491921.0,65.049,12.508,0.368,28.307,26.807,8.342,0.485,0.062,0.248,80.541,15.487
Finland,FIN,2003,5212958.0,180408462125.0,72.658,13.938,0.403,35.017,26.925,9.231,0.467,0.056,0.263,91.037,17.464
Finland,FIN,2004,5228147.0,187633923914.0,68.946,13.187,0.367,31.641,26.914,8.871,0.529,0.055,0.241,87.427,16.722
Finland,FIN,2005,5246078.0,192990732516.0,57.064,10.877,0.296,21.039,26.361,8.127,0.542,0.07,0.193,83.526,15.922
Finland,FIN,2006,5266248.0,200966858669.0,68.374,12.983,0.34,31.585,26.452,8.688,0.574,0.058,0.223,90.322,17.151
Finland,FIN,2007,5288715.0,211541390078.0,66.764,12.624,0.316,30.348,26.645,8.119,0.605,0.081,0.212,89.361,16.897
Finland,FIN,2008,5313379.0,213226105706.0,58.625,11.033,0.275,23.675,24.94,8.36,0.62,0.097,0.183,84.241,15.854
Finland,FIN,2009,5338854.0,195739132370.0,55.921,10.474,0.286,22.899,24.196,7.504,0.385,0.075,0.177,74.387,13.933
Finland,FIN,2010,5363347.0,201746033638.0,64.092,11.95,0.318,29.144,25.13,8.276,0.526,0.096,0.192,87.197,16.258
Finland,FIN,2011,5388236.0,207084301562.0,56.646,10.513,0.274,24.082,23.764,7.255,0.558,0.088,0.164,73.715,13.681
Finland,FIN,2012,5413978.0,204190196792.0,51.154,9.449,0.251,19.595,23.67,6.464,0.497,0.102,0.146,70.526,13.027
Finland,FIN,2013,5439057.0,202349011206.0,51.719,9.509,0.256,21.359,22.84,6.065,0.482,0.079,0.147,67.463,12.403
Finland,FIN,2014,5461686.0,201610622550.0,47.622,8.719,0.236,19.326,21.542,5.394,0.469,0.084,0.134,62.404,11.426
Finland,FIN,2015,5479719.0,202706706722.0,44.192,8.065,0.218,16.843,21.384,4.726,0.462,0.109,0.125,56.456,10.303
Finland,FIN,2016,5495468.0,208405735062.0,47.252,8.598,0.227,18.66,22.939,4.208,0.553,0.104,0.134,59.211,10.775
Finland,FIN,2017,5508398.0,215058877437.0,44.657,8.107,0.208,17.088,22.213,3.887,0.604,0.147,0.124,59.318,10.769
Finland,FIN,2018,5515730.0,217509947213.0,45.736,8.292,0.21,17.924,22.044,4.415,0.602,0.091,0.125,61.466,11.144
Finland,FIN,2019,5521754.0,220173891564.0,42.444,7.687,0.193,15.257,21.648,4.314,0.583,0.065,0.114,56.586,10.248
Finland,FIN,2020,5529616.0,214988893865.0,37.72,6.821,0.175,11.853,20.261,4.382,0.57,0.076,0.107,51.133,9.247
Finland,FIN,2021,5541069.0,221538476826.0,37.82,6.825,0.171,12.711,19.468,4.356,0.623,0.068,0.103,54.797,9.889
Finland,FIN,2022,5569300.0,226154847456.0,36.337,6.525,0.161,12.579,20.124,2.41,0.597,0.065,0.097,52.765,9.474
Finland,FIN,2023,5601185.0,,31.799,5.677,,9.391,18.806,2.575,0.445,0.086,0.083,47.462,8.474
Finland,FIN,2024,5617311.0,,29.775,5.301,,7.784,18.189,2.779,0.445,0.086,0.077,,
France,FRA,1990,56990239.0,1636207672000.0,394.904,6.929,0.241,80.69,234.705,59.211,10.937,4.34,1.737,485.37,8.517
France,FRA,1991,57271564.0,1654070164992.0,419.119,7.318,0.253,86.241,246.275,66.875,10.386,4.438,1.806,499.933,8.729
France,FRA,1992,57554867.0,1681416991070.0,408.433,7.096,0.243,78.038,244.389,67.822,9.343,4.429,1.814,533.95,9.277
France,FRA,1993,57801261.0,1671995828699.0,388.89,6.728,0.233,63.127,240.498,67.969,8.592,4.225,1.709,495.551,8.573
France,FRA,1994,57999868.0,1712086429935.0,381.903,6.585,0.223,61.809,234.585,67.514,8.775,4.485,1.662,487.608,8.407
France,FRA,1995,58192207.0,1748659531786.0,386.959,6.65,0.221,62.977,237.37,68.705,8.635,4.367,1.645,499.637,8.586
France,FRA,1996,58380638.0,1773843233893.0,403.352,6.909,0.227,65.333,244.422,75.83,8.436,4.537,1.664,501.214,8.585
France,FRA,1997,58568662.0,1816394950229.0,396.023,6.762,0.218,61.29,242.028,75.104,8.111,4.482,1.624,477.769,8.157
France,FRA,1998,58778817.0,1882050330390.0,414.357,7.049,0.22,71.294,248.068,76.864,8.686,4.397,1.705,502.562,8.55
France,FRA,1999,59084209.0,1949849405155.0,413.07,6.991,0.212,66.41,248.521,80.748,8.386,4.091,1.663,506.173,8.567
France,FRA,2000,59483716.0,2031676031476.0,407.445,6.85,0.201,65.75,239.763,84.307,8.561,4.237,1.597,513.527,8.633
France,FRA,2001,59905131.0,2077786711965.0,411.592,6.871,0.198,56.1,249.573,88.43,8.655,4.194,1.602,510.622,8.524
France,FRA,2002,60327247.0,2107316572579.0,407.027,6.747,0.193,58.586,243.247,87.94,8.643,3.948,1.55,505.262,8.375
France,FRA,2003,60741119.0,2130940712046.0,412.989,6.799,0.194,59.198,245.064,91.624,8.556,3.908,1.493,516.223,8.499
France,FRA,2004,61175244.0,2196883540402.0,414.073,6.769,0.188,58.225,244.922,93.182,9.065,3.932,1.447,534.798,8.742
France,FRA,2005,61625031.0,2238790479440.0,416.343,6.756,0.186,62.032,241.908,94.862,9.108,3.932,1.407,545.49,8.852
France,FRA,2006,62049831.0,2297018080700.0,406.669,6.554,0.177,59.484,236.777,92.274,9.307,4.233,1.329,544.165,8.77
France,FRA,2007,62432438.0,2354672057875.0,396.461,6.35,0.168,61.349,227.452,89.101,9.478,4.528,1.259,544.867,8.727
France,FRA,2008,62780187.0,2362451821701.0,389.794,6.209,0.165,56.167,223.518,92.016,8.88,4.804,1.216,543.139,8.651
France,FRA,2009,63106460.0,2295352990111.0,371.404,5.885,0.162,45.161,219.508,90.665,7.679,4.52,1.179,512.139,8.115
France,FRA,2010,63417366.0,2342490492199.0,377.079,5.946,0.161,49.071,215.854,96.134,7.888,4.122,1.132,511.08,8.059
France,FRA,2011,63733776.0,2393401943613.0,355.127,5.572,0.148,42.169,208.907,87.85,8.065,3.897,1.03,509.587,7.996
France,FRA,2012,64058465.0,2400896391731.0,358.1,5.59,0.149,46.931,205.354,90.837,7.502,3.328,1.024,479.551,7.486
France,FRA,2013,64387736.0,2414733629218.0,360.013,5.591,0.149,49.664,204.287,91.386,7.3,3.069,1.021,483.373,7.507
France,FRA,2014,64692495.0,2437822780219.0,327.809,5.067,0.134,39.548,197.641,76.454,6.975,2.971,0.924,448.722,6.936
France,FRA,2015,64916337.0,2464953810985.0,332.131,5.116,0.135,38.024,199.231,81.392,6.606,2.869,0.938,434.694,6.696
France,FRA,2016,65086853.0,2491956183265.0,335.496,5.155,0.135,36.016,196.896,89.261,6.639,2.886,0.948,454.972,6.99
France,FRA,2017,65284775.0,2549057506683.0,338.368,5.183,0.133,39.997,195.911,89.406,6.483,2.833,0.941,453.019,6.939
France,FRA,2018,65519537.0,2596599107835.0,323.102,4.931,0.124,35.126,189.446,84.89,6.701,2.919,0.88,456.069,6.961
France,FRA,2019,65729460.0,2644453795826.0,316.321,4.812,0.12,29.426,187.285,86.387,6.807,2.515,0.853,442.643,6.734
France,FRA,2020,65905273.0,2438594133224.0,281.515,4.272,0.115,23.854,165.543,80.065,6.197,2.136,0.801,398.958,6.054
France,FRA,2021,66083547.0,2604822841790.0,307.272,4.65,0.118,30.472,179.122,85.402,6.495,1.708,0.833,440.193,6.661
France,FRA,2022,66277412.0,2671568767031.0,295.304,4.456,0.111,26.199,179.255,77.656,6.397,1.712,0.787,437.449,6.6
France,FRA,2023,66438828.0,,270.263,4.068,,19.542,172.229,67.157,5.675,1.672,0.709,407.365,6.131
France,FRA,2024,66548532.0,,264.156,3.969,,19.469,170.692,62.699,5.675,1.66,0.684,,
French Polynesia,PYF,1990,203780.0,,0.524,2.571,,,0.524,,0.0,,0.002,,
French Polynesia,PYF,1991,207755.0,,0.528,2.54,,,0.528,,0.0,,0.002,,
French Polynesia,PYF,1992,211570.0,,0.498,2.355,,,0.498,,0.0,,0.002,,
French Polynesia,PYF,1993,215229.0,,0.52,2.417,,,0.52,,0.0,,0.002,,
French Polynesia,PYF,1994,218747.0,,0.535,2.445,,,0.535,,0.0,0.0,0.002,,
French Polynesia,PYF,1995,222128.0,,0.524,2.359,,,0.524,,0.0,0.0,0.002,,
French Polynesia,PYF,1996,225500.0,,0.524,2.324,,,0.524,,0.0,0.0,0.002,,
French Polynesia,PYF,1997,229132.0,,0.542,2.367,,,0.542,,0.0,0.0,0.002,,
French Polynesia,PYF,1998,232898.0,,0.535,2.297,,,0.535,,0.0,0.0,0.002,,
French Polynesia,PYF,1999,236606.0,,0.594,2.509,,,0.594,,0.0,0.0,0.002,,
French Polynesia,PYF,2000,240346.0,,0.685,2.851,,,0.685,,0.0,0.0,0.003,,
French Polynesia,PYF,2001,244107.0,,0.769,3.152,,,0.769,,0.0,0.0,0.003,,
French Polynesia,PYF,2002,247785.0,,0.806,3.253,,,0.806,,0.0,0.0,0.003,,
French Polynesia,PYF,2003,251650.0,,0.835,3.32,,,0.835,,0.0,0.0,0.003,,
French Polynesia,PYF,2004,255663.0,,0.843,3.296,,,0.843,,0.0,0.0,0.003,,
French Polynesia,PYF,2005,259517.0,,0.832,3.205,,,0.832,,0.0,0.0,0.003,,
French Polynesia,PYF,2006,263234.0,,0.839,3.187,,,0.839,,0.0,0.0,0.003,,
French Polynesia,PYF,2007,266448.0,,0.857,3.218,,,0.857,,0.0,0.0,0.003,,
French Polynesia,PYF,2008,268390.0,,0.868,3.235,,,0.868,,0.0,0.0,0.003,,
French Polynesia,PYF,2009,269494.0,,0.861,3.195,,,0.861,,0.0,0.0,0.003,,
French Polynesia,PYF,2010,270590.0,,0.923,3.412,,,0.923,,0.0,0.0,0.003,,
French Polynesia,PYF,2011,271734.0,,0.883,3.25,,,0.883,,0.0,0.0,0.003,,
French Polynesia,PYF,2012,273092.0,,0.876,3.207,,,0.876,,0.0,0.0,0.003,,
French Polynesia,PYF,2013,274736.0,,0.883,3.214,,,0.883,,0.0,0.0,0.003,,
French Polynesia,PYF,2014,276391.0,,0.85,3.076,,,0.85,,0.0,0.0,0.002,,
French Polynesia,PYF,2015,277877.0,,0.846,3.046,,,0.846,,0.0,0.0,0.002,,
French Polynesia,PYF,2016,279180.0,,0.868,3.11,,,0.868,,0.0,0.0,0.002,,
French Polynesia,PYF,2017,280096.0,,0.876,3.126,,,0.876,,0.0,0.0,0.002,,
French Polynesia,PYF,2018,279823.0,,0.879,3.143,,,0.879,,0.0,0.0,0.002,,
French Polynesia,PYF,2019,279040.0,,0.89,3.191,,,0.89,,0.0,0.0,0.002,,
French Polynesia,PYF,2020,279218.0,,0.832,2.979,,,0.832,,0.0,0.0,0.002,,
French Polynesia,PYF,2021,279808.0,,0.868,3.103,,,0.868,,0.0,0.0,0.002,,
French Polynesia,PYF,2022,280388.0,,0.887,3.162,,,0.887,,0.0,0.0,0.002,,
French Polynesia,PYF,2023,281125.0,,0.882,3.139,,,0.882,,0.0,0.0,0.002,,
French Polynesia,PYF,2024,281816.0,,0.923,3.275,,,0.923,,0.0,0.0,0.002,,
Gabon,GAB,1990,983740.0,7172590144.0,4.485,4.559,0.625,,0.846,0.205,0.048,3.386,0.02,,
Gabon,GAB,1991,1010821.0,7974667240.0,4.522,4.473,0.567,,0.876,0.209,0.048,3.389,0.019,,
Gabon,GAB,1992,1038386.0,7946205803.0,4.917,4.735,0.619,,1.037,0.198,0.047,3.635,0.022,,
Gabon,GAB,1993,1066404.0,8684711681.0,4.975,4.665,0.573,,1.081,0.205,0.054,3.635,0.022,,
Gabon,GAB,1994,1094724.0,9485805468.0,4.542,4.149,0.479,,0.707,0.194,0.051,3.589,0.02,,
Gabon,GAB,1995,1123212.0,10240919781.0,5.22,4.648,0.51,,0.862,0.257,0.063,4.039,0.022,,
Gabon,GAB,1996,1152018.0,11022743781.0,5.886,5.109,0.534,,1.015,0.242,0.075,4.554,0.024,,
Gabon,GAB,1997,1181445.0,12164042989.0,5.527,4.678,0.454,,1.022,0.249,0.081,4.174,0.023,,
Gabon,GAB,1998,1211744.0,13062140404.0,6.453,5.325,0.494,,1.221,0.231,0.079,4.921,0.027,,
Gabon,GAB,1999,1243023.0,12170660106.0,6.014,4.838,0.494,,1.06,0.231,0.073,4.65,0.024,,
Gabon,GAB,2000,1275578.0,12538030035.0,6.128,4.804,0.489,,1.041,0.234,0.085,4.768,0.024,,
Gabon,GAB,2001,1309594.0,13408080502.0,6.48,4.948,0.483,,1.257,0.245,0.097,4.881,0.025,,
Gabon,GAB,2002,1345142.0,13745891364.0,6.25,4.647,0.455,,1.183,0.256,0.103,4.707,0.024,,
Gabon,GAB,2003,1382354.0,14717147740.0,6.746,4.88,0.458,,1.159,0.271,0.104,5.212,0.024,,
Gabon,GAB,2004,1421620.0,15597639635.0,6.386,4.492,0.409,,1.212,0.267,0.103,4.804,0.022,,
Gabon,GAB,2005,1463503.0,16662264363.0,6.223,4.252,0.373,,1.4,0.278,0.103,4.442,0.021,,
Gabon,GAB,2006,1508338.0,17083887620.0,5.543,3.675,0.324,,1.444,0.289,0.102,3.707,0.018,,
Gabon,GAB,2007,1556242.0,19294943982.0,5.038,3.237,0.261,,1.576,0.311,0.089,3.062,0.016,,
Gabon,GAB,2008,1607182.0,19821156608.0,5.379,3.347,0.271,,1.612,0.348,0.088,3.33,0.017,,
Gabon,GAB,2009,1661567.0,21001791917.0,5.304,3.192,0.253,,1.559,0.462,0.096,3.188,0.017,,
Gabon,GAB,2010,1719883.0,23885406357.0,5.528,3.214,0.231,,1.656,0.619,0.086,3.167,0.017,,
Gabon,GAB,2011,1781987.0,27165828850.0,5.447,3.057,0.201,,1.817,0.696,0.086,2.847,0.016,,
Gabon,GAB,2012,1846893.0,28592310064.0,5.016,2.716,0.175,,1.699,0.714,0.076,2.527,0.014,,
Gabon,GAB,2013,1913061.0,30169739768.0,5.19,2.713,0.172,,1.85,0.703,0.066,2.57,0.015,,
Gabon,GAB,2014,1978400.0,31507773384.0,5.663,2.863,0.18,,1.795,1.019,0.07,2.78,0.016,,
Gabon,GAB,2015,2040990.0,32729961516.0,5.772,2.828,0.176,,1.744,1.019,0.077,2.932,0.016,,
Gabon,GAB,2016,2100310.0,33414337569.0,5.613,2.672,0.168,,1.649,1.022,0.132,2.81,0.016,,
Gabon,GAB,2017,2156902.0,33572391290.0,5.501,2.55,0.164,,1.627,0.905,0.143,2.825,0.015,,
Gabon,GAB,2018,2212320.0,33855404131.0,5.563,2.515,0.164,,1.85,0.982,0.19,2.541,0.015,,
Gabon,GAB,2019,2267711.0,35180839675.0,5.607,2.473,0.159,,1.797,0.862,0.209,2.74,0.015,,
Gabon,GAB,2020,2322538.0,34525072669.0,5.636,2.427,0.163,,1.74,0.931,0.205,2.76,0.016,,
Gabon,GAB,2021,2376729.0,35037430976.0,5.545,2.333,0.158,,1.974,0.842,0.213,2.516,0.015,,
Gabon,GAB,2022,2430750.0,36035291983.0,5.783,2.379,0.16,,1.759,1.167,0.221,2.637,0.015,,
Gabon,GAB,2023,2484790.0,,5.321,2.141,,,1.814,1.055,0.221,2.231,0.014,,
Gabon,GAB,2024,2538953.0,,5.399,2.126,,,1.839,1.069,0.221,2.269,0.014,,
Gambia,GMB,1990,1054703.0,1331400000.0,0.198,0.188,0.149,,0.198,,0.0,,0.001,,
Gambia,GMB,1991,1099960.0,1378188611.0,0.198,0.18,0.144,,0.198,,0.0,,0.001,,
Gambia,GMB,1992,1145583.0,1438713178.0,0.198,0.173,0.138,,0.198,,0.0,,0.001,,
Gambia,GMB,1993,1188372.0,1492281313.0,0.209,0.176,0.14,,0.209,,0.0,,0.001,,
Gambia,GMB,1994,1227233.0,1506439238.0,0.209,0.17,0.139,,0.209,,0.0,0.0,0.001,,
Gambia,GMB,1995,1264320.0,1529318604.0,0.216,0.171,0.141,,0.216,,0.0,0.0,0.001,,
Gambia,GMB,1996,1301421.0,1606890442.0,0.22,0.169,0.137,,0.22,,0.0,0.0,0.001,,
Gambia,GMB,1997,1338898.0,1625140474.0,0.224,0.167,0.138,,0.224,,0.0,0.0,0.001,,
Gambia,GMB,1998,1376994.0,1698553130.0,0.242,0.176,0.142,,0.242,,0.0,0.0,0.001,,
Gambia,GMB,1999,1415786.0,1829034023.0,0.275,0.194,0.15,,0.275,,0.0,0.0,0.001,,
Gambia,GMB,2000,1455095.0,1955249650.0,0.275,0.189,0.141,,0.275,,0.0,0.0,0.001,,
Gambia,GMB,2001,1495023.0,2082662873.0,0.3,0.201,0.144,,0.3,,0.0,0.0,0.001,,
Gambia,GMB,2002,1535700.0,2108436308.0,0.3,0.196,0.142,,0.3,,0.0,0.0,0.001,,
Gambia,GMB,2003,1577619.0,2172586623.0,0.3,0.19,0.138,,0.3,,0.0,0.0,0.001,,
Gambia,GMB,2004,1621309.0,2391385185.0,0.319,0.197,0.133,,0.319,,0.0,0.0,0.001,,
Gambia,GMB,2005,1667035.0,2386414713.0,0.319,0.191,0.134,,0.319,,0.0,0.0,0.001,,
Gambia,GMB,2006,1715285.0,2432257588.0,0.348,0.203,0.143,,0.348,,0.0,0.0,0.001,,
Gambia,GMB,2007,1765778.0,2539291281.0,0.348,0.197,0.137,,0.348,,0.0,0.0,0.001,,
Gambia,GMB,2008,1817859.0,2704420689.0,0.363,0.2,0.134,,0.363,,0.0,0.0,0.001,,
Gambia,GMB,2009,1871428.0,2899496318.0,0.374,0.2,0.129,,0.374,,0.0,0.0,0.001,,
Gambia,GMB,2010,1926634.0,3111135545.0,0.432,0.224,0.139,,0.432,,0.0,0.0,0.001,,
Gambia,GMB,2011,1983785.0,3000862000.0,0.443,0.223,0.148,,0.443,,0.0,0.0,0.001,,
Gambia,GMB,2012,2043097.0,3174000000.0,0.451,0.221,0.142,,0.451,,0.0,0.0,0.001,,
Gambia,GMB,2013,2103825.0,3327261000.0,0.429,0.204,0.129,,0.429,,0.0,0.0,0.001,,
Gambia,GMB,2014,2164535.0,3357018000.0,0.506,0.234,0.151,,0.506,,0.0,0.0,0.001,,
Gambia,GMB,2015,2224530.0,3514848000.0,0.583,0.262,0.166,,0.583,,0.0,0.0,0.002,,
Gambia,GMB,2016,2283775.0,3558432648.0,0.59,0.258,0.166,,0.59,,0.0,0.0,0.002,,
Gambia,GMB,2017,2342191.0,3704517995.0,0.597,0.255,0.161,,0.597,,0.0,0.0,0.002,,
Gambia,GMB,2018,2399633.0,3947001965.0,0.649,0.27,0.164,,0.649,,0.0,0.0,0.002,,
Gambia,GMB,2019,2456847.0,4192588256.0,0.711,0.289,0.17,,0.711,,0.0,0.0,0.002,,
Gambia,GMB,2020,2515744.0,4217390293.0,0.7,0.278,0.166,,0.7,,0.0,0.0,0.002,,
Gambia,GMB,2021,2576015.0,4439051582.0,0.725,0.282,0.163,,0.725,,0.0,0.0,0.002,,
Gambia,GMB,2022,2636472.0,4656793663.0,0.808,0.306,0.174,,0.808,,0.0,0.0,0.002,,
Gambia,GMB,2023,2697846.0,,0.773,0.286,,,0.773,,0.0,0.0,0.002,,
Gambia,GMB,2024,2759999.0,,0.803,0.291,,,0.803,,0.0,0.0,0.002,,
Georgia,GEO,1990,5448865.0,65874153359.0,14.85,2.725,0.225,1.062,4.687,8.474,0.509,0.119,0.065,9.691,1.778
Georgia,GEO,1991,5379509.0,51732418013.0,14.602,2.714,0.282,0.947,4.7,8.52,0.324,0.111,0.063,10.793,2.006
Georgia,GEO,1992,5294186.0,28371171916.0,14.127,2.668,0.498,0.967,3.924,9.057,0.178,,0.063,9.164,1.731
Georgia,GEO,1993,5178784.0,19963504254.0,9.884,1.909,0.495,0.638,2.261,6.896,0.09,,0.043,8.208,1.585
Georgia,GEO,1994,5046267.0,17806249680.0,5.897,1.169,0.331,0.337,0.953,4.573,0.035,0.0,0.026,4.897,0.97
Georgia,GEO,1995,4925742.0,18187119363.0,2.266,0.46,0.125,0.158,0.396,1.689,0.023,0.0,0.01,2.29,0.465
Georgia,GEO,1996,4812774.0,19998469132.0,4.046,0.841,0.202,0.161,2.401,1.45,0.034,0.0,0.017,8.499,1.766
Georgia,GEO,1997,4695359.0,22010932129.0,4.412,0.94,0.2,0.029,2.596,1.75,0.037,0.0,0.018,7.593,1.617
Georgia,GEO,1998,4576447.0,22536773053.0,4.864,1.063,0.216,0.077,2.963,1.745,0.078,0.0,0.02,7.074,1.546
Georgia,GEO,1999,4455581.0,23091342082.0,4.246,0.953,0.184,0.062,2.47,1.579,0.135,0.0,0.017,6.059,1.36
Georgia,GEO,2000,4328361.0,23550477143.0,4.497,1.039,0.191,0.059,2.121,2.18,0.137,0.0,0.018,5.916,1.367
Georgia,GEO,2001,4209641.0,24543619701.0,3.723,0.884,0.152,0.055,1.676,1.859,0.132,0.0,0.014,5.299,1.259
Georgia,GEO,2002,4127854.0,25794086372.0,3.347,0.811,0.13,0.055,1.601,1.554,0.137,0.0,0.013,5.024,1.217
Georgia,GEO,2003,4085489.0,28539726793.0,3.731,0.913,0.131,0.114,1.715,1.766,0.136,0.0,0.013,5.783,1.415
Georgia,GEO,2004,4056076.0,30055110813.0,4.278,1.055,0.142,0.172,1.55,2.382,0.174,0.0,0.015,7.01,1.728
Georgia,GEO,2005,4026135.0,32780625465.0,5.046,1.253,0.154,0.18,1.865,2.792,0.209,0.0,0.017,8.251,2.049
Georgia,GEO,2006,3996584.0,35705812889.0,6.273,1.57,0.176,0.18,2.096,3.642,0.355,0.0,0.021,8.878,2.221
Georgia,GEO,2007,3967592.0,40006939154.0,6.609,1.666,0.165,0.337,2.521,3.287,0.465,0.0,0.021,10.336,2.605
Georgia,GEO,2008,3941192.0,40781279289.0,5.747,1.458,0.141,0.454,2.195,2.477,0.621,0.0,0.018,9.451,2.398
Georgia,GEO,2009,3918935.0,39112877651.0,6.171,1.575,0.158,0.51,2.86,2.486,0.316,0.0,0.02,8.137,2.076
Georgia,GEO,2010,3895932.0,41359835742.0,6.29,1.614,0.152,0.799,2.759,2.323,0.409,0.0,0.019,8.687,2.23
Georgia,GEO,2011,3868724.0,44138043878.0,7.814,2.02,0.177,1.059,2.711,3.451,0.592,0.0,0.023,10.649,2.753
Georgia,GEO,2012,3839208.0,46970386649.0,8.294,2.16,0.177,1.177,2.727,3.772,0.615,0.003,0.024,11.176,2.911
Georgia,GEO,2013,3809128.0,48668828674.0,8.028,2.108,0.165,1.206,2.661,3.53,0.627,0.003,0.023,10.805,2.837
Georgia,GEO,2014,3792921.0,50830708616.0,9.058,2.388,0.178,1.161,2.836,4.313,0.744,0.004,0.026,11.772,3.104
Georgia,GEO,2015,3791570.0,52369351007.0,9.791,2.582,0.187,1.081,3.217,4.749,0.738,0.006,0.028,12.55,3.31
Georgia,GEO,2016,3792061.0,53891203471.0,10.043,2.648,0.186,1.033,3.877,4.463,0.666,0.005,0.028,13.186,3.477
Georgia,GEO,2017,3792860.0,56501161966.0,10.06,2.652,0.178,1.158,3.525,4.701,0.676,0.0,0.028,12.916,3.405
Georgia,GEO,2018,3794881.0,59237502380.0,9.888,2.606,0.167,1.209,3.422,4.679,0.578,0.0,0.027,14.261,3.758
Georgia,GEO,2019,3796722.0,62188716739.0,10.517,2.77,0.169,0.975,3.577,5.304,0.661,0.0,0.028,13.991,3.685
Georgia,GEO,2020,3795680.0,57984758412.0,10.378,2.734,0.179,0.861,3.459,5.324,0.73,0.005,0.03,14.218,3.746
Georgia,GEO,2021,3788450.0,64053441556.0,10.75,2.838,0.168,0.861,3.686,5.518,0.682,0.002,0.029,15.438,4.075
Georgia,GEO,2022,3794782.0,70528605169.0,12.0,3.162,0.17,0.902,3.72,6.603,0.773,0.002,0.032,15.916,4.194
Georgia,GEO,2023,3807494.0,,11.922,3.131,,0.854,3.672,6.623,0.773,0.0,0.031,15.366,4.036
Georgia,GEO,2024,3807668.0,,11.784,3.095,,0.823,3.733,6.455,0.773,0.0,0.031,,
Germany,DEU,1990,79707963.0,2015547498359.0,1054.796,13.233,0.523,569.117,333.324,122.281,15.297,3.841,4.64,1200.037,15.055
Germany,DEU,1991,80303190.0,2141316417831.0,1016.93,12.664,0.475,504.043,355.311,130.146,13.741,3.619,4.382,1148.629,14.304
Germany,DEU,1992,80934901.0,2204952392823.0,969.464,11.978,0.44,454.311,357.981,129.3,14.444,3.54,4.305,1236.156,15.273
Germany,DEU,1993,81486771.0,2206290854718.0,959.386,11.774,0.435,430.776,364.629,136.252,14.531,3.318,4.217,1179.403,14.474
Germany,DEU,1994,81773613.0,2283952742009.0,943.228,11.535,0.413,418.185,353.812,142.15,15.341,3.22,4.106,1148.038,14.039
Germany,DEU,1995,82019890.0,2347761113534.0,939.934,11.46,0.4,406.046,351.7,152.97,15.562,3.06,3.997,1152.004,14.045
Germany,DEU,1996,82263195.0,2391519573153.0,959.69,11.666,0.401,400.613,361.057,169.956,14.811,3.213,3.96,1135.165,13.799
Germany,DEU,1997,82389631.0,2461046373781.0,931.508,11.306,0.379,386.864,353.069,162.876,15.275,3.239,3.821,1077.994,13.084
Germany,DEU,1998,82011933.0,2535903706522.0,923.499,11.261,0.364,377.48,351.914,165.377,15.545,3.168,3.801,1093.308,13.331
Germany,DEU,1999,81678279.0,2613176576967.0,895.442,10.963,0.343,360.052,340.846,165.627,15.771,3.113,3.605,1093.345,13.386
Germany,DEU,2000,81797255.0,2718560455818.0,898.976,10.99,0.331,373.461,330.774,166.421,15.253,2.993,3.524,1100.675,13.456
Germany,DEU,2001,81933882.0,2793373055251.0,915.255,11.171,0.328,376.52,338.871,173.799,13.504,2.97,3.562,1097.233,13.392
Germany,DEU,2002,82068328.0,2822441773260.0,898.834,10.952,0.318,375.786,324.413,173.61,12.823,2.966,3.422,1033.074,12.588
Germany,DEU,2003,82111619.0,2831676106520.0,894.501,10.894,0.316,378.305,313.847,176.587,13.507,3.003,3.235,1056.09,12.862
Germany,DEU,2004,82092706.0,2894624877966.0,876.57,10.678,0.303,374.908,301.208,174.327,14.068,2.928,3.064,1037.265,12.635
Germany,DEU,2005,82046733.0,2945460930734.0,867.88,10.578,0.295,361.975,305.188,175.904,13.05,2.954,2.932,1045.264,12.74
Germany,DEU,2006,81701971.0,3086359147617.0,886.434,10.85,0.287,367.653,313.191,180.197,13.34,3.069,2.897,1047.495,12.821
Germany,DEU,2007,81298546.0,3220275669650.0,846.153,10.408,0.263,376.715,268.924,173.851,14.449,2.989,2.686,1035.231,12.734
Germany,DEU,2008,81110780.0,3289020399474.0,856.643,10.561,0.26,353.581,296.43,180.995,13.579,2.945,2.673,1036.891,12.784
Germany,DEU,2009,80935276.0,3136502162046.0,789.984,9.761,0.252,316.28,282.438,168.399,12.559,2.575,2.507,980.014,12.109
Germany,DEU,2010,80830916.0,3301123203586.0,826.705,10.228,0.25,341.311,277.154,184.875,12.431,2.582,2.481,1027.082,12.707
Germany,DEU,2011,80857877.0,3467712967640.0,804.542,9.95,0.232,339.624,270.809,169.399,13.393,2.673,2.333,988.975,12.231
Germany,DEU,2012,80916391.0,3482225441398.0,814.093,10.061,0.234,350.039,271.945,167.84,13.289,2.657,2.329,932.122,11.52
Germany,DEU,2013,81041581.0,3497463140441.0,831.746,10.263,0.238,357.254,280.396,170.269,12.503,2.689,2.358,929.558,11.47
Germany,DEU,2014,81376078.0,3574741315261.0,792.584,9.74,0.222,344.722,271.603,151.989,12.905,2.478,2.235,907.723,11.155
Germany,DEU,2015,82077546.0,3628073946157.0,800.823,9.757,0.221,341.117,278.861,157.112,12.626,2.374,2.262,899.514,10.959
Germany,DEU,2016,82760102.0,3708979940863.0,797.988,9.642,0.215,329.436,275.704,169.169,12.663,2.344,2.255,910.171,10.998
Germany,DEU,2017,83104010.0,3808389445530.0,784.595,9.441,0.206,312.692,275.506,172.045,13.408,2.267,2.181,901.791,10.851
Germany,DEU,2018,83368507.0,3845758522294.0,758.771,9.101,0.197,296.871,268.094,169.76,13.228,1.989,2.066,892.141,10.701
Germany,DEU,2019,83559184.0,3886392581475.0,708.649,8.481,0.182,240.114,271.933,172.762,13.287,2.037,1.911,846.402,10.129
Germany,DEU,2020,83628711.0,3742721113842.0,647.177,7.739,0.173,198.53,254.465,170.963,13.357,1.821,1.841,777.624,9.299
Germany,DEU,2021,83697080.0,3841041747482.0,677.998,8.101,0.177,232.139,240.525,181.31,13.64,1.872,1.839,834.074,9.965
Germany,DEU,2022,84086227.0,3909612753939.0,667.843,7.942,0.171,239.428,247.017,158.685,12.538,1.834,1.78,838.813,9.976
Germany,DEU,2023,84548233.0,,593.766,7.023,,186.157,237.487,150.342,10.765,1.699,1.559,768.481,9.089
Germany,DEU,2024,84552234.0,,572.319,6.769,,162.639,232.958,157.679,10.283,1.651,1.483,,
Ghana,GHA,1990,15394650.0,26095563069.0,3.514,0.228,0.135,0.007,3.506,,0.0,,0.015,4.524,0.294
Ghana,GHA,1991,15787495.0,27591405114.0,3.902,0.247,0.141,0.007,3.895,,0.0,,0.017,4.939,0.313
Ghana,GHA,1992,16184863.0,28798780490.0,3.243,0.2,0.113,0.007,3.235,,0.0,,0.014,4.351,0.269
Ghana,GHA,1993,16589521.0,30003484574.0,3.818,0.23,0.127,0.007,3.811,,0.0,,0.017,4.902,0.295
Ghana,GHA,1994,16993190.0,31249854280.0,4.54,0.267,0.145,0.007,4.532,,0.0,0.0,0.02,5.66,0.333
Ghana,GHA,1995,17399023.0,32723356676.0,4.624,0.266,0.141,0.007,4.617,,0.0,0.0,0.02,5.828,0.335
Ghana,GHA,1996,17810184.0,34380471108.0,4.858,0.273,0.141,0.007,4.851,,0.0,0.0,0.02,6.813,0.383
Ghana,GHA,1997,18238961.0,36217443285.0,5.514,0.302,0.152,0.007,5.507,,0.0,0.0,0.023,12.026,0.659
Ghana,GHA,1998,18688041.0,38085090200.0,5.584,0.299,0.147,,5.584,,0.0,0.0,0.023,9.481,0.507
Ghana,GHA,1999,19149875.0,39944569386.0,5.613,0.293,0.141,,5.613,,0.0,0.0,0.023,8.232,0.43
Ghana,GHA,2000,19637085.0,41569375833.0,5.313,0.271,0.128,,5.313,,0.0,0.0,0.021,7.473,0.381
Ghana,GHA,2001,20167073.0,43462708607.0,5.969,0.296,0.137,,5.969,,0.0,0.0,0.023,8.23,0.408
Ghana,GHA,2002,20729392.0,45606385848.0,6.483,0.313,0.142,,6.471,,0.0,0.013,0.025,8.149,0.393
Ghana,GHA,2003,21296710.0,48182826322.0,6.685,0.314,0.139,,6.679,,0.0,0.005,0.024,10.033,0.471
Ghana,GHA,2004,21868298.0,51015950853.0,6.451,0.295,0.126,,6.397,,0.0,0.053,0.023,9.907,0.453
Ghana,GHA,2005,22449446.0,54178109578.0,6.113,0.272,0.113,,6.09,,0.0,0.024,0.021,10.789,0.481
Ghana,GHA,2006,23040704.0,57735681030.0,8.523,0.37,0.148,,8.453,,0.0,0.07,0.028,12.87,0.559
Ghana,GHA,2007,23642284.0,60409358255.0,8.982,0.38,0.149,,8.922,,0.0,0.06,0.029,14.187,0.6
Ghana,GHA,2008,24249945.0,66155974151.0,8.324,0.343,0.126,,8.233,,0.0,0.091,0.026,14.416,0.594
Ghana,GHA,2009,24862667.0,69564814012.0,6.868,0.276,0.099,,6.793,0.011,0.0,0.064,0.022,12.528,0.504
Ghana,GHA,2010,25475000.0,75296610301.0,8.943,0.351,0.119,,8.09,0.81,0.0,0.043,0.027,14.69,0.577
Ghana,GHA,2011,26095091.0,86160263888.0,10.329,0.396,0.12,,8.68,1.583,0.011,0.055,0.03,18.492,0.709
Ghana,GHA,2012,26734273.0,93421855305.0,12.641,0.473,0.135,,11.75,0.802,0.021,0.067,0.036,22.517,0.842
Ghana,GHA,2013,27386193.0,100187456075.0,12.61,0.46,0.126,,11.831,0.601,0.018,0.16,0.036,21.697,0.792
Ghana,GHA,2014,28041592.0,103048820009.0,13.257,0.473,0.129,,11.737,1.278,0.021,0.221,0.037,21.867,0.78
Ghana,GHA,2015,28696071.0,105234477793.0,14.568,0.508,0.138,,11.857,2.44,0.026,0.245,0.041,22.794,0.794
Ghana,GHA,2016,29356736.0,108784039058.0,13.914,0.474,0.128,,12.37,1.425,0.025,0.094,0.039,21.861,0.745
Ghana,GHA,2017,30008364.0,117627099029.0,12.437,0.414,0.106,,9.448,2.36,0.021,0.608,0.035,20.234,0.674
Ghana,GHA,2018,30637592.0,124919973796.0,15.19,0.496,0.122,,11.438,3.379,0.022,0.351,0.041,21.597,0.705
Ghana,GHA,2019,31258943.0,133049773378.0,16.415,0.525,0.123,,12.018,4.104,0.033,0.261,0.044,21.861,0.699
Ghana,GHA,2020,31887802.0,133733644694.0,19.164,0.601,0.143,,12.255,6.208,0.037,0.664,0.055,23.964,0.752
Ghana,GHA,2021,32518662.0,140896419821.0,20.556,0.632,0.146,,12.822,6.568,0.039,1.127,0.056,26.694,0.821
Ghana,GHA,2022,33149152.0,145431875240.0,20.745,0.626,0.143,,12.622,7.151,0.039,0.932,0.055,26.948,0.813
Ghana,GHA,2023,33787916.0,,20.136,0.596,,,12.07,7.07,0.039,0.956,0.053,26.373,0.781
Ghana,GHA,2024,34427417.0,,21.022,0.611,,,12.541,7.679,0.039,0.763,0.054,,
Greece,GRC,1990,10258494.0,161708974933.0,83.437,8.133,0.516,39.787,35.973,0.858,5.762,0.043,0.367,94.801,9.241
Greece,GRC,1991,10306645.0,167630714744.0,83.406,8.092,0.498,38.404,37.43,0.833,5.716,0.043,0.359,93.687,9.09
Greece,GRC,1992,10359895.0,170259945599.0,84.974,8.202,0.499,40.495,37.253,0.413,5.861,0.036,0.377,103.688,10.009
Greece,GRC,1993,10412752.0,168977989489.0,84.283,8.094,0.499,40.164,37.041,0.318,5.875,0.029,0.37,98.451,9.455
Greece,GRC,1994,10466266.0,173829055414.0,86.429,8.258,0.497,42.134,37.366,0.2,5.916,0.026,0.376,98.224,9.385
Greece,GRC,1995,10519233.0,178710456938.0,86.962,8.267,0.487,40.427,39.132,0.194,6.356,0.023,0.37,99.361,9.446
Greece,GRC,1996,10570083.0,185480705042.0,89.114,8.431,0.48,39.23,42.474,0.208,6.374,0.025,0.368,100.372,9.496
Greece,GRC,1997,10622327.0,195536972604.0,93.801,8.831,0.48,42.629,43.466,0.428,6.408,0.023,0.385,101.509,9.556
Greece,GRC,1998,10675411.0,204984690770.0,98.621,9.238,0.481,44.556,45.109,1.645,6.383,0.016,0.406,105.539,9.886
Greece,GRC,1999,10727953.0,213181329734.0,97.934,9.129,0.459,43.084,44.716,2.848,6.366,0.001,0.394,103.351,9.634
Greece,GRC,2000,10782638.0,223530895992.0,102.973,9.55,0.461,45.851,45.632,3.982,6.537,0.014,0.404,107.209,9.943
Greece,GRC,2001,10843166.0,234861781413.0,105.361,9.717,0.449,47.02,46.859,3.923,6.566,0.01,0.41,108.473,10.004
Greece,GRC,2002,10890287.0,246267119689.0,105.0,9.642,0.426,45.544,47.893,4.24,6.313,0.01,0.4,111.668,10.254
Greece,GRC,2003,10918467.0,262880256421.0,109.067,9.989,0.415,45.616,51.337,4.757,6.368,0.007,0.394,124.035,11.36
Greece,GRC,2004,10947369.0,278667908011.0,109.485,10.001,0.393,47.094,49.781,5.245,6.364,0.007,0.383,124.108,11.337
Greece,GRC,2005,10981340.0,282859759866.0,113.889,10.371,0.403,46.604,53.966,5.385,6.791,0.006,0.385,125.644,11.442
Greece,GRC,2006,11016107.0,301538680337.0,112.419,10.205,0.373,42.794,55.698,6.284,6.599,0.006,0.367,128.167,11.635
Greece,GRC,2007,11045737.0,314210147911.0,114.545,10.37,0.365,45.193,54.066,7.808,6.407,0.005,0.364,131.436,11.899
Greece,GRC,2008,11076874.0,315974328109.0,111.08,10.028,0.352,43.285,52.721,8.109,6.054,0.004,0.347,131.282,11.852
Greece,GRC,2009,11108067.0,305101334774.0,104.319,9.391,0.342,42.243,50.115,6.623,4.582,0.004,0.331,124.091,11.171
Greece,GRC,2010,11124666.0,290984350750.0,97.354,8.751,0.335,41.26,43.995,7.166,4.209,0.006,0.292,108.377,9.742
Greece,GRC,2011,11108838.0,266793942822.0,94.505,8.507,0.354,42.08,40.495,8.811,2.43,0.005,0.274,101.33,9.122
Greece,GRC,2012,11048291.0,247887031358.0,91.393,8.272,0.369,43.257,36.295,8.094,3.099,0.005,0.261,92.617,8.383
Greece,GRC,2013,10967534.0,241650188710.0,81.713,7.45,0.338,37.291,32.909,7.336,3.639,0.004,0.232,83.981,7.657
Greece,GRC,2014,10893169.0,242799798246.0,78.636,7.219,0.324,35.227,33.482,5.559,3.822,0.004,0.222,80.257,7.368
Greece,GRC,2015,10820902.0,242323725826.0,74.927,6.924,0.309,29.949,34.977,6.035,3.467,0.004,0.212,75.796,7.005
Greece,GRC,2016,10775506.0,241143085639.0,71.36,6.622,0.296,23.594,35.568,7.912,3.772,0.009,0.202,75.875,7.041
Greece,GRC,2017,10753532.0,243776808141.0,74.842,6.96,0.307,26.019,35.028,9.536,3.685,0.008,0.208,78.79,7.327
Greece,GRC,2018,10730846.0,247844015413.0,71.778,6.689,0.29,24.851,33.833,9.072,3.419,0.011,0.195,81.411,7.587
Greece,GRC,2019,10718581.0,252514250712.0,65.736,6.133,0.26,17.879,33.915,9.998,3.36,0.009,0.177,75.314,7.026
Greece,GRC,2020,10699370.0,229777821500.0,55.577,5.194,0.242,10.147,31.009,11.043,2.978,0.005,0.158,68.584,6.41
Greece,GRC,2021,10579561.0,249158215293.0,57.528,5.438,0.231,9.259,32.277,12.363,3.167,0.004,0.156,71.574,6.765
Greece,GRC,2022,10412481.0,263892672733.0,57.609,5.533,0.218,8.767,35.274,10.219,2.905,0.002,0.154,71.335,6.851
Greece,GRC,2023,10242910.0,,51.988,5.076,,6.531,32.991,9.078,2.998,0.003,0.136,67.191,6.56
Greece,GRC,2024,10047813.0,,53.361,5.311,,4.823,33.378,11.771,2.998,0.003,0.138,,
Greenland,GRL,1990,55650.0,,0.624,11.217,,,0.624,,0.0,,0.003,,
Greenland,GRL,1991,55740.0,,0.609,10.933,,,0.609,,0.0,,0.003,,
Greenland,GRL,1992,55769.0,,0.595,10.674,,,0.595,,0.0,,0.003,,
Greenland,GRL,1993,55780.0,,0.545,9.778,,,0.545,,0.0,,0.002,,
Greenland,GRL,1994,55766.0,,0.495,8.884,,,0.495,,0.0,0.0,0.002,,
Greenland,GRL,1995,55857.0,,0.534,9.557,,,0.534,,0.0,0.0,0.002,,
Greenland,GRL,1996,56020.0,,0.596,10.648,,,0.596,,0.0,0.0,0.002,,
Greenland,GRL,1997,56115.0,,0.617,11.001,,,0.617,,0.0,0.0,0.003,,
Greenland,GRL,1998,56175.0,,0.596,10.619,,,0.596,,0.0,0.0,0.002,,
Greenland,GRL,1999,56148.0,,0.594,10.581,,,0.594,,0.0,0.0,0.002,,
Greenland,GRL,2000,56228.0,,0.667,11.866,,,0.667,,0.0,0.0,0.003,,
Greenland,GRL,2001,56433.0,,0.618,10.948,,,0.618,,0.0,0.0,0.002,,
Greenland,GRL,2002,56617.0,,0.579,10.234,,,0.579,,0.0,0.0,0.002,,
Greenland,GRL,2003,56781.0,,0.649,11.435,,,0.649,,0.0,0.0,0.002,,
Greenland,GRL,2004,56926.0,,0.623,10.937,,,0.623,,0.0,0.0,0.002,,
Greenland,GRL,2005,56969.0,,0.627,11.001,,,0.627,,0.0,0.0,0.002,,
Greenland,GRL,2006,56901.0,,0.644,11.313,,,0.644,,0.0,0.0,0.002,,
Greenland,GRL,2007,56807.0,,0.635,11.182,,,0.635,,0.0,0.0,0.002,,
Greenland,GRL,2008,56683.0,,0.654,11.531,,,0.654,,0.0,0.0,0.002,,
Greenland,GRL,2009,56547.0,,0.577,10.207,,,0.577,,0.0,0.0,0.002,,
Greenland,GRL,2010,56634.0,,0.661,11.666,,,0.661,,0.0,0.0,0.002,,
Greenland,GRL,2011,56853.0,,0.705,12.402,,,0.705,,0.0,0.0,0.002,,
Greenland,GRL,2012,56797.0,,0.547,9.631,,,0.547,,0.0,0.0,0.002,,
Greenland,GRL,2013,56532.0,,0.562,9.945,,,0.562,,0.0,0.0,0.002,,
Greenland,GRL,2014,56195.0,,0.503,8.942,,,0.503,,0.0,0.0,0.001,,
Greenland,GRL,2015,56048.0,,0.548,9.77,,,0.548,,0.0,0.0,0.002,,
Greenland,GRL,2016,56082.0,,0.509,9.08,,,0.509,,0.0,0.0,0.001,,
Greenland,GRL,2017,56094.0,,0.536,9.554,,,0.536,,0.0,0.0,0.001,,
Greenland,GRL,2018,56100.0,,0.524,9.336,,,0.524,,0.0,0.0,0.001,,
Greenland,GRL,2019,56109.0,,0.526,9.377,,,0.526,,0.0,0.0,0.001,,
Greenland,GRL,2020,56105.0,,0.55,9.794,,,0.55,,0.0,0.0,0.002,,
Greenland,GRL,2021,56065.0,,0.546,9.745,,,0.546,,0.0,0.0,0.001,,
Greenland,GRL,2022,56014.0,,0.587,10.483,,,0.587,,0.0,0.0,0.002,,
Greenland,GRL,2023,55951.0,,0.609,10.884,,,0.609,,0.0,0.0,0.002,,
Greenland,GRL,2024,55864.0,,0.619,11.08,,,0.619,,0.0,0.0,0.002,,
Grenada,GRD,1990,99973.0,,0.106,1.063,,,0.106,,0.0,,0.0,,
Grenada,GRD,1991,100806.0,,0.11,1.09,,,0.11,,0.0,,0.0,,
Grenada,GRD,1992,101618.0,,0.117,1.154,,,0.117,,0.0,,0.001,,
Grenada,GRD,1993,102398.0,,0.125,1.217,,,0.125,,0.0,,0.001,,
Grenada,GRD,1994,103150.0,,0.143,1.385,,,0.143,,0.0,0.0,0.001,,
Grenada,GRD,1995,103890.0,,0.15,1.446,,,0.15,,0.0,0.0,0.001,,
Grenada,GRD,1996,104599.0,,0.154,1.471,,,0.154,,0.0,0.0,0.001,,
Grenada,GRD,1997,105309.0,,0.169,1.6,,,0.169,,0.0,0.0,0.001,,
Grenada,GRD,1998,106023.0,,0.176,1.659,,,0.176,,0.0,0.0,0.001,,
Grenada,GRD,1999,106744.0,,0.191,1.785,,,0.191,,0.0,0.0,0.001,,
Grenada,GRD,2000,107466.0,,0.187,1.739,,,0.187,,0.0,0.0,0.001,,
Grenada,GRD,2001,107998.0,,0.194,1.798,,,0.194,,0.0,0.0,0.001,,
Grenada,GRD,2002,108414.0,,0.202,1.859,,,0.202,,0.0,0.0,0.001,,
Grenada,GRD,2003,108895.0,,0.213,1.952,,,0.213,,0.0,0.0,0.001,,
Grenada,GRD,2004,109338.0,,0.205,1.877,,,0.205,,0.0,0.0,0.001,,
Grenada,GRD,2005,109744.0,,0.216,1.97,,,0.216,,0.0,0.0,0.001,,
Grenada,GRD,2006,110149.0,,0.224,2.029,,,0.224,,0.0,0.0,0.001,,
Grenada,GRD,2007,110532.0,,0.238,2.155,,,0.238,,0.0,0.0,0.001,,
Grenada,GRD,2008,110911.0,,0.26,2.346,,,0.26,,0.0,0.0,0.001,,
Grenada,GRD,2009,111266.0,,0.249,2.239,,,0.249,,0.0,0.0,0.001,,
Grenada,GRD,2010,111600.0,,0.256,2.298,,,0.256,,0.0,0.0,0.001,,
Grenada,GRD,2011,112093.0,,0.249,2.223,,,0.249,,0.0,0.0,0.001,,
Grenada,GRD,2012,112792.0,,0.267,2.371,,,0.267,,0.0,0.0,0.001,,
Grenada,GRD,2013,113499.0,,0.3,2.647,,,0.3,,0.0,0.0,0.001,,
Grenada,GRD,2014,114148.0,,0.242,2.119,,,0.242,,0.0,0.0,0.001,,
Grenada,GRD,2015,114691.0,,0.26,2.268,,,0.26,,0.0,0.0,0.001,,
Grenada,GRD,2016,115147.0,,0.275,2.387,,,0.275,,0.0,0.0,0.001,,
Grenada,GRD,2017,115448.0,,0.293,2.539,,,0.293,,0.0,0.0,0.001,,
Grenada,GRD,2018,115703.0,,0.308,2.66,,,0.308,,0.0,0.0,0.001,,
Grenada,GRD,2019,115995.0,,0.333,2.874,,,0.333,,0.0,0.0,0.001,,
Grenada,GRD,2020,116353.0,,0.289,2.488,,,0.289,,0.0,0.0,0.001,,
Grenada,GRD,2021,116696.0,,0.311,2.669,,,0.311,,0.0,0.0,0.001,,
Grenada,GRD,2022,116928.0,,0.342,2.928,,,0.342,,0.0,0.0,0.001,,
Grenada,GRD,2023,117094.0,,0.363,3.1,,,0.363,,0.0,0.0,0.001,,
Grenada,GRD,2024,117218.0,,0.377,3.216,,,0.377,,0.0,0.0,0.001,,
Guatemala,GTM,1990,9024775.0,46309390000.0,4.658,0.516,0.101,,4.229,0.018,0.411,,0.02,4.177,0.463
Guatemala,GTM,1991,9272592.0,47626497282.0,4.756,0.513,0.1,,4.316,0.015,0.426,,0.02,4.26,0.459
Guatemala,GTM,1992,9522265.0,50269786731.0,5.791,0.608,0.115,,5.298,0.018,0.475,,0.026,5.693,0.598
Guatemala,GTM,1993,9779760.0,52486732016.0,5.572,0.57,0.106,,5.078,0.018,0.475,,0.024,5.193,0.531
Guatemala,GTM,1994,10043713.0,54315587488.0,6.639,0.661,0.122,,6.218,0.018,0.403,0.0,0.029,5.903,0.588
Guatemala,GTM,1995,10312999.0,56765526295.0,7.085,0.687,0.125,,6.562,0.022,0.501,0.0,0.03,6.15,0.596
Guatemala,GTM,1996,10583528.0,58480373177.0,6.54,0.618,0.112,,6.082,0.022,0.436,0.0,0.027,5.537,0.523
Guatemala,GTM,1997,10857754.0,61054671663.0,7.46,0.687,0.122,,6.932,0.022,0.506,0.0,0.031,6.271,0.578
Guatemala,GTM,1998,11139147.0,64142605771.0,8.62,0.774,0.134,,7.999,,0.622,0.0,0.035,7.233,0.649
Guatemala,GTM,1999,11422977.0,66910781466.0,8.874,0.777,0.133,0.04,8.083,,0.751,0.0,0.036,7.597,0.665
Guatemala,GTM,2000,11697592.0,68731616093.0,9.742,0.833,0.142,0.571,8.358,,0.813,0.0,0.038,24.625,2.105
Guatemala,GTM,2001,11969423.0,70402333033.0,10.147,0.848,0.144,0.531,8.856,,0.76,0.0,0.039,8.669,0.724
Guatemala,GTM,2002,12246923.0,73303957428.0,10.694,0.873,0.146,1.033,8.849,,0.812,0.0,0.041,9.256,0.756
Guatemala,GTM,2003,12525843.0,75388396403.0,10.411,0.831,0.138,0.978,8.636,,0.797,0.0,0.038,9.029,0.721
Guatemala,GTM,2004,12807409.0,78142886190.0,11.056,0.863,0.141,1.129,9.142,,0.786,0.0,0.039,9.59,0.749
Guatemala,GTM,2005,13087637.0,80920955084.0,12.038,0.92,0.149,1.561,9.563,,0.914,0.0,0.041,10.227,0.781
Guatemala,GTM,2006,13367455.0,85238080655.0,12.176,0.911,0.143,1.689,9.513,,0.975,0.0,0.04,11.372,0.851
Guatemala,GTM,2007,13652042.0,90511916055.0,12.117,0.888,0.134,1.187,9.955,,0.975,0.0,0.038,11.039,0.809
Guatemala,GTM,2008,13935172.0,93386251977.0,10.735,0.77,0.115,1.183,8.717,,0.834,0.0,0.033,9.971,0.716
Guatemala,GTM,2009,14215614.0,93773785204.0,11.725,0.825,0.125,0.769,10.076,,0.879,0.0,0.037,10.281,0.723
Guatemala,GTM,2010,14500118.0,96390296358.0,10.817,0.746,0.112,1.286,8.712,,0.818,0.0,0.032,10.469,0.722
Guatemala,GTM,2011,14792123.0,100335200000.0,10.979,0.742,0.109,1.29,8.834,,0.856,0.0,0.032,9.42,0.637
Guatemala,GTM,2012,15089639.0,103492749162.0,11.347,0.752,0.11,1.513,8.922,,0.893,0.019,0.032,9.926,0.658
Guatemala,GTM,2013,15387339.0,107099471666.0,12.493,0.812,0.117,2.59,9.033,,0.843,0.028,0.035,10.396,0.676
Guatemala,GTM,2014,15681725.0,111858970345.0,13.425,0.856,0.12,2.8,9.628,,0.955,0.042,0.038,10.994,0.701
Guatemala,GTM,2015,15971745.0,116436247567.0,15.449,0.967,0.133,4.016,10.446,,0.924,0.064,0.044,12.973,0.812
Guatemala,GTM,2016,16268761.0,119554400888.0,16.524,1.016,0.138,4.715,10.792,,0.911,0.107,0.047,13.525,0.831
Guatemala,GTM,2017,16567363.0,123236680953.0,16.993,1.026,0.138,3.913,11.945,,1.002,0.133,0.047,15.119,0.913
Guatemala,GTM,2018,16845688.0,127435350812.0,18.338,1.089,0.144,4.619,12.616,,0.99,0.112,0.05,24.012,1.425
Guatemala,GTM,2019,17103803.0,132535316516.0,19.259,1.126,0.145,4.51,13.56,,1.072,0.116,0.052,24.607,1.439
Guatemala,GTM,2020,17357331.0,130197392340.0,17.157,0.988,0.132,2.913,12.886,,1.244,0.113,0.049,21.947,1.264
Guatemala,GTM,2021,17598652.0,140588440273.0,19.984,1.136,0.142,3.726,14.671,,1.493,0.094,0.054,25.185,1.431
Guatemala,GTM,2022,17847877.0,146224632616.0,18.913,1.06,0.129,1.422,15.766,,1.628,0.098,0.05,24.815,1.39
Guatemala,GTM,2023,18124841.0,,19.736,1.089,,1.668,16.714,,1.244,0.11,0.052,25.449,1.404
Guatemala,GTM,2024,18406366.0,,19.88,1.08,,1.192,17.358,,1.244,0.087,0.052,,
Guinea,GIN,1990,6434383.0,4999407010.0,0.967,0.15,0.193,,0.967,,0.0,,0.004,1.28,0.199
Guinea,GIN,1991,6697167.0,5139871689.0,0.989,0.148,0.192,,0.989,,0.0,,0.004,1.283,0.192
Guinea,GIN,1992,6914370.0,5362577356.0,1.015,0.147,0.189,,1.015,,0.0,,0.005,1.323,0.191
Guinea,GIN,1993,7128174.0,5695353285.0,1.044,0.146,0.183,,1.044,,0.0,,0.005,1.323,0.186
Guinea,GIN,1994,7345106.0,5997837304.0,1.085,0.148,0.181,,1.085,,0.0,0.0,0.005,1.391,0.189
Guinea,GIN,1995,7553252.0,6351702761.0,1.121,0.148,0.177,,1.121,,0.0,0.0,0.005,1.475,0.195
Guinea,GIN,1996,7770035.0,6708782077.0,1.183,0.152,0.176,,1.183,,0.0,0.0,0.005,1.297,0.167
Guinea,GIN,1997,7931371.0,7124296839.0,1.238,0.156,0.174,,1.238,,0.0,0.0,0.005,1.281,0.162
Guinea,GIN,1998,8081993.0,7467530405.0,1.312,0.162,0.176,,1.312,,0.0,0.0,0.005,1.306,0.162
Guinea,GIN,1999,8265121.0,7849296748.0,1.385,0.168,0.176,,1.385,,0.0,0.0,0.006,1.193,0.144
Guinea,GIN,2000,8428837.0,8142368042.0,1.444,0.171,0.177,,1.444,,0.0,0.0,0.006,1.269,0.151
Guinea,GIN,2001,8539963.0,8530150477.0,1.517,0.178,0.178,,1.517,,0.0,0.0,0.006,1.217,0.143
Guinea,GIN,2002,8674072.0,9080053247.0,1.579,0.182,0.174,,1.579,,0.0,0.0,0.006,1.264,0.146
Guinea,GIN,2003,8870790.0,9309105966.0,1.652,0.186,0.178,,1.652,,0.0,0.0,0.006,2.613,0.295
Guinea,GIN,2004,9062724.0,9645747516.0,1.722,0.19,0.179,,1.722,,0.0,0.0,0.006,1.542,0.17
Guinea,GIN,2005,9245844.0,10059820577.0,1.784,0.193,0.177,,1.784,,0.0,0.0,0.006,1.568,0.17
Guinea,GIN,2006,9441174.0,10279820925.0,1.847,0.196,0.18,,1.847,,0.0,0.0,0.006,1.472,0.156
Guinea,GIN,2007,9662278.0,11105668501.0,1.927,0.199,0.174,,1.927,,0.0,0.0,0.006,1.553,0.161
Guinea,GIN,2008,9898870.0,11730748654.0,1.964,0.198,0.167,,1.964,,0.0,0.0,0.006,1.655,0.167
Guinea,GIN,2009,10143540.0,11707653951.0,2.092,0.206,0.179,,2.092,,0.0,0.0,0.007,2.872,0.283
Guinea,GIN,2010,10396090.0,12362234837.0,2.459,0.236,0.199,,2.459,,0.0,0.0,0.007,3.534,0.34
Guinea,GIN,2011,10656812.0,13233698841.0,2.557,0.24,0.193,,2.557,,0.0,0.0,0.007,3.971,0.373
Guinea,GIN,2012,10921580.0,14087313893.0,2.393,0.219,0.17,,2.393,,0.0,0.0,0.007,3.827,0.35
Guinea,GIN,2013,11191874.0,14709018009.0,2.077,0.186,0.141,,2.077,,0.0,0.0,0.006,1.731,0.155
Guinea,GIN,2014,11472921.0,14874105154.0,2.371,0.207,0.159,,2.371,,0.0,0.0,0.007,1.904,0.166
Guinea,GIN,2015,11767077.0,14900874140.0,2.454,0.209,0.165,,2.454,,0.0,0.0,0.007,2.091,0.178
Guinea,GIN,2016,12073031.0,16533568057.0,2.7,0.224,0.163,,2.7,,0.0,0.0,0.008,5.416,0.449
Guinea,GIN,2017,12385668.0,18265129177.0,4.847,0.391,0.265,,4.847,,0.0,0.0,0.013,6.317,0.51
Guinea,GIN,2018,12704776.0,19467826772.0,3.77,0.297,0.194,,3.77,,0.0,0.0,0.01,5.774,0.454
Guinea,GIN,2019,13034349.0,20561330331.0,4.104,0.315,0.2,,4.104,,0.0,0.0,0.011,6.124,0.47
Guinea,GIN,2020,13371185.0,21528646361.0,4.43,0.331,0.206,,4.43,,0.0,0.0,0.013,5.954,0.445
Guinea,GIN,2021,13710515.0,22615336825.0,4.068,0.297,0.18,,4.068,,0.0,0.0,0.011,5.845,0.426
Guinea,GIN,2022,14055136.0,23678257190.0,4.052,0.288,0.171,,4.052,,0.0,0.0,0.011,6.391,0.455
Guinea,GIN,2023,14405469.0,,3.875,0.269,,,3.875,,0.0,0.0,0.01,6.399,0.444
Guinea,GIN,2024,14754779.0,,4.026,0.273,,,4.026,,0.0,0.0,0.01,,
Guinea-Bissau,GNB,1990,973678.0,1261819956.0,0.095,0.098,0.075,,0.095,,0.0,,0.0,,
Guinea-Bissau,GNB,1991,994640.0,1300711311.0,0.095,0.096,0.073,,0.095,,0.0,,0.0,,
Guinea-Bissau,GNB,1992,1024365.0,1333901605.0,0.095,0.093,0.071,,0.095,,0.0,,0.0,,
Guinea-Bissau,GNB,1993,1058755.0,1360698820.0,0.099,0.093,0.073,,0.099,,0.0,,0.0,,
Guinea-Bissau,GNB,1994,1092037.0,1398135470.0,0.099,0.091,0.071,,0.099,,0.0,0.0,0.0,,
Guinea-Bissau,GNB,1995,1119950.0,1448758085.0,0.103,0.092,0.071,,0.103,,0.0,0.0,0.0,,
Guinea-Bissau,GNB,1996,1143544.0,1501514648.0,0.099,0.087,0.066,,0.099,,0.0,0.0,0.0,,
Guinea-Bissau,GNB,1997,1165550.0,1589254020.0,0.117,0.101,0.074,,0.117,,0.0,0.0,0.0,,
Guinea-Bissau,GNB,1998,1187478.0,1315465409.0,0.088,0.074,0.067,,0.088,,0.0,0.0,0.0,,
Guinea-Bissau,GNB,1999,1210211.0,1485364038.0,0.099,0.082,0.067,,0.099,,0.0,0.0,0.0,,
Guinea-Bissau,GNB,2000,1234747.0,1486201658.0,0.051,0.042,0.035,,0.051,,0.0,0.0,0.0,,
Guinea-Bissau,GNB,2001,1261281.0,1520990575.0,0.048,0.038,0.031,,0.048,,0.0,0.0,0.0,,
Guinea-Bissau,GNB,2002,1289317.0,1507700424.0,0.062,0.048,0.041,,0.062,,0.0,0.0,0.0,,
Guinea-Bissau,GNB,2003,1318809.0,1522869105.0,0.073,0.056,0.048,,0.073,,0.0,0.0,0.0,,
Guinea-Bissau,GNB,2004,1349569.0,1573921435.0,0.044,0.033,0.028,,0.044,,0.0,0.0,0.0,,
Guinea-Bissau,GNB,2005,1381590.0,1653070519.0,0.092,0.066,0.055,,0.092,,0.0,0.0,0.0,,
Guinea-Bissau,GNB,2006,1415315.0,1701901067.0,0.117,0.083,0.069,,0.117,,0.0,0.0,0.0,,
Guinea-Bissau,GNB,2007,1450989.0,1768965179.0,0.084,0.058,0.048,,0.084,,0.0,0.0,0.0,,
Guinea-Bissau,GNB,2008,1488059.0,1837842538.0,0.117,0.079,0.064,,0.117,,0.0,0.0,0.0,,
Guinea-Bissau,GNB,2009,1526384.0,1913611627.0,0.099,0.065,0.052,,0.099,,0.0,0.0,0.0,,
Guinea-Bissau,GNB,2010,1566352.0,2015432308.0,0.103,0.065,0.051,,0.103,,0.0,0.0,0.0,,
Guinea-Bissau,GNB,2011,1608084.0,2192198781.0,0.11,0.068,0.05,,0.11,,0.0,0.0,0.0,,
Guinea-Bissau,GNB,2012,1651425.0,2160239109.0,0.114,0.069,0.053,,0.114,,0.0,0.0,0.0,,
Guinea-Bissau,GNB,2013,1695980.0,2238347369.0,0.143,0.084,0.064,,0.143,,0.0,0.0,0.0,,
Guinea-Bissau,GNB,2014,1741126.0,2253617077.0,0.143,0.082,0.063,,0.143,,0.0,0.0,0.0,,
Guinea-Bissau,GNB,2015,1786461.0,2372699688.0,0.154,0.086,0.065,,0.154,,0.0,0.0,0.0,,
Guinea-Bissau,GNB,2016,1831898.0,2519068025.0,0.169,0.092,0.067,,0.169,,0.0,0.0,0.0,,
Guinea-Bissau,GNB,2017,1877074.0,2668676184.0,0.183,0.098,0.069,,0.183,,0.0,0.0,0.001,,
Guinea-Bissau,GNB,2018,1922167.0,2771625236.0,0.198,0.103,0.071,,0.198,,0.0,0.0,0.001,,
Guinea-Bissau,GNB,2019,1967704.0,2896348420.0,0.256,0.13,0.089,,0.256,,0.0,0.0,0.001,,
Guinea-Bissau,GNB,2020,2013259.0,2939793794.0,0.311,0.155,0.106,,0.311,,0.0,0.0,0.001,,
Guinea-Bissau,GNB,2021,2058841.0,3127940606.0,0.341,0.166,0.109,,0.341,,0.0,0.0,0.001,,
Guinea-Bissau,GNB,2022,2105535.0,3259313986.0,0.344,0.164,0.106,,0.344,,0.0,0.0,0.001,,
Guinea-Bissau,GNB,2023,2153343.0,,0.329,0.153,,,0.329,,0.0,0.0,0.001,,
Guinea-Bissau,GNB,2024,2201360.0,,0.342,0.155,,,0.342,,0.0,0.0,0.001,,
Guyana,GUY,1990,749891.0,,1.129,1.505,,,1.129,,0.0,,0.005,,
Guyana,GUY,1991,747870.0,,1.107,1.48,,,1.107,,0.0,,0.005,,
Guyana,GUY,1992,749919.0,,1.041,1.388,,,1.041,,0.0,,0.005,,
Guyana,GUY,1993,752969.0,,1.044,1.387,,,1.044,,0.0,,0.005,,
Guyana,GUY,1994,755821.0,,1.458,1.929,,,1.458,,0.0,0.0,0.006,,
Guyana,GUY,1995,758395.0,,1.565,2.063,,,1.565,,0.0,0.0,0.007,,
Guyana,GUY,1996,760535.0,,1.656,2.178,,,1.656,,0.0,0.0,0.007,,
Guyana,GUY,1997,762250.0,,1.806,2.37,,,1.806,,0.0,0.0,0.007,,
Guyana,GUY,1998,763596.0,,1.828,2.394,,,1.828,,0.0,0.0,0.008,,
Guyana,GUY,1999,764490.0,,1.836,2.401,,,1.836,,0.0,0.0,0.007,,
Guyana,GUY,2000,764836.0,,1.748,2.285,,,1.748,,0.0,0.0,0.007,,
Guyana,GUY,2001,764484.0,,1.74,2.277,,,1.74,,0.0,0.0,0.007,,
Guyana,GUY,2002,763657.0,,1.711,2.241,,,1.711,,0.0,0.0,0.007,,
Guyana,GUY,2003,763107.0,,1.869,2.449,,,1.869,,0.0,0.0,0.007,,
Guyana,GUY,2004,762424.0,,1.927,2.528,,,1.927,,0.0,0.0,0.007,,
Guyana,GUY,2005,760922.0,,1.616,2.124,,,1.616,,0.0,0.0,0.005,,
Guyana,GUY,2006,758976.0,,1.51,1.989,,,1.51,,0.0,0.0,0.005,,
Guyana,GUY,2007,756874.0,,1.781,2.353,,,1.781,,0.0,0.0,0.006,,
Guyana,GUY,2008,754614.0,,1.704,2.258,,,1.704,,0.0,0.0,0.005,,
Guyana,GUY,2009,752097.0,,1.905,2.533,,,1.905,,0.0,0.0,0.006,,
Guyana,GUY,2010,749259.0,,1.883,2.514,,0.0,1.883,,0.0,0.0,0.006,,
Guyana,GUY,2011,746161.0,,1.957,2.622,,0.0,1.957,,0.0,0.0,0.006,,
Guyana,GUY,2012,746296.0,,1.957,2.622,,0.0,1.957,,0.0,0.0,0.006,,
Guyana,GUY,2013,750020.0,,1.902,2.535,,0.0,1.902,,0.0,0.0,0.005,,
Guyana,GUY,2014,754231.0,,1.975,2.618,,0.0,1.975,,0.0,0.0,0.006,,
Guyana,GUY,2015,758783.0,,1.964,2.588,,0.0,1.964,,0.0,0.0,0.006,,
Guyana,GUY,2016,763553.0,,2.209,2.893,,0.015,2.194,,0.0,0.0,0.006,,
Guyana,GUY,2017,768483.0,,2.158,2.808,,0.0,2.158,,0.0,0.0,0.006,,
Guyana,GUY,2018,791563.0,,2.319,2.93,,0.0,2.319,0.0,0.0,0.0,0.006,,
Guyana,GUY,2019,807668.0,,2.645,3.275,,0.0,2.645,0.0,0.0,0.0,0.007,,
Guyana,GUY,2020,807486.0,,3.1,3.839,,0.0,2.568,0.004,0.0,0.528,0.009,,
Guyana,GUY,2021,815484.0,,2.933,3.596,,0.0,2.682,0.004,0.0,0.247,0.008,,
Guyana,GUY,2022,821638.0,,4.397,5.351,,0.0,4.086,0.004,0.0,0.307,0.012,,
Guyana,GUY,2023,826357.0,,4.379,5.299,,0.0,4.15,0.004,0.014,0.211,0.011,,
Guyana,GUY,2024,831092.0,,4.51,5.427,,0.0,4.315,0.006,0.014,0.175,0.012,,
Haiti,HTI,1990,6854444.0,10773450000.0,0.994,0.145,0.092,0.033,0.876,,0.085,,0.004,,
Haiti,HTI,1991,6995455.0,11156723437.0,0.974,0.139,0.087,0.066,0.802,,0.106,,0.004,,
Haiti,HTI,1992,7136577.0,10725683419.0,0.887,0.124,0.083,0.07,0.733,,0.084,,0.004,,
Haiti,HTI,1993,7278182.0,10302867632.0,0.683,0.094,0.066,,0.641,,0.042,,0.003,,
Haiti,HTI,1994,7419776.0,9215060363.0,0.183,0.025,0.02,,0.183,,0.0,0.0,0.001,,
Haiti,HTI,1995,7562551.0,10289435607.0,0.876,0.116,0.085,,0.876,,0.0,0.0,0.004,,
Haiti,HTI,1996,7707560.0,10882101707.0,1.019,0.132,0.094,,1.019,,0.0,0.0,0.004,,
Haiti,HTI,1997,7854304.0,11346974445.0,1.348,0.172,0.119,,1.348,,0.0,0.0,0.006,,
Haiti,HTI,1998,8002144.0,11780950427.0,1.235,0.154,0.105,,1.235,,0.0,0.0,0.005,,
Haiti,HTI,1999,8151301.0,12289767443.0,1.271,0.156,0.103,,1.271,,0.0,0.0,0.005,,
Haiti,HTI,2000,8303151.0,12590117444.0,1.634,0.197,0.13,,1.634,,0.0,0.0,0.006,,
Haiti,HTI,2001,8455917.0,12654293375.0,1.466,0.173,0.116,,1.385,,0.081,0.0,0.006,,
Haiti,HTI,2002,8607648.0,12820096281.0,1.778,0.207,0.139,,1.663,,0.114,0.0,0.007,,
Haiti,HTI,2003,8759913.0,13072600973.0,1.692,0.193,0.129,,1.579,,0.113,0.0,0.006,,
Haiti,HTI,2004,8910267.0,12808948010.0,1.643,0.184,0.128,,1.528,,0.115,0.0,0.006,,
Haiti,HTI,2005,9061274.0,13245370242.0,1.715,0.189,0.129,,1.601,,0.114,0.0,0.006,,
Haiti,HTI,2006,9216569.0,13759840125.0,1.746,0.189,0.127,,1.634,,0.112,0.0,0.006,,
Haiti,HTI,2007,9373300.0,14437110458.0,1.766,0.188,0.122,,1.656,,0.11,0.0,0.006,,
Haiti,HTI,2008,9530782.0,14789629003.0,1.754,0.184,0.119,,1.641,,0.112,0.0,0.005,,
Haiti,HTI,2009,9689585.0,15482895499.0,1.881,0.194,0.121,,1.77,,0.111,0.0,0.006,,
Haiti,HTI,2010,9803299.0,14869726114.0,2.129,0.217,0.143,,2.019,,0.111,0.0,0.006,,
Haiti,HTI,2011,9914904.0,15936160000.0,2.272,0.229,0.143,,2.253,,0.018,0.0,0.007,,
Haiti,HTI,2012,10069770.0,16393482000.0,2.262,0.225,0.138,,2.235,,0.027,0.0,0.006,,
Haiti,HTI,2013,10222365.0,17085684000.0,2.703,0.264,0.158,,2.667,,0.036,0.0,0.008,,
Haiti,HTI,2014,10373241.0,17572203000.0,2.698,0.26,0.154,,2.627,,0.071,0.0,0.008,,
Haiti,HTI,2015,10523249.0,17862468000.0,2.654,0.252,0.149,,2.583,,0.071,0.0,0.007,,
Haiti,HTI,2016,10671462.0,18337150574.0,2.977,0.279,0.162,,2.906,,0.071,0.0,0.008,,
Haiti,HTI,2017,10817759.0,18822570039.0,3.133,0.29,0.166,,3.026,,0.107,0.0,0.009,,
Haiti,HTI,2018,10962373.0,19129086184.0,3.401,0.31,0.178,,3.294,,0.107,0.0,0.009,,
Haiti,HTI,2019,11105165.0,18799472313.0,3.119,0.281,0.166,,3.012,,0.107,0.0,0.008,,
Haiti,HTI,2020,11243846.0,18185520397.0,3.265,0.29,0.18,,3.158,,0.107,0.0,0.009,,
Haiti,HTI,2021,11374592.0,17851170361.0,3.507,0.308,0.196,,3.4,,0.107,0.0,0.01,,
Haiti,HTI,2022,11503603.0,17550916862.0,2.87,0.25,0.164,,2.763,,0.107,0.0,0.008,,
Haiti,HTI,2023,11637402.0,,2.865,0.246,,,2.758,,0.107,0.0,0.008,,
Haiti,HTI,2024,11772562.0,,2.971,0.252,,,2.864,,0.107,0.0,0.008,,
Honduras,HND,1990,4980493.0,14201085625.0,2.505,0.503,0.176,0.004,2.224,,0.277,,0.011,1.834,0.368
Honduras,HND,1991,5123797.0,14777670050.0,2.527,0.493,0.171,0.004,2.232,,0.291,,0.011,1.882,0.367
Honduras,HND,1992,5271437.0,15733343099.0,2.803,0.532,0.178,0.004,2.529,,0.271,,0.012,2.262,0.429
Honduras,HND,1993,5423253.0,16847892598.0,2.941,0.542,0.175,0.004,2.638,,0.299,,0.013,2.246,0.414
Honduras,HND,1994,5579247.0,16756478908.0,3.231,0.579,0.193,0.004,2.975,,0.252,0.0,0.014,2.289,0.41
Honduras,HND,1995,5739636.0,17579243982.0,3.836,0.668,0.218,0.004,3.539,,0.293,0.0,0.016,2.556,0.445
Honduras,HND,1996,5903962.0,18358896091.0,3.876,0.656,0.211,0.004,3.488,,0.384,0.0,0.016,2.47,0.418
Honduras,HND,1997,6071458.0,19427979548.0,4.01,0.661,0.206,0.004,3.591,,0.416,0.0,0.016,2.597,0.428
Honduras,HND,1998,6234436.0,20150664632.0,4.811,0.772,0.239,0.004,4.452,,0.355,0.0,0.02,3.062,0.491
Honduras,HND,1999,6400470.0,19928432930.0,4.705,0.735,0.236,0.147,4.173,,0.385,0.0,0.019,3.369,0.526
Honduras,HND,2000,6577781.0,21239307387.0,5.032,0.765,0.237,0.352,4.18,,0.5,0.0,0.02,3.862,0.587
Honduras,HND,2001,6757992.0,21992955509.0,5.665,0.838,0.258,0.322,4.833,,0.509,0.0,0.022,4.177,0.618
Honduras,HND,2002,6938866.0,22983633152.0,5.945,0.857,0.259,0.37,5.108,,0.468,0.0,0.023,4.304,0.62
Honduras,HND,2003,7119213.0,24205428089.0,6.687,0.939,0.276,0.443,5.763,,0.48,0.0,0.024,5.465,0.768
Honduras,HND,2004,7299003.0,25910108120.0,7.194,0.986,0.278,0.462,6.21,,0.522,0.0,0.025,5.754,0.788
Honduras,HND,2005,7478362.0,27704981594.0,6.835,0.914,0.247,0.095,6.225,,0.514,0.0,0.023,5.371,0.718
Honduras,HND,2006,7656832.0,29769398424.0,7.698,1.005,0.259,0.176,6.903,,0.619,0.0,0.025,6.403,0.836
Honduras,HND,2007,7834806.0,31871721735.0,8.216,1.049,0.258,0.187,7.386,,0.643,0.0,0.026,6.792,0.867
Honduras,HND,2008,8012590.0,33484306097.0,8.533,1.065,0.255,0.311,7.573,,0.648,0.0,0.027,14.852,1.854
Honduras,HND,2009,8189904.0,32923391943.0,8.03,0.981,0.244,0.268,7.126,,0.637,0.0,0.025,6.96,0.85
Honduras,HND,2010,8365881.0,34409603132.0,8.107,0.969,0.236,0.278,7.222,,0.606,0.0,0.024,6.714,0.803
Honduras,HND,2011,8540587.0,35990758725.0,8.857,1.037,0.246,0.333,7.856,,0.668,0.0,0.026,6.727,0.788
Honduras,HND,2012,8715081.0,37443688294.0,9.108,1.045,0.243,0.381,7.962,,0.765,0.0,0.026,6.918,0.794
Honduras,HND,2013,8889276.0,38446700070.0,9.328,1.049,0.243,0.37,8.266,,0.692,0.0,0.026,17.827,2.005
Honduras,HND,2014,9063127.0,39484545761.0,9.503,1.049,0.241,0.392,8.449,,0.662,0.0,0.027,7.165,0.791
Honduras,HND,2015,9237306.0,40757802007.0,10.898,1.18,0.267,0.337,9.838,,0.723,0.0,0.031,8.374,0.907
Honduras,HND,2016,9412380.0,42125312119.0,9.939,1.056,0.236,0.15,9.006,,0.782,0.0,0.028,7.974,0.847
Honduras,HND,2017,9588144.0,43936103834.0,10.198,1.064,0.232,0.004,9.284,,0.91,0.0,0.028,8.247,0.86
Honduras,HND,2018,9765209.0,45477892182.0,9.876,1.011,0.217,,9.043,,0.833,0.0,0.027,8.141,0.834
Honduras,HND,2019,9943637.0,46684518271.0,10.963,1.102,0.235,,10.197,,0.765,0.0,0.03,9.067,0.912
Honduras,HND,2020,10119638.0,42499283305.0,9.977,0.986,0.235,,9.343,,0.634,0.0,0.028,8.354,0.826
Honduras,HND,2021,10289881.0,47826185166.0,11.06,1.075,0.231,,10.358,,0.702,0.0,0.03,9.217,0.896
Honduras,HND,2022,10463880.0,49738252980.0,11.742,1.122,0.236,,11.019,,0.723,0.0,0.031,9.698,0.927
Honduras,HND,2023,10644853.0,,12.404,1.165,,,11.681,,0.723,0.0,0.033,10.458,0.982
Honduras,HND,2024,10825704.0,,12.855,1.187,,,12.132,,0.723,0.0,0.033,,
Hong Kong,HKG,1990,5560599.0,159035333203.0,27.148,4.882,0.171,18.109,8.302,,0.737,,0.119,61.709,11.098
Hong Kong,HKG,1991,5628091.0,166388672053.0,28.463,5.057,0.171,19.534,8.247,,0.683,,0.123,65.281,11.599
Hong Kong,HKG,1992,5759558.0,174712323919.0,32.922,5.716,0.188,20.713,11.542,,0.668,,0.146,71.859,12.476
Hong Kong,HKG,1993,5902506.0,183841594031.0,34.778,5.892,0.189,23.989,10.093,,0.695,,0.153,70.215,11.896
Hong Kong,HKG,1994,6042259.0,193897052623.0,31.079,5.144,0.16,17.137,13.161,,0.782,0.0,0.135,81.627,13.509
Hong Kong,HKG,1995,6177105.0,196081470595.0,31.271,5.062,0.159,18.474,11.967,0.055,0.775,0.0,0.133,85.571,13.853
Hong Kong,HKG,1996,6302469.0,207053020618.0,28.909,4.587,0.14,13.731,11.213,3.144,0.82,0.0,0.119,81.995,13.01
Hong Kong,HKG,1997,6416674.0,216031296787.0,30.497,4.753,0.141,11.582,13.223,4.913,0.778,0.0,0.125,94.085,14.663
Hong Kong,HKG,1998,6521331.0,201421963837.0,38.925,5.969,0.193,14.312,19.383,4.609,0.622,0.0,0.16,83.187,12.756
Hong Kong,HKG,1999,6616524.0,205093825462.0,42.549,6.431,0.207,11.698,25.21,5.082,0.56,0.0,0.171,80.977,12.239
Hong Kong,HKG,2000,6704665.0,218622146616.0,39.765,5.931,0.182,14.464,20.718,4.583,0.0,0.0,0.156,87.987,13.123
Hong Kong,HKG,2001,6774243.0,219159408785.0,37.289,5.504,0.17,15.14,17.455,4.694,0.0,0.0,0.145,80.537,11.889
Hong Kong,HKG,2002,6821412.0,222182532288.0,39.003,5.718,0.176,19.661,14.77,4.573,0.0,0.0,0.148,78.041,11.441
Hong Kong,HKG,2003,6858906.0,225487397415.0,42.733,6.23,0.19,25.06,14.753,2.92,0.0,0.0,0.155,94.393,13.762
Hong Kong,HKG,2004,6888164.0,243895605092.0,41.158,5.975,0.169,23.169,13.768,4.221,0.0,0.0,0.144,94.092,13.66
Hong Kong,HKG,2005,6908483.0,259469641313.0,43.334,6.273,0.167,25.467,13.65,4.218,0.0,0.0,0.146,102.277,14.805
Hong Kong,HKG,2006,6931089.0,274690745926.0,41.915,6.047,0.153,25.239,11.823,4.459,0.394,0.0,0.137,101.627,14.662
Hong Kong,HKG,2007,6971344.0,291247413551.0,43.572,6.25,0.15,27.605,11.732,3.851,0.385,0.0,0.138,100.048,14.351
Hong Kong,HKG,2008,7020689.0,295823304243.0,42.794,6.095,0.145,25.963,11.714,4.573,0.545,0.0,0.134,96.529,13.749
Hong Kong,HKG,2009,7064464.0,285619082956.0,41.583,5.886,0.146,27.117,8.863,5.174,0.429,0.0,0.132,80.416,11.383
Hong Kong,HKG,2010,7101614.0,302377330309.0,40.063,5.641,0.132,23.589,9.438,6.478,0.558,0.0,0.12,90.171,12.697
Hong Kong,HKG,2011,7142969.0,314044556431.0,43.15,6.041,0.137,28.063,9.237,5.269,0.581,0.0,0.125,112.463,15.745
Hong Kong,HKG,2012,7201059.0,319384208506.0,42.738,5.935,0.134,27.623,9.6,4.884,0.632,0.0,0.122,130.792,18.163
Hong Kong,HKG,2013,7264330.0,329290162080.0,44.31,6.1,0.135,29.45,9.428,4.756,0.676,0.0,0.126,152.205,20.952
Hong Kong,HKG,2014,7319502.0,338386398632.0,45.492,6.215,0.134,30.853,9.267,4.646,0.725,0.0,0.128,145.819,19.922
Hong Kong,HKG,2015,7366411.0,346466191769.0,42.404,5.756,0.122,25.373,10.212,6.082,0.737,0.0,0.12,111.1,15.082
Hong Kong,HKG,2016,7408006.0,354003396927.0,43.366,5.854,0.123,25.375,11.053,6.236,0.702,0.0,0.123,122.712,16.565
Hong Kong,HKG,2017,7444889.0,367441685993.0,42.431,5.699,0.115,23.772,11.838,6.218,0.603,0.0,0.118,125.825,16.901
Hong Kong,HKG,2018,7471190.0,377902310676.0,42.597,5.702,0.113,24.411,11.5,6.06,0.626,0.0,0.116,124.272,16.633
Hong Kong,HKG,2019,7485817.0,371582312306.0,41.897,5.597,0.113,23.378,11.621,6.287,0.611,0.0,0.113,123.706,16.525
Hong Kong,HKG,2020,7490240.0,347263059452.0,33.513,4.474,0.097,12.447,11.051,9.431,0.585,0.0,0.095,119.866,16.003
Hong Kong,HKG,2021,7484604.0,369654417943.0,33.637,4.494,0.091,13.832,9.889,9.424,0.492,0.0,0.091,132.766,17.739
Hong Kong,HKG,2022,7465913.0,356690492875.0,30.764,4.121,0.086,13.602,7.351,9.2,0.611,0.0,0.082,145.24,19.454
Hong Kong,HKG,2023,7442738.0,,32.957,4.428,,13.289,9.128,9.929,0.611,0.0,0.087,144.164,19.37
Hong Kong,HKG,2024,7414914.0,,33.324,4.494,,11.347,10.369,10.997,0.611,0.0,0.086,,
Hungary,HUN,1990,10381280.0,106788855164.0,73.427,7.073,0.688,26.517,22.863,20.458,1.751,0.485,0.323,88.534,8.528
Hungary,HUN,1991,10378174.0,95825225553.0,69.825,6.728,0.729,25.188,21.602,20.481,1.102,0.46,0.301,81.216,7.826
Hungary,HUN,1992,10371477.0,94567780137.0,62.281,6.005,0.659,20.751,21.748,17.622,0.859,0.44,0.277,90.496,8.725
Hungary,HUN,1993,10356869.0,95740692963.0,62.991,6.082,0.658,20.066,21.508,19.158,1.022,0.397,0.277,83.271,8.04
Hungary,HUN,1994,10339936.0,100339331340.0,61.88,5.985,0.617,18.693,21.2,19.453,1.181,0.487,0.269,76.943,7.441
Hungary,HUN,1995,10322792.0,104751822959.0,61.464,5.954,0.587,18.394,19.802,20.935,1.186,0.264,0.261,73.444,7.115
Hungary,HUN,1996,10302238.0,106886865711.0,63.083,6.123,0.59,18.914,18.5,23.508,1.111,0.259,0.26,72.134,7.002
Hungary,HUN,1997,10278600.0,112676520011.0,61.676,6.0,0.547,18.413,18.726,22.352,1.174,0.211,0.253,75.513,7.347
Hungary,HUN,1998,10251717.0,119818720518.0,61.255,5.975,0.511,17.356,19.339,22.341,1.222,0.186,0.252,78.178,7.626
Hungary,HUN,1999,10219797.0,126176462095.0,61.575,6.025,0.488,17.586,19.196,22.604,1.224,0.167,0.248,72.295,7.074
Hungary,HUN,2000,10190598.0,134151505450.0,58.244,5.716,0.434,16.473,17.502,22.045,1.353,0.189,0.228,69.961,6.865
Hungary,HUN,2001,10166693.0,142043461403.0,59.828,5.885,0.421,15.905,17.279,24.461,1.357,0.144,0.233,73.407,7.22
Hungary,HUN,2002,10138461.0,151456660939.0,58.842,5.804,0.389,15.662,16.361,24.582,1.426,0.14,0.224,72.588,7.16
Hungary,HUN,2003,10108970.0,160456137012.0,61.611,6.095,0.384,16.198,16.133,26.969,1.412,0.146,0.223,86.418,8.549
Hungary,HUN,2004,10085788.0,171925388770.0,59.985,5.947,0.349,15.513,15.68,26.557,1.289,0.118,0.21,83.396,8.269
Hungary,HUN,2005,10065703.0,183107031890.0,60.142,5.975,0.328,13.643,16.481,27.768,1.199,0.113,0.203,88.99,8.841
Hungary,HUN,2006,10049946.0,194033322767.0,59.529,5.923,0.307,13.669,17.222,26.298,1.296,0.117,0.195,90.91,9.046
Hungary,HUN,2007,10034084.0,198872162765.0,58.449,5.825,0.294,13.627,17.592,24.884,1.328,0.104,0.186,97.323,9.699
Hungary,HUN,2008,10016653.0,204720371926.0,57.184,5.709,0.279,13.118,17.336,24.401,1.261,0.18,0.178,99.673,9.951
Hungary,HUN,2009,10001381.0,195180908684.0,51.458,5.145,0.264,11.237,17.26,21.214,0.973,0.18,0.163,67.585,6.758
Hungary,HUN,2010,9979128.0,200496589291.0,51.993,5.21,0.259,11.721,16.067,22.697,0.735,0.188,0.156,71.025,7.117
Hungary,HUN,2011,9946675.0,208407605976.0,50.156,5.042,0.241,12.022,15.14,21.661,0.564,0.187,0.145,70.135,7.051
Hungary,HUN,2012,9916621.0,205802052322.0,46.72,4.711,0.227,11.538,14.471,19.326,0.678,0.15,0.134,63.459,6.399
Hungary,HUN,2013,9889344.0,209511661762.0,43.487,4.397,0.208,10.26,13.982,18.031,0.516,0.151,0.123,59.467,6.013
Hungary,HUN,2014,9862843.0,218378634753.0,43.639,4.425,0.2,10.289,15.335,16.782,0.566,0.129,0.123,58.716,5.953
Hungary,HUN,2015,9839211.0,226474616785.0,46.567,4.733,0.206,10.624,16.673,17.895,0.676,0.132,0.132,59.345,6.031
Hungary,HUN,2016,9810529.0,231459349147.0,47.039,4.795,0.203,9.879,16.713,19.041,0.705,0.137,0.133,60.648,6.182
Hungary,HUN,2017,9785608.0,241347220007.0,49.424,5.051,0.205,10.177,17.631,20.107,0.783,0.143,0.137,65.921,6.737
Hungary,HUN,2018,9774395.0,254289117363.0,49.366,5.051,0.194,9.577,18.712,19.467,0.882,0.147,0.134,66.684,6.822
Hungary,HUN,2019,9770346.0,266658311342.0,49.159,5.031,0.184,8.324,19.52,19.598,1.023,0.149,0.133,65.075,6.661
Hungary,HUN,2020,9749459.0,254563881936.0,47.105,4.832,0.185,7.511,17.463,20.554,0.929,0.162,0.134,60.474,6.203
Hungary,HUN,2021,9707848.0,272892486007.0,48.326,4.978,0.177,6.06,18.887,21.796,1.002,0.138,0.131,65.404,6.737
Hungary,HUN,2022,9684308.0,285385229433.0,45.267,4.674,0.159,5.559,19.647,18.73,0.815,0.135,0.121,62.643,6.469
Hungary,HUN,2023,9686465.0,,40.344,4.165,,4.315,18.384,16.689,0.544,0.146,0.106,56.728,5.856
Hungary,HUN,2024,9676135.0,,40.017,4.136,,3.611,18.643,16.807,0.544,0.146,0.104,,
Iceland,ISL,1990,254842.0,7325718271.0,2.222,8.719,0.303,0.282,1.819,0.0,0.052,0.061,0.01,,
Iceland,ISL,1991,257817.0,7288590266.0,2.103,8.157,0.289,0.245,1.732,0.0,0.048,0.07,0.009,,
Iceland,ISL,1992,261087.0,7011078151.0,2.249,8.615,0.321,0.243,1.886,0.0,0.045,0.068,0.01,,
Iceland,ISL,1993,263760.0,7076878574.0,2.4,9.1,0.339,0.298,1.971,0.0,0.039,0.085,0.011,,
Iceland,ISL,1994,266063.0,7301854318.0,2.349,8.83,0.322,0.293,1.943,0.0,0.037,0.07,0.01,,
Iceland,ISL,1995,267516.0,7280955133.0,2.469,9.229,0.339,0.296,2.045,0.0,0.037,0.082,0.01,,
Iceland,ISL,1996,268967.0,7601917128.0,2.523,9.38,0.332,0.281,2.112,0.0,0.041,0.081,0.01,,
Iceland,ISL,1997,271194.0,8108417582.0,2.618,9.655,0.323,0.32,2.178,0.0,0.045,0.067,0.011,,
Iceland,ISL,1998,274121.0,8607334873.0,2.638,9.625,0.307,0.284,2.209,0.0,0.053,0.084,0.011,,
Iceland,ISL,1999,277450.0,8919642339.0,2.841,10.239,0.319,0.358,2.304,0.0,0.06,0.111,0.011,,
Iceland,ISL,2000,281293.0,9307402059.0,2.933,10.426,0.315,0.466,2.243,0.0,0.064,0.153,0.011,,
Iceland,ISL,2001,285058.0,9632094658.0,2.865,10.051,0.297,0.502,2.155,0.0,0.058,0.144,0.011,,
Iceland,ISL,2002,287609.0,9623436669.0,2.992,10.403,0.311,0.513,2.287,0.0,0.038,0.147,0.011,,
Iceland,ISL,2003,289616.0,9810546928.0,2.985,10.308,0.304,0.51,2.299,0.0,0.032,0.136,0.011,,
Iceland,ISL,2004,292172.0,10591927126.0,3.107,10.635,0.293,0.526,2.398,0.0,0.05,0.123,0.011,,
Iceland,ISL,2005,296852.0,11206862490.0,2.976,10.026,0.266,0.484,2.309,0.0,0.054,0.118,0.01,,
Iceland,ISL,2006,303883.0,11775508947.0,3.154,10.38,0.268,0.515,2.44,0.0,0.061,0.127,0.01,,
Iceland,ISL,2007,311662.0,12798725464.0,3.494,11.212,0.273,0.596,2.674,0.0,0.063,0.147,0.011,,
Iceland,ISL,2008,317519.0,13031114591.0,3.811,12.004,0.292,0.639,2.911,0.0,0.061,0.186,0.012,,
Iceland,ISL,2009,318619.0,12031037299.0,3.73,11.708,0.31,0.622,2.898,0.0,0.028,0.17,0.012,,
Iceland,ISL,2010,318163.0,11531450215.0,3.627,11.399,0.314,0.626,2.79,0.0,0.01,0.19,0.011,,
Iceland,ISL,2011,319139.0,11716753534.0,3.503,10.978,0.299,0.639,2.654,0.0,0.02,0.18,0.01,,
Iceland,ISL,2012,320851.0,11841375384.0,3.499,10.906,0.296,0.659,2.657,0.0,0.0,0.172,0.01,,
Iceland,ISL,2013,323891.0,12380449213.0,3.489,10.772,0.282,0.661,2.644,0.0,0.0,0.173,0.01,,
Iceland,ISL,2014,327517.0,12589333385.0,3.445,10.519,0.274,0.625,2.625,0.0,0.0,0.183,0.01,,
Iceland,ISL,2015,330962.0,13147880818.0,3.541,10.699,0.269,0.661,2.706,0.0,0.0,0.163,0.01,,
Iceland,ISL,2016,335571.0,13976682094.0,3.494,10.411,0.25,0.66,2.673,0.0,0.0,0.149,0.01,,
Iceland,ISL,2017,343537.0,14562998209.0,3.611,10.511,0.248,0.693,2.758,0.001,0.0,0.146,0.01,,
Iceland,ISL,2018,352860.0,15275006901.0,3.665,10.388,0.24,0.715,2.783,0.001,0.0,0.156,0.01,,
Iceland,ISL,2019,360709.0,15550746271.0,3.553,9.849,0.228,0.684,2.691,0.003,0.0,0.163,0.01,,
Iceland,ISL,2020,366626.0,14424580947.0,3.339,9.107,0.231,0.668,2.481,0.003,0.0,0.175,0.009,,
Iceland,ISL,2021,372647.0,15049658393.0,3.491,9.367,0.232,0.726,2.587,0.001,0.0,0.162,0.009,,
Iceland,ISL,2022,380368.0,16019540441.0,3.598,9.458,0.225,0.77,2.641,0.002,0.0,0.174,0.01,,
Iceland,ISL,2023,387559.0,,3.508,9.052,,0.671,2.65,0.002,0.0,0.172,0.009,,
Iceland,ISL,2024,393404.0,,3.803,9.667,,0.868,2.748,0.002,0.0,0.172,0.01,,
India,IND,1990,864972221.0,1750993000000.0,577.987,0.668,0.33,366.504,158.167,21.097,22.348,9.871,2.543,583.353,0.674
India,IND,1991,883927605.0,1768493598375.0,615.388,0.696,0.348,393.066,166.423,23.563,24.503,7.834,2.652,603.908,0.683
India,IND,1992,902957075.0,1851711465033.0,655.424,0.726,0.354,411.39,188.056,27.257,25.156,3.565,2.91,656.838,0.727
India,IND,1993,922118380.0,1944353884791.0,677.262,0.734,0.348,433.085,186.878,26.996,26.602,3.701,2.977,661.066,0.717
India,IND,1994,941163772.0,2055026658036.0,714.043,0.759,0.347,455.699,198.955,28.997,28.54,1.852,3.108,692.346,0.736
India,IND,1995,960301046.0,2189535837458.0,760.48,0.792,0.347,471.741,216.281,39.051,31.104,2.303,3.234,728.637,0.759
India,IND,1996,979678460.0,2345228680352.0,823.602,0.841,0.351,504.479,243.161,39.747,34.079,2.136,3.399,773.568,0.79
India,IND,1997,999133764.0,2426804815330.0,857.976,0.859,0.354,527.685,244.203,46.024,37.418,2.645,3.519,802.52,0.803
India,IND,1998,1018665080.0,2567853125008.0,875.783,0.86,0.341,524.136,262.892,47.595,39.026,2.133,3.605,814.092,0.799
India,IND,1999,1038225822.0,2710353015518.0,961.194,0.926,0.355,560.465,301.469,52.619,44.592,2.048,3.87,922.024,0.888
India,IND,2000,1057922731.0,2804478499774.0,987.065,0.933,0.352,572.903,313.441,52.791,45.957,1.973,3.869,914.373,0.864
India,IND,2001,1077898579.0,2940745466088.0,1001.198,0.929,0.34,582.111,317.363,53.128,46.74,1.857,3.897,921.53,0.855
India,IND,2002,1097600380.0,3024984520809.0,1032.75,0.941,0.341,598.539,325.889,57.609,49.111,1.602,3.932,936.879,0.854
India,IND,2003,1116803000.0,3251114494190.0,1068.398,0.957,0.329,625.833,331.333,58.565,50.88,1.787,3.864,985.412,0.882
India,IND,2004,1135991509.0,3495022816540.0,1134.611,0.999,0.325,669.993,348.992,58.316,55.545,1.765,3.966,1043.316,0.918
India,IND,2005,1154676321.0,3752627653422.0,1195.393,1.035,0.319,721.496,353.15,59.357,59.687,1.704,4.039,1104.519,0.957
India,IND,2006,1172878888.0,4069856052453.0,1293.321,1.103,0.318,773.551,370.544,82.58,64.905,1.741,4.227,1172.595,1.0
India,IND,2007,1190676028.0,4403215224414.0,1393.485,1.17,0.316,842.536,392.818,87.956,68.333,1.842,4.424,1291.092,1.084
India,IND,2008,1207930960.0,4649548164533.0,1490.366,1.234,0.321,910.753,414.204,90.277,73.245,1.888,4.65,1372.795,1.136
India,IND,2009,1225524764.0,4993478894185.0,1613.328,1.316,0.323,983.947,433.771,112.463,81.268,1.879,5.12,1521.685,1.242
India,IND,2010,1243481565.0,5361371354007.0,1678.53,1.35,0.313,1015.983,440.692,134.121,86.029,1.704,5.038,1571.107,1.263
India,IND,2011,1261224956.0,5720692888000.0,1765.695,1.4,0.309,1074.385,461.37,135.977,91.314,2.648,5.121,1624.198,1.288
India,IND,2012,1278674501.0,6052427493607.0,1926.986,1.507,0.318,1206.452,491.148,125.558,100.237,3.592,5.513,1782.077,1.394
India,IND,2013,1295829507.0,6424470752490.0,1995.337,1.54,0.311,1276.383,498.314,109.554,107.82,3.266,5.656,1637.855,1.264
India,IND,2014,1312277184.0,6875186158349.0,2148.052,1.637,0.312,1407.057,513.84,107.801,115.825,3.529,6.057,1810.893,1.38
India,IND,2015,1328024494.0,7391521519812.0,2231.817,1.681,0.302,1449.587,557.523,103.062,117.508,4.137,6.304,1961.052,1.477
India,IND,2016,1343944296.0,8057465593010.0,2352.54,1.75,0.292,1499.401,616.112,109.989,123.281,3.756,6.647,2002.07,1.49
India,IND,2017,1359657398.0,8550029645172.0,2425.722,1.784,0.284,1551.256,634.116,116.479,121.047,2.823,6.743,2112.195,1.553
India,IND,2018,1374659067.0,9173201683791.0,2595.227,1.888,0.283,1668.318,658.715,126.74,138.965,2.49,7.065,2239.063,1.629
India,IND,2019,1389030307.0,9595463242427.0,2611.175,1.88,0.272,1661.94,677.884,125.233,143.664,2.454,7.041,2267.293,1.632
India,IND,2020,1402617694.0,8945313249462.0,2422.732,1.727,0.271,1561.799,607.535,127.684,122.908,2.806,6.891,2085.132,1.487
India,IND,2021,1414203896.0,9801621018003.0,2675.778,1.892,0.273,1767.297,623.485,133.192,149.033,2.772,7.258,2252.029,1.592
India,IND,2022,1425423209.0,10476248645535.0,2831.132,1.986,0.27,1855.854,684.014,124.009,164.331,2.924,7.544,2339.991,1.642
India,IND,2023,1438069597.0,,3062.756,2.13,,2032.048,718.183,132.42,177.239,2.868,8.04,2543.215,1.768
India,IND,2024,1450935785.0,,3193.478,2.201,,2108.033,747.333,149.352,185.97,2.791,8.274,,
Indonesia,IDN,1990,183501097.0,718548888843.0,154.991,0.845,0.216,6.947,87.271,44.064,7.628,9.08,0.682,147.064,0.801
Indonesia,IDN,1991,186778239.0,786440054225.0,174.754,0.936,0.222,13.52,97.702,43.494,8.976,11.061,0.753,160.58,0.86
Indonesia,IDN,1992,190043742.0,841780430872.0,199.298,1.049,0.237,12.509,112.952,52.374,9.653,11.809,0.885,186.464,0.981
Indonesia,IDN,1993,193305169.0,912702668892.0,214.963,1.112,0.236,21.306,112.763,57.66,10.633,12.6,0.945,194.887,1.008
Indonesia,IDN,1994,196591829.0,986200274496.0,219.2,1.115,0.222,26.648,108.934,60.309,12.366,10.942,0.954,199.845,1.017
Indonesia,IDN,1995,199888055.0,1072204353033.0,222.225,1.112,0.207,25.179,109.715,64.574,13.124,9.634,0.945,205.227,1.027
Indonesia,IDN,1996,203204353.0,1161281457768.0,252.856,1.244,0.218,27.561,121.308,78.992,14.056,10.939,1.043,227.997,1.122
Indonesia,IDN,1997,206536089.0,1221454544616.0,279.696,1.354,0.229,29.389,140.547,82.041,15.767,11.951,1.147,244.006,1.181
Indonesia,IDN,1998,209826791.0,1066065643776.0,244.315,1.164,0.229,32.074,141.036,48.027,12.873,10.305,1.006,148.777,0.709
Indonesia,IDN,1999,213004667.0,1079382527522.0,291.771,1.37,0.27,37.163,148.101,83.652,13.855,9.0,1.175,242.505,1.138
Indonesia,IDN,2000,216077789.0,1138300071768.0,281.054,1.301,0.247,50.906,156.812,48.592,16.174,8.57,1.102,240.902,1.115
Indonesia,IDN,2001,219097905.0,1185220908414.0,316.759,1.446,0.267,64.629,164.07,61.163,18.194,8.704,1.233,266.036,1.214
Indonesia,IDN,2002,222088499.0,1244249942443.0,308.201,1.388,0.248,66.665,156.841,59.764,17.854,7.077,1.173,276.132,1.243
Indonesia,IDN,2003,225048005.0,1309811268640.0,339.024,1.506,0.259,89.49,162.445,62.661,17.481,6.947,1.226,312.161,1.387
Indonesia,IDN,2004,227926649.0,1387446383159.0,342.709,1.504,0.247,82.216,173.895,61.886,18.734,5.978,1.198,317.91,1.395
Indonesia,IDN,2005,230871648.0,1474875329634.0,347.361,1.505,0.236,94.222,174.754,54.451,18.271,5.663,1.174,323.809,1.403
Indonesia,IDN,2006,233951650.0,1565012923832.0,346.366,1.481,0.221,111.641,152.499,57.426,18.779,6.021,1.132,332.274,1.42
Indonesia,IDN,2007,237062338.0,1674227359084.0,387.577,1.635,0.231,140.066,166.225,57.078,19.286,4.923,1.23,372.479,1.571
Indonesia,IDN,2008,240157902.0,1809491142510.0,365.384,1.521,0.202,121.845,158.303,60.313,20.207,4.716,1.14,373.424,1.555
Indonesia,IDN,2009,243220024.0,1905717479305.0,398.624,1.639,0.209,128.274,181.26,64.541,19.119,5.43,1.265,385.893,1.587
Indonesia,IDN,2010,246305327.0,2039334560589.0,445.37,1.808,0.218,152.667,195.671,73.73,19.029,4.274,1.337,435.441,1.768
Indonesia,IDN,2011,249470029.0,2178184530109.0,500.458,2.006,0.23,181.281,211.329,81.553,20.833,5.462,1.451,491.721,1.971
Indonesia,IDN,2012,252698525.0,2309530044109.0,515.77,2.041,0.223,187.171,218.777,80.062,23.109,6.649,1.476,523.756,2.073
Indonesia,IDN,2013,255852464.0,2437876929100.0,493.435,1.929,0.202,164.219,234.082,64.754,24.481,5.899,1.399,509.517,1.991
Indonesia,IDN,2014,258877395.0,2559933272409.0,498.029,1.924,0.195,173.584,230.761,62.417,25.504,5.763,1.404,510.007,1.97
Indonesia,IDN,2015,261799249.0,2684763880628.0,551.16,2.105,0.205,197.815,228.361,94.252,25.271,5.461,1.557,545.43,2.083
Indonesia,IDN,2016,264627429.0,2819889903036.0,547.969,2.071,0.194,206.328,217.024,91.187,28.341,5.089,1.548,548.487,2.073
Indonesia,IDN,2017,267346654.0,2962852274581.0,570.928,2.136,0.193,221.093,231.028,84.339,30.082,4.387,1.587,567.488,2.123
Indonesia,IDN,2018,269951847.0,3116158974437.0,607.378,2.25,0.195,262.222,225.517,84.148,31.545,3.946,1.653,606.842,2.248
Indonesia,IDN,2019,272489381.0,3272568062078.0,665.049,2.441,0.203,315.401,226.218,87.91,31.737,3.784,1.793,664.21,2.438
Indonesia,IDN,2020,274814861.0,3204972631957.0,623.304,2.268,0.194,300.518,208.254,81.216,29.791,3.525,1.773,629.83,2.292
Indonesia,IDN,2021,276758056.0,3323654666991.0,632.946,2.287,0.19,303.154,211.766,83.759,31.118,3.149,1.717,627.494,2.267
Indonesia,IDN,2022,278830527.0,3500093638879.0,758.021,2.719,0.217,404.573,237.398,84.01,28.877,3.163,2.02,709.227,2.544
Indonesia,IDN,2023,281190068.0,,762.358,2.711,,399.051,237.222,91.636,30.868,3.58,2.001,728.167,2.59
Indonesia,IDN,2024,283487933.0,,812.22,2.865,,436.117,243.183,99.701,30.018,3.201,2.104,,
Iran,IRN,1990,58380098.0,318478243281.0,211.075,3.616,0.663,2.693,139.287,40.015,7.261,21.819,0.929,203.075,3.479
Iran,IRN,1991,59986931.0,376283104666.0,223.042,3.718,0.593,3.843,139.787,49.617,7.481,22.313,0.961,213.936,3.566
Iran,IRN,1992,61184982.0,424984709524.0,228.194,3.73,0.537,3.385,142.941,52.647,7.485,21.734,1.013,219.446,3.587
Iran,IRN,1993,61403548.0,419990120256.0,236.993,3.86,0.564,4.133,146.528,60.69,7.945,17.697,1.042,212.87,3.467
Iran,IRN,1994,61520598.0,419488447798.0,264.822,4.305,0.631,4.173,157.266,73.287,8.274,21.821,1.153,233.239,3.791
Iran,IRN,1995,62205571.0,437566117340.0,270.875,4.355,0.619,3.909,156.607,81.575,8.591,20.192,1.152,247.918,3.985
Iran,IRN,1996,62881298.0,483475486274.0,276.62,4.399,0.572,4.089,160.791,81.246,8.775,21.72,1.141,264.593,4.208
Iran,IRN,1997,63639637.0,512736336735.0,269.263,4.231,0.525,4.195,143.211,90.915,9.471,21.471,1.104,249.53,3.921
Iran,IRN,1998,64519866.0,541099749969.0,305.642,4.737,0.565,4.884,174.87,98.652,9.989,17.247,1.258,289.697,4.49
Iran,IRN,1999,65445389.0,563869043718.0,374.452,5.722,0.664,4.976,227.718,114.287,10.956,16.516,1.508,305.04,4.661
Iran,IRN,2000,66418661.0,595554549032.0,367.213,5.529,0.617,5.328,210.118,120.448,12.029,19.291,1.439,288.839,4.349
Iran,IRN,2001,67452005.0,636570203280.0,389.912,5.781,0.613,4.14,227.456,127.655,13.673,16.988,1.518,312.633,4.635
Iran,IRN,2002,68011318.0,698059655739.0,397.031,5.838,0.569,4.664,217.927,143.816,14.068,16.556,1.512,301.327,4.431
Iran,IRN,2003,68769343.0,779969698412.0,410.967,5.976,0.527,5.188,210.79,158.468,14.639,21.881,1.486,360.435,5.241
Iran,IRN,2004,70256316.0,849441950372.0,442.119,6.293,0.52,4.994,221.765,178.9,15.761,20.699,1.545,385.008,5.48
Iran,IRN,2005,71828455.0,908856025194.0,466.795,6.499,0.514,6.086,222.5,200.161,16.125,21.924,1.577,396.142,5.515
Iran,IRN,2006,73392747.0,995245162302.0,501.015,6.826,0.503,5.983,233.362,221.538,17.253,22.879,1.638,424.501,5.784
Iran,IRN,2007,74602648.0,1098784519617.0,507.771,6.806,0.462,6.577,225.176,236.52,19.4,20.097,1.612,483.619,6.483
Iran,IRN,2008,75514201.0,1132365762681.0,528.528,6.999,0.467,5.859,233.937,246.875,21.606,20.251,1.649,508.574,6.735
Iran,IRN,2009,76457831.0,1208128386676.0,543.406,7.107,0.45,4.397,232.909,261.064,24.561,20.475,1.724,515.369,6.741
Iran,IRN,2010,77420851.0,1310507059384.0,561.496,7.253,0.428,5.452,227.529,277.22,30.104,21.191,1.685,476.506,6.155
Iran,IRN,2011,78383602.0,1345049307937.0,576.366,7.353,0.429,5.529,223.696,293.265,32.915,20.961,1.672,482.92,6.161
Iran,IRN,2012,79370583.0,1324570752684.0,599.278,7.55,0.452,4.283,247.166,292.274,34.824,20.731,1.714,555.933,7.004
Iran,IRN,2013,80414689.0,1287095594893.0,609.997,7.586,0.474,4.269,253.336,294.934,36.718,20.74,1.729,485.961,6.043
Iran,IRN,2014,81502045.0,1352737013920.0,644.228,7.904,0.476,3.664,247.804,335.007,34.968,22.785,1.816,526.643,6.462
Iran,IRN,2015,82619365.0,1331012211481.0,641.959,7.77,0.482,4.349,227.053,356.769,31.23,22.557,1.813,587.36,7.109
Iran,IRN,2016,83812230.0,1413723685657.0,644.68,7.692,0.456,3.455,200.122,380.7,30.618,29.786,1.822,531.528,6.342
Iran,IRN,2017,85026761.0,1486668357750.0,696.407,8.19,0.468,4.716,229.061,399.502,29.908,33.22,1.936,567.828,6.678
Iran,IRN,2018,86117999.0,1483607175221.0,664.523,7.716,0.448,4.463,206.507,390.843,30.272,32.439,1.809,526.22,6.11
Iran,IRN,2019,87051649.0,1438754460224.0,727.269,8.354,0.505,5.785,230.904,429.312,35.303,25.963,1.961,614.706,7.061
Iran,IRN,2020,87723448.0,1446203709942.0,745.596,8.499,0.516,6.504,210.025,465.334,38.808,24.925,2.121,651.961,7.432
Iran,IRN,2021,88455490.0,1525523070071.0,779.525,8.813,0.511,7.28,229.484,472.847,37.419,32.496,2.114,662.629,7.491
Iran,IRN,2022,89524247.0,1572209055082.0,767.178,8.57,0.488,7.46,208.079,480.627,38.638,32.375,2.044,632.267,7.063
Iran,IRN,2023,90608708.0,,789.676,8.715,,6.263,211.025,495.046,38.95,38.392,2.073,668.58,7.379
Iran,IRN,2024,91567737.0,,792.631,8.656,,6.398,213.729,492.658,36.956,42.891,2.054,,
Iraq,IRQ,1990,17581208.0,71051759191.0,49.683,2.826,0.699,0.004,33.21,3.69,4.799,7.98,0.219,,
Iraq,IRQ,1991,17767257.0,26538332738.0,45.505,2.561,1.715,0.004,39.487,3.528,2.391,0.095,0.196,,
Iraq,IRQ,1992,18300849.0,36550621836.0,59.02,3.225,1.615,0.0,53.597,4.356,0.953,0.114,0.262,,
Iraq,IRQ,1993,19201195.0,39244447591.0,63.263,3.295,1.612,0.0,57.323,4.895,0.949,0.095,0.278,,
Iraq,IRQ,1994,20139818.0,39993906175.0,76.573,3.802,1.915,0.0,64.098,6.086,0.946,5.443,0.333,,
Iraq,IRQ,1995,20825859.0,39049963235.0,79.841,3.834,2.045,0.0,67.055,6.086,0.993,5.707,0.34,,
Iraq,IRQ,1996,21501321.0,47130675910.0,74.823,3.48,1.588,0.0,62.328,6.221,0.751,5.522,0.309,,
Iraq,IRQ,1997,22176604.0,48594367863.0,76.296,3.44,1.57,0.0,60.592,5.855,0.795,9.054,0.313,,
Iraq,IRQ,1998,22884402.0,59869187777.0,80.984,3.539,1.353,0.0,64.263,5.514,0.932,10.275,0.333,,
Iraq,IRQ,1999,23636530.0,69697267568.0,82.416,3.487,1.182,0.0,61.962,5.943,2.322,12.19,0.332,,
Iraq,IRQ,2000,24424060.0,83019213791.0,83.722,3.428,1.008,0.0,61.68,5.888,2.775,13.378,0.328,,
Iraq,IRQ,2001,25197842.0,97219510326.0,96.802,3.842,0.996,0.0,75.295,5.159,2.743,13.605,0.377,,
Iraq,IRQ,2002,26006558.0,112141846978.0,97.09,3.733,0.866,0.0,77.658,4.298,3.088,12.046,0.37,,
Iraq,IRQ,2003,26802660.0,94480598969.0,101.424,3.784,1.073,0.0,85.254,2.917,0.849,12.405,0.367,,
Iraq,IRQ,2004,27577876.0,155937247290.0,113.016,4.098,0.725,0.0,95.488,1.869,1.103,14.557,0.395,,
Iraq,IRQ,2005,28407450.0,170895694120.0,114.282,4.023,0.669,0.0,87.09,12.439,1.307,13.446,0.386,,
Iraq,IRQ,2006,28616518.0,190082841273.0,98.838,3.454,0.52,0.0,71.602,11.959,1.509,13.767,0.323,,
Iraq,IRQ,2007,28391606.0,200529416438.0,61.361,2.161,0.306,0.0,34.661,12.029,1.905,12.766,0.195,,
Iraq,IRQ,2008,28971042.0,231588128927.0,94.335,3.256,0.407,0.0,62.786,15.25,2.707,13.592,0.294,,
Iraq,IRQ,2009,30058207.0,259745648872.0,105.211,3.5,0.405,0.0,70.199,16.701,2.913,15.4,0.334,,
Iraq,IRQ,2010,31045367.0,297507194079.0,113.983,3.672,0.383,0.0,78.472,14.817,3.315,17.379,0.342,,
Iraq,IRQ,2011,32161425.0,344220720679.0,123.526,3.841,0.359,0.0,84.862,13.909,4.127,20.628,0.358,,
Iraq,IRQ,2012,33654843.0,392191319237.0,134.04,3.983,0.342,0.0,92.913,13.153,4.096,23.877,0.383,,
Iraq,IRQ,2013,35281987.0,422107689937.0,141.704,4.016,0.336,0.0,98.726,13.058,4.831,25.088,0.402,,
Iraq,IRQ,2014,36550058.0,425222855485.0,137.513,3.762,0.323,0.0,94.733,12.633,3.635,26.512,0.388,,
Iraq,IRQ,2015,37560535.0,436010743372.0,142.53,3.795,0.327,0.0,94.841,12.986,4.039,30.664,0.403,,
Iraq,IRQ,2016,38469628.0,502280002568.0,153.132,3.981,0.305,0.0,97.272,17.613,5.251,32.997,0.433,,
Iraq,IRQ,2017,39337358.0,485207548291.0,167.472,4.257,0.345,0.0,105.655,22.618,5.654,33.545,0.466,,
Iraq,IRQ,2018,40265629.0,508026800522.0,186.156,4.623,0.366,0.0,114.291,28.77,9.693,33.402,0.507,,
Iraq,IRQ,2019,41192172.0,537548265143.0,191.778,4.656,0.357,0.0,114.2,32.994,10.905,33.679,0.517,,
Iraq,IRQ,2020,42116602.0,453147782672.0,172.098,4.086,0.38,0.0,93.022,35.105,11.309,32.663,0.489,,
Iraq,IRQ,2021,43071208.0,487935979007.0,193.115,4.484,0.396,0.0,111.631,36.134,11.713,33.637,0.524,,
Iraq,IRQ,2022,44070556.0,527639326800.0,217.644,4.939,0.412,0.006,134.835,36.059,13.086,33.657,0.58,,
Iraq,IRQ,2023,45074055.0,,227.91,5.056,,0.006,143.799,37.762,13.086,33.256,0.598,,
Iraq,IRQ,2024,46042015.0,,233.635,5.074,,0.006,147.533,38.828,13.086,34.182,0.605,,
Ireland,IRL,1990,3514015.0,66087470680.0,32.945,9.375,0.499,14.659,12.305,4.414,0.884,0.0,0.145,37.663,10.718
Ireland,IRL,1991,3534258.0,67931954747.0,33.675,9.528,0.496,14.367,13.358,4.547,0.782,0.0,0.145,38.235,10.818
Ireland,IRL,1992,3558417.0,71260987727.0,33.496,9.413,0.47,13.765,13.929,4.517,0.753,0.0,0.149,38.053,10.694
Ireland,IRL,1993,3576118.0,73767381672.0,33.717,9.428,0.457,13.196,13.895,5.221,0.729,0.0,0.148,37.321,10.436
Ireland,IRL,1994,3590162.0,78958775461.0,34.839,9.704,0.441,12.557,15.681,5.152,0.859,0.0,0.152,38.351,10.682
Ireland,IRL,1995,3610695.0,87444502170.0,35.853,9.93,0.41,12.668,15.981,5.527,0.879,0.0,0.152,39.079,10.823
Ireland,IRL,1996,3638507.0,96380321753.0,37.469,10.298,0.389,13.074,16.437,6.178,0.983,0.0,0.155,40.518,11.136
Ireland,IRL,1997,3672287.0,108003078862.0,38.805,10.567,0.359,12.21,18.112,6.592,1.145,0.0,0.159,44.17,12.028
Ireland,IRL,1998,3711075.0,118588811316.0,40.708,10.969,0.343,11.893,20.436,6.721,1.059,0.0,0.168,48.886,13.173
Ireland,IRL,1999,3752938.0,132916954385.0,42.44,11.309,0.319,10.289,23.114,7.19,1.166,0.038,0.171,59.143,15.759
Ireland,IRL,2000,3802589.0,147722370991.0,45.25,11.9,0.306,11.107,23.581,8.209,1.701,0.0,0.177,54.079,14.222
Ireland,IRL,2001,3862981.0,158384851025.0,47.608,12.324,0.301,11.659,24.759,8.601,1.851,0.056,0.185,56.05,14.51
Ireland,IRL,2002,3928441.0,169226186783.0,46.081,11.73,0.272,11.315,23.688,8.633,1.86,0.0,0.175,56.568,14.4
Ireland,IRL,2003,3992935.0,177468844871.0,45.684,11.441,0.257,10.843,23.119,8.84,2.127,0.0,0.165,64.803,16.229
Ireland,IRL,2004,4066066.0,191402766075.0,46.167,11.354,0.241,10.207,24.312,8.756,2.295,0.0,0.161,64.106,15.766
Ireland,IRL,2005,4155283.0,204898243531.0,48.153,11.588,0.235,11.16,25.645,8.4,2.357,0.0,0.163,69.553,16.739
Ireland,IRL,2006,4268775.0,219162994472.0,47.597,11.15,0.217,10.021,25.228,9.429,2.348,0.0,0.156,70.644,16.549
Ireland,IRL,2007,4393518.0,230371638354.0,47.658,10.847,0.207,9.671,24.739,10.208,2.374,0.0,0.151,70.415,16.027
Ireland,IRL,2008,4485992.0,223067117042.0,47.361,10.558,0.212,9.644,24.314,10.771,2.107,0.0,0.148,63.994,14.265
Ireland,IRL,2009,4533750.0,215181048184.0,42.177,9.303,0.196,8.605,21.329,10.382,1.327,0.0,0.134,49.956,11.019
Ireland,IRL,2010,4559084.0,221852442105.0,41.791,9.167,0.188,8.427,20.211,11.365,1.105,0.0,0.125,47.321,10.379
Ireland,IRL,2011,4579603.0,224397469453.0,38.054,8.31,0.17,8.311,18.322,9.85,0.966,0.0,0.11,45.224,9.875
Ireland,IRL,2012,4600135.0,217871560184.0,38.224,8.309,0.175,9.622,17.41,9.523,1.177,0.0,0.109,45.261,9.839
Ireland,IRL,2013,4624686.0,222738952818.0,37.279,8.061,0.167,8.739,17.611,9.067,1.112,0.0,0.106,44.009,9.516
Ireland,IRL,2014,4658236.0,236178350686.0,36.85,7.911,0.156,8.647,17.324,8.796,1.461,0.0,0.104,44.721,9.6
Ireland,IRL,2015,4702497.0,249955928768.0,38.715,8.233,0.155,9.351,18.202,8.888,1.652,0.0,0.109,43.8,9.314
Ireland,IRL,2016,4753506.0,255118282428.0,40.369,8.492,0.158,9.205,18.822,9.913,1.794,0.001,0.114,44.883,9.442
Ireland,IRL,2017,4810258.0,266528546717.0,39.04,8.116,0.146,7.87,18.614,10.152,1.84,0.005,0.109,45.657,9.492
Ireland,IRL,2018,4872559.0,282500483309.0,38.922,7.988,0.138,6.354,19.388,10.6,1.916,0.0,0.106,46.324,9.507
Ireland,IRL,2019,4933493.0,294503693886.0,37.2,7.54,0.126,4.543,19.382,10.841,1.893,0.0,0.1,46.228,9.37
Ireland,IRL,2020,4982602.0,274762344680.0,35.053,7.035,0.128,3.757,18.003,10.954,1.77,0.0,0.1,39.791,7.986
Ireland,IRL,2021,5028428.0,287639621097.0,37.474,7.452,0.13,4.929,19.215,10.44,2.103,0.0,0.102,42.001,8.353
Ireland,IRL,2022,5110015.0,308390920561.0,36.676,7.177,0.119,4.036,19.15,10.76,1.957,0.0,0.098,42.913,8.398
Ireland,IRL,2023,5196629.0,,33.568,6.46,,2.685,18.458,9.996,1.835,0.0,0.088,40.834,7.858
Ireland,IRL,2024,5255016.0,,33.311,6.339,,1.947,18.655,10.28,1.835,0.0,0.086,,
Israel,ISR,1990,4544995.0,93268265028.0,35.824,7.882,0.384,9.95,24.821,0.066,0.987,0.0,0.158,54.53,11.998
Israel,ISR,1991,4779892.0,97235343963.0,36.148,7.563,0.372,10.861,24.046,0.048,1.194,0.0,0.156,54.702,11.444
Israel,ISR,1992,4957240.0,103860017405.0,42.082,8.489,0.405,13.37,27.363,0.048,1.302,0.0,0.187,63.005,12.71
Israel,ISR,1993,5086041.0,107424032339.0,44.235,8.697,0.412,15.112,27.618,0.048,1.457,0.0,0.194,62.695,12.327
Israel,ISR,1994,5216697.0,114572102371.0,47.475,9.101,0.414,16.017,29.908,0.044,1.506,0.0,0.207,65.791,12.612
Israel,ISR,1995,5354734.0,125219738356.0,49.866,9.312,0.398,17.551,30.371,0.044,1.9,0.0,0.212,70.051,13.082
Israel,ISR,1996,5499555.0,131748252991.0,51.936,9.444,0.394,20.907,29.327,0.029,1.673,0.0,0.214,69.715,12.677
Israel,ISR,1997,5646476.0,136529502967.0,54.866,9.717,0.402,23.047,30.07,0.029,1.719,0.0,0.225,72.066,12.763
Israel,ISR,1998,5790143.0,141524295423.0,56.01,9.673,0.396,24.791,29.008,0.022,2.189,0.0,0.231,74.391,12.848
Israel,ISR,1999,5946079.0,146070391087.0,54.756,9.209,0.375,24.208,28.257,0.018,2.273,0.0,0.22,67.64,11.376
Israel,ISR,2000,6111194.0,158656383479.0,59.519,9.739,0.375,28.202,29.147,0.018,2.152,0.0,0.233,72.002,11.782
Israel,ISR,2001,6259977.0,158567053954.0,63.024,10.068,0.397,30.583,30.602,0.018,1.82,0.0,0.245,71.873,11.481
Israel,ISR,2002,6387714.0,158018046039.0,59.305,9.284,0.375,29.259,28.211,0.015,1.821,0.0,0.226,69.937,10.949
Israel,ISR,2003,6502821.0,159162904545.0,62.415,9.598,0.392,29.726,30.789,0.015,1.885,0.0,0.226,77.082,11.854
Israel,ISR,2004,6615084.0,166466423998.0,58.679,8.871,0.352,30.043,24.511,2.18,1.946,0.0,0.205,74.801,11.308
Israel,ISR,2005,6728212.0,172697410123.0,56.528,8.402,0.327,27.824,23.541,3.004,2.158,0.0,0.191,72.662,10.8
Israel,ISR,2006,6844029.0,181910800706.0,62.149,9.081,0.342,29.922,25.708,4.254,2.265,0.0,0.203,80.781,11.803
Israel,ISR,2007,6962456.0,192596811708.0,62.8,9.02,0.326,30.307,25.133,5.09,2.271,0.0,0.199,82.222,11.809
Israel,ISR,2008,7082621.0,197785749719.0,67.98,9.598,0.344,29.587,29.206,7.017,2.171,0.0,0.212,90.319,12.752
Israel,ISR,2009,7206096.0,199771084186.0,63.861,8.862,0.32,27.088,27.136,7.823,1.815,0.0,0.203,78.573,10.904
Israel,ISR,2010,7336735.0,210327630432.0,68.287,9.308,0.325,28.07,28.114,10.08,2.023,0.0,0.205,85.926,11.712
Israel,ISR,2011,7471023.0,220210380263.0,68.595,9.181,0.311,29.001,28.0,9.343,2.251,0.0,0.199,88.864,11.894
Israel,ISR,2012,7607781.0,225909436249.0,74.781,9.83,0.331,32.571,35.143,4.814,2.252,0.0,0.214,94.558,12.429
Israel,ISR,2013,7749369.0,235885601546.0,63.095,8.142,0.267,26.716,22.916,11.293,2.17,0.0,0.179,84.557,10.911
Israel,ISR,2014,7897173.0,245129958334.0,60.279,7.633,0.246,25.304,20.211,12.472,2.292,0.0,0.17,86.451,10.947
Israel,ISR,2015,8052916.0,251223879854.0,62.936,7.815,0.251,25.087,21.83,13.784,2.233,0.001,0.178,85.033,10.559
Israel,ISR,2016,8210006.0,262584215516.0,61.164,7.45,0.233,20.836,22.657,15.688,1.983,0.0,0.173,87.819,10.697
Israel,ISR,2017,8361796.0,273812314306.0,58.849,7.038,0.215,18.833,21.339,16.69,1.982,0.005,0.164,84.488,10.104
Israel,ISR,2018,8510067.0,284956472967.0,59.986,7.049,0.211,18.129,22.409,17.671,1.775,0.0,0.163,90.581,10.644
Israel,ISR,2019,8657466.0,296799271432.0,58.95,6.809,0.199,18.011,21.514,17.619,1.806,0.0,0.159,88.423,10.213
Israel,ISR,2020,8800380.0,291287719910.0,59.285,6.737,0.204,17.096,18.298,22.171,1.72,0.0,0.169,84.528,9.605
Israel,ISR,2021,8942925.0,316373426613.0,58.95,6.592,0.186,14.334,19.856,23.088,1.67,0.001,0.16,90.444,10.113
Israel,ISR,2022,9103143.0,336722563455.0,62.267,6.84,0.185,14.535,22.006,23.893,1.816,0.018,0.166,94.736,10.407
Israel,ISR,2023,9256311.0,,55.382,5.983,,11.508,21.324,20.667,1.838,0.044,0.145,88.32,9.542
Israel,ISR,2024,9387015.0,,52.637,5.607,,10.063,20.254,20.423,1.838,0.059,0.136,,
Italy,ITA,1990,57031457.0,1475485283347.0,438.208,7.684,0.297,69.58,254.311,88.992,15.846,4.048,1.928,559.235,9.806
Italy,ITA,1991,57075394.0,1509175668697.0,437.742,7.67,0.29,65.966,251.763,94.755,15.692,3.98,1.886,558.635,9.788
Italy,ITA,1992,57124993.0,1531924051790.0,437.937,7.666,0.286,58.065,259.383,94.458,16.427,3.956,1.945,618.21,10.822
Italy,ITA,1993,57170762.0,1529550155063.0,430.268,7.526,0.281,52.079,257.502,96.872,14.065,4.18,1.891,558.418,9.768
Italy,ITA,1994,57420136.0,1573414707872.0,424.507,7.393,0.27,54.772,253.722,92.794,13.791,4.07,1.848,540.591,9.415
Italy,ITA,1995,57403342.0,1630199200435.0,448.596,7.815,0.275,58.417,262.51,102.913,15.31,4.002,1.908,559.674,9.75
Italy,ITA,1996,57162098.0,1662793011167.0,442.843,7.747,0.266,53.524,260.195,106.19,13.988,3.85,1.827,531.371,9.296
Italy,ITA,1997,57189272.0,1705188033729.0,448.571,7.844,0.263,54.146,261.104,109.923,14.233,4.013,1.84,529.736,9.263
Italy,ITA,1998,57215190.0,1744897501196.0,460.824,8.054,0.264,54.867,263.89,118.555,14.538,3.887,1.897,550.959,9.63
Italy,ITA,1999,57240796.0,1784529161518.0,465.508,8.132,0.261,53.94,259.063,129.051,15.277,3.109,1.874,559.431,9.773
Italy,ITA,2000,57272200.0,1863751547560.0,469.598,8.199,0.252,56.032,254.488,134.813,15.862,3.262,1.841,576.934,10.074
Italy,ITA,2001,57305760.0,1910272015654.0,469.679,8.196,0.246,59.024,250.667,135.107,16.394,3.071,1.828,562.743,9.82
Italy,ITA,2002,57420636.0,1929301903714.0,477.136,8.309,0.247,60.016,256.631,135.865,16.289,2.843,1.817,580.578,10.111
Italy,ITA,2003,57739697.0,1947667703883.0,495.094,8.575,0.254,65.126,254.877,149.024,16.938,3.384,1.79,591.598,10.246
Italy,ITA,2004,58176736.0,1994293720592.0,500.687,8.606,0.251,72.217,247.736,154.662,17.408,2.646,1.75,606.671,10.428
Italy,ITA,2005,58519696.0,2029243417217.0,501.365,8.567,0.247,71.265,238.292,165.66,17.403,2.557,1.694,605.542,10.348
Italy,ITA,2006,58754434.0,2086553648584.0,496.075,8.443,0.238,70.787,236.455,162.585,17.474,2.591,1.621,623.838,10.618
Italy,ITA,2007,59108723.0,2134371774096.0,489.794,8.286,0.229,70.675,229.031,163.512,17.914,2.526,1.555,614.805,10.401
Italy,ITA,2008,59561687.0,2129113318512.0,478.132,8.028,0.225,68.139,218.498,167.142,16.127,2.596,1.492,601.006,10.09
Italy,ITA,2009,59904016.0,2029023036275.0,424.032,7.079,0.209,52.388,197.832,154.034,13.341,2.232,1.346,578.16,9.651
Italy,ITA,2010,60164212.0,2080545936781.0,435.672,7.241,0.209,58.218,193.166,164.347,13.276,2.377,1.308,624.455,10.379
Italy,ITA,2011,60367882.0,2110883320816.0,423.897,7.022,0.201,65.439,185.899,153.0,12.583,2.615,1.229,571.34,9.464
Italy,ITA,2012,60531522.0,2047959835066.0,403.444,6.665,0.197,66.959,172.224,147.714,10.071,2.528,1.154,536.078,8.856
Italy,ITA,2013,60653864.0,2010255414011.0,369.461,6.091,0.184,57.782,158.74,137.701,8.877,2.702,1.047,488.684,8.057
Italy,ITA,2014,60664169.0,2010164047423.0,349.389,5.759,0.174,55.837,157.626,121.589,8.339,2.501,0.985,469.051,7.732
Italy,ITA,2015,60575314.0,2025809415322.0,361.244,5.964,0.178,53.063,161.426,132.757,8.196,2.574,1.02,460.771,7.607
Italy,ITA,2016,60478103.0,2052012434345.0,358.133,5.922,0.175,48.302,156.02,140.795,7.68,2.189,1.012,463.937,7.671
Italy,ITA,2017,60390317.0,2086237040647.0,352.666,5.84,0.169,41.798,148.755,148.761,7.711,2.351,0.98,459.737,7.613
Italy,ITA,2018,60277496.0,2105551772855.0,349.048,5.791,0.166,39.213,152.744,143.675,7.757,2.295,0.95,466.81,7.744
Italy,ITA,2019,60130136.0,2115725732767.0,339.638,5.648,0.161,30.48,148.491,146.775,7.912,2.756,0.916,450.51,7.492
Italy,ITA,2020,59912763.0,1925751927111.0,302.6,5.051,0.157,22.119,127.568,140.818,7.059,2.112,0.861,402.237,6.714
Italy,ITA,2021,59729353.0,2060299944789.0,335.93,5.624,0.163,24.57,145.904,152.325,7.919,1.816,0.911,451.809,7.564
Italy,ITA,2022,59619106.0,2136009300257.0,340.115,5.705,0.159,31.341,159.145,137.55,7.093,1.799,0.906,461.801,7.746
Italy,ITA,2023,59499452.0,,312.291,5.249,,21.669,154.654,124.461,6.746,1.741,0.82,429.008,7.21
Italy,ITA,2024,59342870.0,,301.93,5.088,,11.294,154.362,124.767,6.746,1.741,0.782,,
Jamaica,JAM,1990,2379880.0,14169709989.0,7.527,3.163,0.531,0.139,7.167,,0.221,,0.033,9.132,3.837
Jamaica,JAM,1991,2400873.0,14561139268.0,7.751,3.228,0.532,0.136,7.423,,0.192,,0.033,8.712,3.629
Jamaica,JAM,1992,2424698.0,15185307675.0,7.709,3.179,0.508,0.176,7.295,,0.238,,0.034,8.261,3.407
Jamaica,JAM,1993,2449913.0,15692820704.0,8.001,3.266,0.51,0.147,7.628,,0.226,,0.035,9.031,3.686
Jamaica,JAM,1994,2475225.0,16160332925.0,8.189,3.308,0.507,0.139,7.826,,0.223,0.0,0.036,8.878,3.587
Jamaica,JAM,1995,2500152.0,16727506200.0,9.173,3.669,0.548,0.147,8.764,,0.263,0.0,0.039,9.934,3.973
Jamaica,JAM,1996,2524470.0,16930975718.0,9.688,3.837,0.572,0.169,9.248,,0.271,0.0,0.04,6.677,2.645
Jamaica,JAM,1997,2547853.0,16827001355.0,10.068,3.952,0.598,0.179,9.651,,0.238,0.0,0.041,7.225,2.836
Jamaica,JAM,1998,2569740.0,16799001649.0,9.694,3.772,0.577,0.187,9.244,,0.263,0.0,0.04,7.11,2.767
Jamaica,JAM,1999,2589796.0,17139281457.0,9.958,3.845,0.581,0.191,9.526,,0.241,0.0,0.04,6.274,2.423
Jamaica,JAM,2000,2607827.0,17441468822.0,10.314,3.955,0.591,0.191,9.849,,0.275,0.0,0.04,6.559,2.515
Jamaica,JAM,2001,2624410.0,17823908809.0,10.576,4.03,0.593,0.139,10.171,,0.266,0.0,0.041,7.149,2.724
Jamaica,JAM,2002,2640582.0,18032751164.0,10.203,3.864,0.566,0.234,9.691,,0.277,0.0,0.039,7.133,2.701
Jamaica,JAM,2003,2656629.0,18718066744.0,10.667,4.015,0.57,0.227,10.127,,0.313,0.0,0.039,7.59,2.857
Jamaica,JAM,2004,2672227.0,18987080266.0,10.574,3.957,0.557,0.176,10.083,,0.315,0.0,0.037,7.122,2.665
Jamaica,JAM,2005,2687070.0,19174940176.0,10.413,3.875,0.543,0.154,9.977,,0.282,0.0,0.035,7.266,2.704
Jamaica,JAM,2006,2700973.0,19747242374.0,11.574,4.285,0.586,0.073,11.186,,0.314,0.0,0.038,7.794,2.886
Jamaica,JAM,2007,2713808.0,20046356418.0,10.749,3.961,0.536,0.095,10.384,,0.27,0.0,0.034,7.582,2.794
Jamaica,JAM,2008,2725633.0,19893168382.0,10.776,3.954,0.542,0.128,10.347,,0.301,0.0,0.034,7.235,2.654
Jamaica,JAM,2009,2737001.0,19223460566.0,7.937,2.9,0.413,0.136,7.416,,0.386,0.0,0.025,5.977,2.184
Jamaica,JAM,2010,2748573.0,18949004011.0,7.677,2.793,0.405,0.114,7.236,,0.327,0.0,0.023,5.968,2.171
Jamaica,JAM,2011,2760493.0,19220287418.0,8.226,2.98,0.428,0.187,7.713,,0.327,0.0,0.024,6.254,2.266
Jamaica,JAM,2012,2772432.0,19123987392.0,7.887,2.845,0.412,0.172,7.376,,0.339,0.0,0.023,5.97,2.153
Jamaica,JAM,2013,2783689.0,19166827044.0,8.467,3.042,0.442,0.209,7.896,,0.362,0.0,0.024,6.204,2.229
Jamaica,JAM,2014,2793756.0,19277035737.0,7.675,2.747,0.398,0.245,7.017,,0.413,0.0,0.022,6.019,2.154
Jamaica,JAM,2015,2802536.0,19444553127.0,7.966,2.843,0.41,0.238,7.31,,0.418,0.0,0.023,6.237,2.226
Jamaica,JAM,2016,2809919.0,19735837824.0,8.134,2.895,0.412,0.227,7.493,0.018,0.396,0.0,0.023,7.164,2.549
Jamaica,JAM,2017,2815765.0,19869841700.0,7.768,2.759,0.391,0.191,7.017,0.202,0.36,0.0,0.022,6.59,2.34
Jamaica,JAM,2018,2820103.0,20232863013.0,8.061,2.858,0.398,0.202,7.353,0.187,0.319,0.0,0.022,8.289,2.939
Jamaica,JAM,2019,2823275.0,20429119874.0,9.439,3.343,0.462,0.275,8.266,0.564,0.334,0.0,0.025,9.113,3.228
Jamaica,JAM,2020,2830745.0,18402554628.0,6.866,2.425,0.373,0.275,4.827,1.384,0.38,0.0,0.02,7.902,2.792
Jamaica,JAM,2021,2837680.0,19249256856.0,7.313,2.577,0.38,0.275,5.207,1.429,0.402,0.0,0.02,8.211,2.894
Jamaica,JAM,2022,2839150.0,20019224153.0,7.908,2.785,0.395,0.22,6.128,1.166,0.393,0.0,0.021,8.439,2.972
Jamaica,JAM,2023,2839785.0,,8.069,2.841,,0.227,6.116,1.331,0.395,0.0,0.021,8.334,2.935
Jamaica,JAM,2024,2839182.0,,8.402,2.959,,0.236,6.351,1.458,0.358,0.0,0.022,,
Japan,JPN,1990,123399767.0,3699821545804.0,1154.853,9.359,0.312,311.242,668.244,118.288,38.701,0.203,5.08,1362.451,11.041
Japan,JPN,1991,123889870.0,3824677506935.0,1166.552,9.416,0.305,311.216,670.611,126.442,40.347,0.219,5.027,1383.195,11.165
Japan,JPN,1992,124383707.0,3856515730401.0,1175.454,9.45,0.305,305.863,683.298,127.887,41.666,0.21,5.22,1500.041,12.06
Japan,JPN,1993,124839955.0,3860865231367.0,1169.328,9.367,0.303,311.471,669.613,130.679,41.224,0.216,5.14,1458.922,11.686
Japan,JPN,1994,125286861.0,3893220587047.0,1223.158,9.763,0.314,319.196,708.422,137.127,42.297,0.237,5.324,1526.851,12.187
Japan,JPN,1995,125672659.0,3997430939864.0,1235.873,9.834,0.309,328.968,706.1,142.071,42.142,0.526,5.255,1559.953,12.413
Japan,JPN,1996,125975304.0,4118875121023.0,1248.69,9.912,0.303,337.797,703.974,147.814,42.56,0.576,5.153,1546.862,12.279
Japan,JPN,1997,126265926.0,4160709430865.0,1240.98,9.828,0.298,343.384,688.639,152.482,39.926,0.588,5.09,1516.779,12.013
Japan,JPN,1998,126549182.0,4111245191910.0,1201.334,9.493,0.292,321.286,673.057,155.8,35.363,0.509,4.945,1425.914,11.268
Japan,JPN,1999,126801566.0,4098283065888.0,1238.121,9.764,0.302,339.156,682.654,165.305,35.01,0.552,4.985,1499.781,11.828
Japan,JPN,2000,127027794.0,4209651870326.0,1260.203,9.921,0.299,365.732,672.759,170.07,35.086,0.527,4.94,1582.84,12.461
Japan,JPN,2001,127260144.0,4224163277272.0,1245.935,9.79,0.295,374.745,651.363,169.164,34.374,0.564,4.849,1542.627,12.122
Japan,JPN,2002,127484599.0,4226576076119.0,1275.42,10.005,0.302,392.048,662.164,173.01,32.417,0.545,4.856,1531.391,12.012
Japan,JPN,2003,127671254.0,4288493482445.0,1283.845,10.056,0.299,405.725,652.177,178.304,31.935,0.526,4.643,1503.73,11.778
Japan,JPN,2004,127815769.0,4380398118363.0,1279.122,10.008,0.292,413.614,640.898,177.22,31.276,0.499,4.471,1506.695,11.788
Japan,JPN,2005,127913331.0,4450600710060.0,1286.412,10.057,0.289,424.188,637.796,175.651,32.28,0.532,4.346,1512.359,11.823
Japan,JPN,2006,127997247.0,4514225078439.0,1263.44,9.871,0.28,421.175,601.046,192.295,31.991,0.58,4.13,1484.567,11.598
Japan,JPN,2007,128087683.0,4590814009043.0,1298.974,10.141,0.283,438.589,603.408,208.764,30.658,0.644,4.124,1486.486,11.605
Japan,JPN,2008,128155992.0,4542408020234.0,1228.687,9.587,0.27,420.311,559.258,204.133,28.553,0.593,3.834,1466.518,11.443
Japan,JPN,2009,128192471.0,4298103109270.0,1160.253,9.051,0.27,406.014,512.779,201.885,25.308,0.527,3.682,1375.063,10.727
Japan,JPN,2010,128185273.0,4480295644398.0,1211.09,9.448,0.27,440.141,517.853,212.989,24.321,0.5,3.635,1421.625,11.09
Japan,JPN,2011,128096430.0,4468738319171.0,1261.181,9.846,0.282,424.824,548.593,247.537,24.983,0.503,3.658,1500.81,11.716
Japan,JPN,2012,127928283.0,4530172048567.0,1302.113,10.178,0.287,444.259,560.109,256.681,25.625,0.515,3.725,1541.195,12.047
Japan,JPN,2013,127723642.0,4621006950566.0,1311.876,10.271,0.284,475.299,537.861,256.133,26.805,0.462,3.719,1487.079,11.643
Japan,JPN,2014,127486601.0,4634693421103.0,1260.272,9.886,0.272,466.617,493.206,258.215,26.557,0.47,3.553,1404.072,11.013
Japan,JPN,2015,127275868.0,4707025000790.0,1219.982,9.585,0.259,460.158,472.952,246.091,25.936,0.446,3.446,1320.932,10.378
Japan,JPN,2016,127159950.0,4742508721138.0,1199.933,9.436,0.253,451.654,456.462,251.202,25.969,0.479,3.39,1322.811,10.403
Japan,JPN,2017,127064686.0,4821960242931.0,1184.392,9.321,0.246,453.724,444.288,245.323,26.429,0.459,3.292,1289.106,10.145
Japan,JPN,2018,126913432.0,4852985093686.0,1138.55,8.971,0.235,436.723,427.785,233.524,26.183,0.447,3.099,1274.277,10.041
Japan,JPN,2019,126699421.0,4833467877373.0,1102.063,8.698,0.228,427.648,411.853,223.805,25.328,0.404,2.972,1245.681,9.832
Japan,JPN,2020,126304533.0,4626661481209.0,1037.285,8.213,0.224,395.042,383.172,222.213,24.49,0.408,2.95,1183.779,9.372
Japan,JPN,2021,125679342.0,4725883595048.0,1058.502,8.422,0.224,421.464,387.738,211.747,24.396,0.374,2.871,1219.826,9.706
Japan,JPN,2022,124997585.0,4774494846664.0,1029.645,8.237,0.216,403.623,388.925,202.025,22.479,0.349,2.744,1201.469,9.612
Japan,JPN,2023,124370947.0,,986.91,7.935,,386.839,370.823,196.44,20.756,0.336,2.591,1142.299,9.185
Japan,JPN,2024,123753041.0,,961.867,7.772,,380.972,353.593,195.299,20.304,0.336,2.492,,
Jordan,JOR,1990,3621915.0,19715854104.0,10.59,2.924,0.537,,9.486,0.231,0.873,,0.047,18.178,5.019
Jordan,JOR,1991,3915152.0,21426578689.0,9.991,2.552,0.466,,9.116,0.224,0.652,,0.043,15.534,3.968
Jordan,JOR,1992,4127699.0,24977190661.0,12.189,2.953,0.488,,10.45,0.245,1.493,,0.054,18.177,4.404
Jordan,JOR,1993,4348018.0,25755431445.0,12.008,2.762,0.466,,10.051,0.289,1.668,,0.053,17.602,4.048
Jordan,JOR,1994,4561409.0,26713865287.0,13.521,2.964,0.506,,11.15,0.48,1.892,0.0,0.059,19.315,4.234
Jordan,JOR,1995,4752097.0,28214801077.0,13.451,2.831,0.477,,11.366,0.432,1.653,0.0,0.057,19.961,4.201
Jordan,JOR,1996,4912518.0,29005289260.0,14.074,2.865,0.485,,12.007,0.418,1.649,0.0,0.058,15.645,3.185
Jordan,JOR,1997,5046287.0,30403319446.0,14.308,2.835,0.471,,12.326,0.462,1.521,0.0,0.059,19.248,3.814
Jordan,JOR,1998,5164290.0,31929861575.0,14.447,2.798,0.452,,12.743,0.469,1.235,0.0,0.059,17.961,3.478
Jordan,JOR,1999,5276450.0,33702407072.0,14.467,2.742,0.429,,12.754,0.465,1.248,0.0,0.058,15.242,2.889
Jordan,JOR,2000,5386945.0,35825242090.0,15.401,2.859,0.43,,13.736,0.443,1.221,0.0,0.06,17.419,3.234
Jordan,JOR,2001,5498900.0,38405924481.0,15.858,2.884,0.413,,13.935,0.473,1.451,0.0,0.062,19.695,3.582
Jordan,JOR,2002,5616077.0,41327374100.0,16.707,2.975,0.404,,14.671,0.429,1.608,0.0,0.064,21.457,3.821
Jordan,JOR,2003,5741837.0,43669159351.0,17.273,3.008,0.396,,15.217,0.487,1.569,0.0,0.062,21.824,3.801
Jordan,JOR,2004,5882066.0,47936969925.0,19.003,3.231,0.396,,14.542,2.737,1.724,0.0,0.066,23.307,3.962
Jordan,JOR,2005,6029597.0,52217618202.0,20.79,3.448,0.398,,15.861,3.166,1.763,0.0,0.07,25.509,4.231
Jordan,JOR,2006,6427377.0,59977821392.0,20.829,3.241,0.347,,14.534,4.584,1.711,0.0,0.068,25.562,3.977
Jordan,JOR,2007,6827235.0,68285595085.0,21.7,3.178,0.318,,14.392,5.507,1.801,0.0,0.069,26.983,3.952
Jordan,JOR,2008,6989874.0,72788636146.0,20.987,3.003,0.288,0.0,12.916,6.236,1.836,0.0,0.065,29.828,4.267
Jordan,JOR,2009,7141763.0,76172493182.0,21.545,3.017,0.283,0.0,12.872,7.061,1.613,0.0,0.068,31.505,4.411
Jordan,JOR,2010,7297046.0,77493873619.0,20.838,2.856,0.269,0.0,13.973,5.237,1.628,0.0,0.063,28.819,3.949
Jordan,JOR,2011,7480431.0,79441955134.0,21.409,2.862,0.269,0.0,18.25,1.997,1.162,0.0,0.062,31.895,4.264
Jordan,JOR,2012,7587133.0,81371594307.0,24.069,3.172,0.296,0.0,20.896,1.51,1.663,0.001,0.069,35.404,4.666
Jordan,JOR,2013,7991812.0,83495396478.0,24.061,3.011,0.288,0.835,19.661,1.869,1.691,0.005,0.068,37.514,4.694
Jordan,JOR,2014,8791715.0,86320876820.0,26.165,2.976,0.303,1.337,22.427,0.619,1.777,0.004,0.074,37.768,4.296
Jordan,JOR,2015,9544730.0,88475445240.0,25.799,2.703,0.292,0.66,19.317,4.005,1.818,0.001,0.073,37.431,3.922
Jordan,JOR,2016,10006369.0,90239641982.0,24.949,2.493,0.276,0.905,15.235,6.98,1.83,0.0,0.07,38.067,3.804
Jordan,JOR,2017,10234227.0,92472176531.0,26.08,2.548,0.282,0.74,15.418,8.031,1.89,0.0,0.072,34.209,3.343
Jordan,JOR,2018,10462310.0,94246709824.0,25.419,2.43,0.27,0.777,14.781,7.867,1.995,0.0,0.069,33.913,3.241
Jordan,JOR,2019,10671893.0,96062846478.0,24.57,2.302,0.256,0.791,14.517,7.859,1.401,0.001,0.066,32.663,3.061
Jordan,JOR,2020,10865232.0,94554674762.0,20.622,1.898,0.218,0.619,11.301,7.36,1.341,0.0,0.059,28.94,2.664
Jordan,JOR,2021,11066356.0,96661338596.0,21.19,1.915,0.219,0.641,11.908,7.137,1.502,0.001,0.057,30.642,2.769
Jordan,JOR,2022,11256269.0,99281825499.0,22.428,1.992,0.226,0.856,12.378,7.461,1.733,0.0,0.06,31.902,2.834
Jordan,JOR,2023,11439220.0,,23.119,2.021,,1.439,12.518,7.389,1.733,0.04,0.061,31.817,2.781
Jordan,JOR,2024,11552885.0,,23.219,2.01,,1.7,12.583,7.201,1.733,0.002,0.06,,
Kazakhstan,KAZ,1990,17154060.0,194940979656.0,267.405,15.588,1.372,173.707,56.761,27.439,1.015,6.596,1.176,247.822,14.447
Kazakhstan,KAZ,1991,17278604.0,174429524072.0,260.421,15.072,1.493,171.461,53.557,26.347,0.804,6.531,1.122,184.633,10.686
Kazakhstan,KAZ,1992,17332624.0,166043944401.0,233.523,13.473,1.406,160.477,39.384,25.184,0.699,6.232,1.037,82.293,4.748
Kazakhstan,KAZ,1993,17274487.0,151572718863.0,207.559,12.015,1.369,143.687,33.155,23.493,0.353,5.547,0.912,131.428,7.608
Kazakhstan,KAZ,1994,17043775.0,133221794942.0,174.671,10.248,1.311,118.564,27.665,22.192,0.169,5.055,0.76,117.442,6.891
Kazakhstan,KAZ,1995,16730541.0,122950929776.0,168.468,10.069,1.37,116.131,28.627,17.668,0.098,4.814,0.716,107.773,6.442
Kazakhstan,KAZ,1996,16416036.0,124225924285.0,154.716,9.425,1.245,104.793,27.938,15.739,0.016,5.161,0.638,116.051,7.069
Kazakhstan,KAZ,1997,16043250.0,127005576762.0,147.293,9.181,1.16,96.058,29.702,14.864,0.047,5.551,0.604,109.445,6.822
Kazakhstan,KAZ,1998,15647789.0,125251820898.0,145.622,9.306,1.163,93.213,29.745,14.387,0.01,6.648,0.599,118.068,7.545
Kazakhstan,KAZ,1999,15455877.0,129322680226.0,118.762,7.684,0.918,81.796,19.181,9.787,0.007,6.134,0.478,98.484,6.372
Kazakhstan,KAZ,2000,15501108.0,142758090799.0,142.197,9.173,0.996,95.035,24.383,14.153,0.002,6.936,0.557,102.883,6.637
Kazakhstan,KAZ,2001,15575550.0,162896083567.0,138.036,8.862,0.847,93.208,23.404,11.193,0.158,7.843,0.537,116.971,7.51
Kazakhstan,KAZ,2002,15656680.0,179807015103.0,156.768,10.013,0.872,95.068,35.413,14.308,0.027,8.921,0.597,123.997,7.92
Kazakhstan,KAZ,2003,15747377.0,197584132991.0,175.022,11.114,0.886,106.206,39.271,16.178,0.001,9.733,0.633,130.947,8.316
Kazakhstan,KAZ,2004,15850164.0,217713169930.0,185.476,11.702,0.852,112.534,41.377,17.302,0.346,10.866,0.648,137.64,8.684
Kazakhstan,KAZ,2005,15968118.0,240059743236.0,198.449,12.428,0.827,113.324,51.563,18.119,0.355,10.98,0.67,150.527,9.427
Kazakhstan,KAZ,2006,16103718.0,267135182235.0,219.633,13.639,0.822,119.135,55.406,27.997,0.476,11.74,0.718,178.605,11.091
Kazakhstan,KAZ,2007,16257212.0,292456722644.0,225.712,13.884,0.772,129.58,55.398,24.003,0.597,11.862,0.717,189.25,11.641
Kazakhstan,KAZ,2008,16426527.0,303717015928.0,226.102,13.764,0.744,125.13,52.597,30.341,0.984,12.601,0.705,176.686,10.756
Kazakhstan,KAZ,2009,16619851.0,309012285175.0,223.189,13.429,0.722,136.013,39.463,29.936,0.933,13.263,0.708,182.247,10.966
Kazakhstan,KAZ,2010,16836808.0,333341740713.0,248.093,14.735,0.744,144.001,51.689,34.251,1.025,14.006,0.745,162.365,9.643
Kazakhstan,KAZ,2011,17065996.0,360244945296.0,238.157,13.955,0.661,141.541,39.43,38.671,1.066,14.144,0.691,150.766,8.834
Kazakhstan,KAZ,2012,17306115.0,378260779954.0,245.263,14.172,0.648,152.612,39.288,34.439,2.321,14.116,0.702,185.106,10.696
Kazakhstan,KAZ,2013,17556502.0,400574375261.0,253.533,14.441,0.633,150.9,49.463,30.729,3.031,14.908,0.719,200.697,11.432
Kazakhstan,KAZ,2014,17816285.0,417799078586.0,299.137,16.79,0.716,194.196,39.732,43.375,3.238,14.896,0.843,217.96,12.234
Kazakhstan,KAZ,2015,18084175.0,421977118608.0,303.052,16.758,0.718,186.754,40.8,52.621,3.457,14.29,0.856,250.095,13.829
Kazakhstan,KAZ,2016,18363600.0,425774884998.0,301.739,16.431,0.709,185.489,42.117,54.656,3.525,12.33,0.853,228.217,12.428
Kazakhstan,KAZ,2017,18651931.0,442384368842.0,317.72,17.034,0.718,191.064,44.115,62.691,3.819,12.323,0.883,239.393,12.835
Kazakhstan,KAZ,2018,18932725.0,460522121041.0,329.572,17.408,0.716,193.772,47.978,68.521,3.893,12.036,0.897,227.732,12.028
Kazakhstan,KAZ,2019,19209556.0,481245619523.0,296.04,15.411,0.615,180.217,47.921,50.328,3.802,10.145,0.798,211.25,10.997
Kazakhstan,KAZ,2020,19482116.0,468733212615.0,281.789,14.464,0.601,184.964,47.217,32.117,4.45,9.363,0.801,218.512,11.216
Kazakhstan,KAZ,2021,19743607.0,487951301251.0,244.904,12.404,0.502,138.533,62.447,24.665,3.841,10.621,0.664,191.333,9.691
Kazakhstan,KAZ,2022,20034612.0,503634062609.0,274.346,13.694,0.545,150.966,64.976,38.807,4.458,9.908,0.731,187.539,9.361
Kazakhstan,KAZ,2023,20330109.0,,286.175,14.076,,163.217,66.979,36.382,4.458,9.908,0.751,212.657,10.46
Kazakhstan,KAZ,2024,20592574.0,,287.006,13.937,,160.167,69.425,37.819,4.458,9.908,0.744,,
Kenya,KEN,1990,22892655.0,41570971757.0,5.789,0.253,0.139,0.403,4.664,,0.722,,0.025,6.822,0.298
Kenya,KEN,1991,23646514.0,42852784377.0,4.805,0.203,0.112,0.352,3.774,,0.679,,0.021,6.055,0.256
Kenya,KEN,1992,24382466.0,43098109029.0,5.505,0.226,0.128,0.421,4.364,,0.72,,0.024,6.78,0.278
Kenya,KEN,1993,25117192.0,43754838219.0,6.312,0.251,0.144,0.352,5.284,,0.676,,0.028,7.186,0.286
Kenya,KEN,1994,25857136.0,45663580409.0,6.523,0.252,0.143,0.293,5.536,,0.693,0.0,0.028,7.668,0.297
Kenya,KEN,1995,26601753.0,48490927693.0,7.515,0.283,0.155,0.37,6.398,,0.748,0.0,0.032,8.897,0.334
Kenya,KEN,1996,27344211.0,51489486317.0,9.283,0.339,0.18,0.352,8.064,,0.867,0.0,0.038,10.27,0.376
Kenya,KEN,1997,28101762.0,52761219815.0,8.227,0.293,0.156,0.245,7.262,,0.719,0.0,0.034,10.229,0.364
Kenya,KEN,1998,28888063.0,55518263811.0,9.999,0.346,0.18,0.198,9.12,,0.681,0.0,0.041,11.876,0.411
Kenya,KEN,1999,29733413.0,57993148114.0,10.021,0.337,0.173,0.194,9.252,,0.575,0.0,0.04,11.423,0.384
Kenya,KEN,2000,30642893.0,59408907766.0,10.385,0.339,0.175,0.176,9.662,,0.547,0.0,0.041,12.171,0.397
Kenya,KEN,2001,31619170.0,62956470966.0,9.224,0.292,0.147,0.176,8.53,,0.518,0.0,0.036,12.689,0.401
Kenya,KEN,2002,32629809.0,64478127960.0,7.819,0.24,0.121,0.264,6.969,,0.587,0.0,0.03,10.376,0.318
Kenya,KEN,2003,33652233.0,67617075406.0,6.716,0.2,0.099,0.245,5.679,,0.791,0.0,0.024,10.42,0.31
Kenya,KEN,2004,34713453.0,72070033430.0,7.621,0.22,0.106,0.286,6.441,,0.894,0.0,0.027,10.333,0.298
Kenya,KEN,2005,35796485.0,77598831261.0,8.454,0.236,0.109,0.333,7.164,,0.957,0.0,0.029,12.295,0.343
Kenya,KEN,2006,36904010.0,83653248054.0,9.567,0.259,0.114,0.443,8.039,,1.085,0.0,0.031,14.057,0.381
Kenya,KEN,2007,38036354.0,91060343688.0,9.734,0.256,0.107,0.4,8.156,,1.179,0.0,0.031,15.092,0.397
Kenya,KEN,2008,39206349.0,92971180385.0,10.099,0.258,0.109,0.41,8.413,,1.276,0.0,0.032,16.009,0.408
Kenya,KEN,2009,40408887.0,97792492598.0,12.185,0.302,0.125,0.366,10.321,,1.497,0.0,0.039,17.812,0.441
Kenya,KEN,2010,41598570.0,108082167772.0,11.857,0.285,0.11,0.627,9.688,,1.543,0.0,0.036,17.805,0.428
Kenya,KEN,2011,42758467.0,117152107312.0,12.218,0.286,0.104,0.894,10.201,,1.123,0.0,0.035,19.856,0.464
Kenya,KEN,2012,43888306.0,122504792826.0,11.246,0.256,0.092,0.802,9.282,,1.162,0.0,0.032,20.829,0.475
Kenya,KEN,2013,44986794.0,127157517259.0,12.163,0.27,0.096,0.887,9.929,,1.347,0.0,0.034,25.018,0.556
Kenya,KEN,2014,46051441.0,133540839466.0,13.214,0.287,0.099,1.099,10.363,,1.753,0.0,0.037,29.132,0.633
Kenya,KEN,2015,47088528.0,140175144054.0,15.212,0.323,0.109,1.162,12.523,,1.528,0.0,0.043,28.289,0.601
Kenya,KEN,2016,48139683.0,146082118752.0,16.289,0.338,0.112,1.147,13.483,,1.659,0.0,0.046,28.71,0.596
Kenya,KEN,2017,49197757.0,151656608610.0,16.181,0.329,0.107,1.081,13.374,,1.727,0.0,0.045,27.507,0.559
Kenya,KEN,2018,50207109.0,160257055688.0,17.003,0.339,0.106,1.619,13.994,,1.39,0.0,0.046,29.196,0.582
Kenya,KEN,2019,51202829.0,168452589868.0,18.159,0.355,0.108,1.429,15.195,,1.535,0.0,0.049,30.2,0.59
Kenya,KEN,2020,52217327.0,168031463891.0,19.99,0.383,0.119,1.92,16.106,,1.963,0.0,0.057,31.237,0.598
Kenya,KEN,2021,53219167.0,180662393951.0,20.59,0.387,0.114,2.228,15.18,,3.182,0.0,0.056,33.541,0.63
Kenya,KEN,2022,54252458.0,190362153076.0,20.544,0.379,0.108,2.729,14.211,,3.604,0.0,0.055,34.529,0.636
Kenya,KEN,2023,55339007.0,,21.186,0.383,,3.156,14.49,,3.54,0.0,0.056,34.98,0.632
Kenya,KEN,2024,56432946.0,,21.225,0.376,,3.222,14.745,,3.259,0.0,0.055,,
Kiribati,KIR,1990,74872.0,,0.022,0.294,,,0.022,,0.0,,0.0,,
Kiribati,KIR,1991,76385.0,,0.022,0.288,,,0.022,,0.0,,0.0,,
Kiribati,KIR,1992,77655.0,,0.026,0.33,,,0.026,,0.0,,0.0,,
Kiribati,KIR,1993,78853.0,,0.029,0.372,,,0.029,,0.0,,0.0,,
Kiribati,KIR,1994,80033.0,,0.029,0.366,,,0.029,,0.0,0.0,0.0,,
Kiribati,KIR,1995,81251.0,,0.029,0.361,,,0.029,,0.0,0.0,0.0,,
Kiribati,KIR,1996,82637.0,,0.033,0.399,,,0.033,,0.0,0.0,0.0,,
Kiribati,KIR,1997,84161.0,,0.029,0.348,,,0.029,,0.0,0.0,0.0,,
Kiribati,KIR,1998,85672.0,,0.029,0.342,,,0.029,,0.0,0.0,0.0,,
Kiribati,KIR,1999,87139.0,,0.029,0.336,,,0.029,,0.0,0.0,0.0,,
Kiribati,KIR,2000,88632.0,,0.037,0.413,,,0.037,,0.0,0.0,0.0,,
Kiribati,KIR,2001,90350.0,,0.033,0.365,,,0.033,,0.0,0.0,0.0,,
Kiribati,KIR,2002,92281.0,,0.04,0.437,,,0.04,,0.0,0.0,0.0,,
Kiribati,KIR,2003,94189.0,,0.04,0.428,,,0.04,,0.0,0.0,0.0,,
Kiribati,KIR,2004,96096.0,,0.044,0.458,,,0.044,,0.0,0.0,0.0,,
Kiribati,KIR,2005,98045.0,,0.048,0.486,,,0.048,,0.0,0.0,0.0,,
Kiribati,KIR,2006,100028.0,,0.051,0.513,,,0.051,,0.0,0.0,0.0,,
Kiribati,KIR,2007,102081.0,,0.051,0.503,,,0.051,,0.0,0.0,0.0,,
Kiribati,KIR,2008,104235.0,,0.048,0.457,,,0.048,,0.0,0.0,0.0,,
Kiribati,KIR,2009,106479.0,,0.048,0.447,,,0.048,,0.0,0.0,0.0,,
Kiribati,KIR,2010,108717.0,,0.059,0.539,,,0.059,,0.0,0.0,0.0,,
Kiribati,KIR,2011,110660.0,,0.055,0.497,,,0.055,,0.0,0.0,0.0,,
Kiribati,KIR,2012,112293.0,,0.055,0.489,,,0.055,,0.0,0.0,0.0,,
Kiribati,KIR,2013,113847.0,,0.055,0.483,,,0.055,,0.0,0.0,0.0,,
Kiribati,KIR,2014,115339.0,,0.055,0.477,,,0.055,,0.0,0.0,0.0,,
Kiribati,KIR,2015,116826.0,,0.059,0.502,,,0.059,,0.0,0.0,0.0,,
Kiribati,KIR,2016,118488.0,,0.055,0.464,,,0.055,,0.0,0.0,0.0,,
Kiribati,KIR,2017,120288.0,,0.07,0.579,,,0.07,,0.0,0.0,0.0,,
Kiribati,KIR,2018,122097.0,,0.07,0.57,,,0.07,,0.0,0.0,0.0,,
Kiribati,KIR,2019,123928.0,,0.07,0.562,,,0.07,,0.0,0.0,0.0,,
Kiribati,KIR,2020,126110.0,,0.07,0.552,,,0.07,,0.0,0.0,0.0,,
Kiribati,KIR,2021,128387.0,,0.07,0.542,,,0.07,,0.0,0.0,0.0,,
Kiribati,KIR,2022,130483.0,,0.07,0.534,,,0.07,,0.0,0.0,0.0,,
Kiribati,KIR,2023,132540.0,,0.069,0.523,,,0.069,,0.0,0.0,0.0,,
Kiribati,KIR,2024,134521.0,,0.072,0.539,,,0.072,,0.0,0.0,0.0,,
Kuwait,KWT,1990,1684833.0,20899601193.0,37.863,22.473,1.812,0.0,22.117,13.969,0.432,1.345,0.167,35.475,21.056
Kuwait,KWT,1991,1351403.0,5968350535.0,492.979,364.791,82.599,,464.529,,0.047,26.967,2.124,19.73,14.599
Kuwait,KWT,1992,1634968.0,18278670155.0,29.683,18.155,1.624,0.0,21.02,7.449,0.254,0.96,0.132,30.034,18.37
Kuwait,KWT,1993,1672158.0,29845167808.0,49.163,29.401,1.647,0.0,33.357,15.184,0.237,0.385,0.216,44.044,26.34
Kuwait,KWT,1994,1664371.0,38842906079.0,57.265,34.406,1.474,0.0,39.278,14.583,0.473,2.931,0.249,49.804,29.924
Kuwait,KWT,1995,1681518.0,46090594401.0,56.263,33.46,1.221,0.0,35.035,17.811,0.919,2.498,0.239,48.81,29.027
Kuwait,KWT,1996,1730255.0,51809716654.0,51.768,29.919,0.999,0.0,30.301,17.855,0.939,2.673,0.214,45.932,26.546
Kuwait,KWT,1997,1787692.0,57062986447.0,56.765,31.753,0.995,0.0,35.105,17.792,0.936,2.932,0.233,48.827,27.313
Kuwait,KWT,1998,1844308.0,62305861237.0,52.91,28.688,0.849,0.0,32.092,17.981,0.627,2.211,0.218,50.319,27.283
Kuwait,KWT,1999,1900035.0,64236405197.0,55.085,28.992,0.858,0.0,35.928,16.456,0.666,2.035,0.222,37.55,19.763
Kuwait,KWT,2000,1954713.0,71053965539.0,54.98,28.127,0.774,0.0,31.277,20.686,0.549,2.468,0.216,29.842,15.267
Kuwait,KWT,2001,2008127.0,75867443155.0,59.119,29.44,0.779,0.0,36.277,20.24,0.421,2.181,0.23,35.839,17.847
Kuwait,KWT,2002,2059983.0,83636154969.0,60.114,29.182,0.719,0.0,38.798,18.151,0.716,2.448,0.229,41.506,20.149
Kuwait,KWT,2003,2109886.0,104974065782.0,62.491,29.618,0.595,0.0,37.296,21.152,0.832,3.21,0.226,57.107,27.067
Kuwait,KWT,2004,2157329.0,123477836787.0,65.855,30.526,0.533,0.0,38.925,22.766,1.162,3.002,0.23,59.028,27.362
Kuwait,KWT,2005,2236797.0,142799938874.0,74.615,33.358,0.523,0.001,44.889,25.526,0.935,3.264,0.252,73.654,32.928
Kuwait,KWT,2006,2364741.0,159619963672.0,76.222,32.233,0.478,0.002,45.881,26.234,0.949,3.156,0.249,70.522,29.822
Kuwait,KWT,2007,2507890.0,174545824817.0,77.295,30.821,0.443,0.002,48.059,25.539,0.931,2.763,0.245,74.708,29.789
Kuwait,KWT,2008,2651433.0,183755530386.0,84.442,31.848,0.46,0.001,54.363,26.619,1.091,2.369,0.263,79.158,29.855
Kuwait,KWT,2009,2795489.0,175302339443.0,88.832,31.777,0.507,0.002,61.749,24.102,0.832,2.146,0.282,81.29,29.079
Kuwait,KWT,2010,2943374.0,176036955078.0,89.721,30.482,0.51,0.003,58.741,28.132,0.829,2.015,0.269,83.046,28.215
Kuwait,KWT,2011,3132815.0,201228682118.0,87.151,27.819,0.433,0.051,51.241,32.859,0.929,2.072,0.253,81.601,26.047
Kuwait,KWT,2012,3337025.0,214560063974.0,101.201,30.327,0.472,0.532,62.827,34.731,0.983,2.128,0.29,85.122,25.508
Kuwait,KWT,2013,3507755.0,217029672079.0,83.047,23.675,0.383,0.589,44.246,34.566,1.208,2.437,0.235,82.025,23.384
Kuwait,KWT,2014,3665769.0,218112639263.0,74.994,20.458,0.344,0.811,36.125,34.282,1.131,2.644,0.211,80.324,21.912
Kuwait,KWT,2015,3834465.0,219406044434.0,93.317,24.337,0.425,0.847,50.477,39.067,1.252,1.674,0.264,108.129,28.199
Kuwait,KWT,2016,4003976.0,225825859800.0,104.019,25.979,0.461,0.778,58.287,41.257,1.616,2.082,0.294,107.428,26.83
Kuwait,KWT,2017,4154686.0,215180426540.0,100.01,24.072,0.465,0.534,54.687,41.929,1.373,1.487,0.278,100.633,24.222
Kuwait,KWT,2018,4323389.0,220424403170.0,102.453,23.697,0.465,0.746,55.927,42.77,1.373,1.637,0.279,105.013,24.29
Kuwait,KWT,2019,4442201.0,219207651814.0,104.654,23.559,0.477,0.578,54.859,46.267,1.575,1.374,0.282,108.131,24.342
Kuwait,KWT,2020,4400146.0,199796812404.0,90.103,20.477,0.451,0.163,35.49,51.688,1.373,1.389,0.256,97.695,22.203
Kuwait,KWT,2021,4360748.0,202410138854.0,87.869,20.15,0.434,0.278,30.807,54.099,1.414,1.272,0.238,96.117,22.041
Kuwait,KWT,2022,4589514.0,218961227193.0,115.849,25.242,0.529,0.337,65.639,47.313,1.466,1.094,0.309,115.797,25.231
Kuwait,KWT,2023,4838781.0,,123.169,25.454,,0.621,68.085,51.759,1.466,1.238,0.323,122.346,25.284
Kuwait,KWT,2024,4934508.0,,129.519,26.248,,0.623,72.458,53.833,1.466,1.139,0.336,,
Kyrgyzstan,KGZ,1990,4459545.0,25164233692.0,19.204,4.306,0.763,7.085,7.552,3.712,0.592,0.263,0.084,21.346,4.787
Kyrgyzstan,KGZ,1991,4532124.0,22948278940.0,15.897,3.508,0.693,6.164,5.85,3.075,0.563,0.245,0.069,22.73,5.015
Kyrgyzstan,KGZ,1992,4600308.0,19580870436.0,11.042,2.4,0.564,3.814,3.686,3.074,0.467,,0.049,28.641,6.226
Kyrgyzstan,KGZ,1993,4626809.0,16865848800.0,8.468,1.83,0.502,3.437,2.429,2.316,0.286,,0.037,18.374,3.971
Kyrgyzstan,KGZ,1994,4649190.0,13389775327.0,6.144,1.322,0.459,3.424,0.825,1.716,0.18,0.0,0.027,14.469,3.112
Kyrgyzstan,KGZ,1995,4713641.0,12537052888.0,4.507,0.956,0.359,1.246,1.396,1.729,0.136,0.0,0.019,14.171,3.006
Kyrgyzstan,KGZ,1996,4782885.0,13289582934.0,5.652,1.182,0.425,1.854,1.543,2.023,0.233,0.0,0.023,9.435,1.973
Kyrgyzstan,KGZ,1997,4847998.0,14463585194.0,5.561,1.147,0.384,1.942,1.674,1.663,0.281,0.0,0.023,5.333,1.1
Kyrgyzstan,KGZ,1998,4907792.0,14624138023.0,5.901,1.202,0.404,1.938,1.707,1.953,0.302,0.0,0.024,6.269,1.277
Kyrgyzstan,KGZ,1999,4968593.0,15009644796.0,4.642,0.934,0.309,1.916,1.411,1.15,0.165,0.0,0.019,5.491,1.105
Kyrgyzstan,KGZ,2000,5025150.0,15667564559.0,4.575,0.91,0.292,1.865,1.205,1.312,0.193,0.0,0.018,6.743,1.342
Kyrgyzstan,KGZ,2001,5071960.0,16336535537.0,3.857,0.76,0.236,1.229,1.086,1.342,0.2,0.0,0.015,5.079,1.001
Kyrgyzstan,KGZ,2002,5116252.0,16170495966.0,4.917,0.961,0.304,1.986,1.004,1.7,0.227,0.0,0.019,5.861,1.146
Kyrgyzstan,KGZ,2003,5159422.0,17135753196.0,5.376,1.042,0.314,2.407,1.246,1.403,0.319,0.0,0.019,5.95,1.153
Kyrgyzstan,KGZ,2004,5203048.0,18155686902.0,5.808,1.116,0.32,2.363,1.543,1.532,0.371,0.0,0.02,7.571,1.455
Kyrgyzstan,KGZ,2005,5246337.0,17942169018.0,5.519,1.052,0.308,2.319,1.37,1.414,0.415,0.0,0.019,8.039,1.532
Kyrgyzstan,KGZ,2006,5282451.0,18316466710.0,5.457,1.033,0.298,2.224,1.271,1.477,0.485,0.0,0.018,9.474,1.793
Kyrgyzstan,KGZ,2007,5313376.0,19684074796.0,6.522,1.228,0.331,2.305,2.235,1.473,0.51,0.0,0.021,10.272,1.933
Kyrgyzstan,KGZ,2008,5342530.0,20960394949.0,7.481,1.4,0.357,3.193,2.423,1.43,0.435,0.0,0.023,16.937,3.17
Kyrgyzstan,KGZ,2009,5398013.0,21348199451.0,6.709,1.243,0.314,2.752,3.122,0.623,0.213,0.0,0.021,14.854,2.752
Kyrgyzstan,KGZ,2010,5491763.0,21037148123.0,6.356,1.157,0.302,2.682,2.755,0.564,0.354,0.0,0.019,13.194,2.403
Kyrgyzstan,KGZ,2011,5594537.0,22069322288.0,7.62,1.362,0.345,2.865,3.638,0.638,0.479,0.0,0.022,15.185,2.714
Kyrgyzstan,KGZ,2012,5696521.0,22049906072.0,10.087,1.771,0.457,4.016,4.672,0.817,0.582,0.0,0.029,18.67,3.277
Kyrgyzstan,KGZ,2013,5797294.0,24456653043.0,9.734,1.679,0.398,3.576,4.796,0.627,0.735,0.0,0.028,17.092,2.948
Kyrgyzstan,KGZ,2014,5898322.0,25440781974.0,10.236,1.735,0.402,4.503,4.4,0.517,0.816,0.0,0.029,17.949,3.043
Kyrgyzstan,KGZ,2015,6001876.0,26426866370.0,10.265,1.71,0.388,4.338,4.719,0.524,0.683,0.0,0.029,16.503,2.75
Kyrgyzstan,KGZ,2016,6108460.0,27572739134.0,9.622,1.575,0.349,3.481,4.99,0.546,0.605,0.0,0.027,17.907,2.931
Kyrgyzstan,KGZ,2017,6220148.0,28879683468.0,9.364,1.505,0.324,3.391,4.71,0.579,0.684,0.0,0.026,17.327,2.786
Kyrgyzstan,KGZ,2018,6341733.0,29878637891.0,11.175,1.762,0.374,4.043,5.575,0.641,0.916,0.0,0.03,19.999,3.154
Kyrgyzstan,KGZ,2019,6494036.0,31253353975.0,9.047,1.393,0.289,3.173,4.331,0.619,0.924,0.0,0.024,17.498,2.695
Kyrgyzstan,KGZ,2020,6664143.0,28560253227.0,8.348,1.253,0.292,3.174,3.636,0.649,0.889,0.0,0.024,16.241,2.437
Kyrgyzstan,KGZ,2021,6820483.0,29628978769.0,10.338,1.516,0.349,4.157,4.234,0.765,1.182,0.0,0.028,19.011,2.787
Kyrgyzstan,KGZ,2022,6955792.0,31703003147.0,11.513,1.655,0.363,5.429,3.968,0.85,1.265,0.0,0.031,20.862,2.999
Kyrgyzstan,KGZ,2023,7073523.0,,11.144,1.576,,4.999,4.077,0.803,1.265,0.0,0.029,19.193,2.713
Kyrgyzstan,KGZ,2024,7186014.0,,11.77,1.638,,5.667,4.033,0.805,1.265,0.0,0.03,,
Laos,LAO,1990,4311960.0,6235010000.0,0.513,0.119,0.082,0.004,0.509,,,,0.002,0.848,0.197
Laos,LAO,1991,4435121.0,6550550266.0,0.546,0.123,0.083,0.004,0.542,,,,0.002,0.911,0.206
Laos,LAO,1992,4559650.0,6965636262.0,0.593,0.13,0.085,0.007,0.583,,0.003,,0.003,0.97,0.213
Laos,LAO,1993,4685064.0,7432922464.0,0.607,0.13,0.082,0.015,0.59,,0.003,,0.003,0.996,0.213
Laos,LAO,1994,4809223.0,8095761860.0,0.631,0.131,0.078,0.018,0.608,,0.004,0.0,0.003,1.097,0.228
Laos,LAO,1995,4929410.0,8730282550.0,0.671,0.136,0.077,0.022,0.645,,0.004,0.0,0.003,1.208,0.245
Laos,LAO,1996,5045686.0,9400684784.0,0.753,0.149,0.08,0.051,0.671,,0.032,0.0,0.003,1.202,0.238
Laos,LAO,1997,5152015.0,10121302787.0,0.792,0.154,0.078,0.095,0.663,,0.034,0.0,0.003,1.262,0.245
Laos,LAO,1998,5248273.0,10598967421.0,0.82,0.156,0.077,0.07,0.718,,0.032,0.0,0.003,1.281,0.244
Laos,LAO,1999,5340784.0,11458882653.0,0.846,0.158,0.074,0.015,0.799,,0.032,0.0,0.003,1.195,0.224
Laos,LAO,2000,5431213.0,12209285510.0,0.96,0.177,0.079,0.04,0.883,,0.037,0.0,0.004,2.999,0.552
Laos,LAO,2001,5521481.0,13005702889.0,1.059,0.192,0.081,0.051,0.971,,0.037,0.0,0.004,3.062,0.555
Laos,LAO,2002,5610888.0,13872426080.0,1.166,0.208,0.084,0.084,0.986,,0.096,0.0,0.004,3.328,0.593
Laos,LAO,2003,5697944.0,14843718409.0,1.221,0.214,0.082,0.102,1.019,,0.099,0.0,0.004,2.232,0.392
Laos,LAO,2004,5781627.0,16000772290.0,1.282,0.222,0.08,0.125,1.059,,0.099,0.0,0.004,2.584,0.447
Laos,LAO,2005,5869531.0,17208611490.0,1.337,0.228,0.078,0.136,1.103,,0.099,0.0,0.005,2.655,0.452
Laos,LAO,2006,5963199.0,17176979638.0,1.757,0.295,0.102,0.187,1.414,,0.156,0.0,0.006,3.398,0.57
Laos,LAO,2007,6056237.0,20454811822.0,1.836,0.303,0.09,0.213,1.469,,0.154,0.0,0.006,3.585,0.592
Laos,LAO,2008,6148974.0,22210959976.0,2.131,0.347,0.096,0.297,1.682,,0.153,0.0,0.007,4.266,0.694
Laos,LAO,2009,6241649.0,24050843271.0,2.667,0.427,0.111,0.352,1.934,,0.382,0.0,0.008,5.018,0.804
Laos,LAO,2010,6334198.0,26198017296.0,3.001,0.474,0.115,0.638,1.905,,0.458,0.0,0.009,2.522,0.398
Laos,LAO,2011,6426592.0,28505277000.0,3.097,0.482,0.109,0.678,1.927,,0.492,0.0,0.009,2.391,0.372
Laos,LAO,2012,6518981.0,30756620000.0,3.328,0.511,0.108,0.714,2.048,,0.566,0.0,0.01,2.667,0.409
Laos,LAO,2013,6611385.0,33213895000.0,4.198,0.635,0.126,1.071,2.303,,0.824,0.0,0.012,3.514,0.531
Laos,LAO,2014,6703170.0,35727804000.0,4.383,0.654,0.123,1.125,2.418,,0.84,0.0,0.012,3.698,0.552
Laos,LAO,2015,6801647.0,38423808000.0,9.185,1.35,0.239,5.108,2.895,,1.183,0.0,0.026,7.771,1.142
Laos,LAO,2016,6908800.0,41128975200.0,16.407,2.375,0.399,11.966,3.141,,1.3,0.0,0.046,7.656,1.108
Laos,LAO,2017,7018150.0,43958737408.0,19.625,2.796,0.446,14.916,3.206,,1.503,0.0,0.055,13.99,1.993
Laos,LAO,2018,7128043.0,46694965948.0,20.481,2.873,0.439,15.338,3.312,,1.832,0.0,0.056,13.916,1.952
Laos,LAO,2019,7237635.0,49243304815.0,18.34,2.534,0.372,13.663,2.689,,1.987,0.0,0.049,13.426,1.855
Laos,LAO,2020,7346534.0,50856670244.0,18.294,2.49,0.36,13.293,2.649,,2.351,0.0,0.052,14.101,1.919
Laos,LAO,2021,7453192.0,52626361275.0,21.837,2.93,0.415,13.669,2.668,,5.5,0.0,0.059,12.516,1.679
Laos,LAO,2022,7559008.0,54953902901.0,22.549,2.983,0.41,14.938,2.726,,4.885,0.0,0.06,8.415,1.113
Laos,LAO,2023,7665001.0,,24.157,3.152,,16.559,2.713,,4.885,0.0,0.063,14.825,1.934
Laos,LAO,2024,7769823.0,,24.4,3.14,,16.678,2.837,,4.885,0.0,0.063,,
Latvia,LVA,1990,2660131.0,42100704929.0,19.662,7.391,0.467,2.812,10.462,5.493,0.346,0.0,0.086,20.955,7.877
Latvia,LVA,1991,2648933.0,36517762608.0,17.92,6.765,0.491,2.455,9.292,5.455,0.32,0.0,0.077,19.474,7.352
Latvia,LVA,1992,2614833.0,24594371373.0,14.194,5.428,0.577,2.163,7.795,3.976,0.142,0.0,0.063,17.577,6.722
Latvia,LVA,1993,2563820.0,21610169740.0,11.922,4.65,0.552,1.995,7.269,2.594,0.016,0.0,0.052,13.99,5.457
Latvia,LVA,1994,2521238.0,21908377653.0,10.37,4.113,0.473,1.521,6.866,1.874,0.077,0.0,0.045,13.235,5.25
Latvia,LVA,1995,2485948.0,21602325855.0,9.134,3.674,0.423,1.111,5.597,2.297,0.094,0.0,0.039,12.226,4.918
Latvia,LVA,1996,2457907.0,21944517346.0,9.212,3.748,0.42,1.04,6.055,1.977,0.106,0.0,0.038,12.69,5.163
Latvia,LVA,1997,2433229.0,23733281647.0,8.68,3.567,0.366,0.941,5.181,2.417,0.108,0.0,0.036,12.105,4.975
Latvia,LVA,1998,2410217.0,25089221158.0,8.306,3.446,0.331,0.703,5.09,2.37,0.105,0.0,0.034,13.337,5.534
Latvia,LVA,1999,2390822.0,25549229736.0,7.718,3.228,0.302,0.539,4.738,2.264,0.139,0.0,0.031,12.372,5.175
Latvia,LVA,2000,2368320.0,26727290777.0,7.082,2.99,0.265,0.57,3.879,2.504,0.088,0.0,0.028,16.35,6.904
Latvia,LVA,2001,2338299.0,28242589693.0,7.497,3.206,0.265,0.526,3.917,2.906,0.11,0.0,0.029,15.706,6.717
Latvia,LVA,2002,2311358.0,30014856985.0,7.52,3.254,0.251,0.436,3.935,2.979,0.117,0.0,0.029,15.544,6.725
Latvia,LVA,2003,2288983.0,32298352002.0,7.726,3.375,0.239,0.388,4.058,3.092,0.129,0.0,0.028,14.617,6.386
Latvia,LVA,2004,2264179.0,34720425840.0,7.731,3.415,0.223,0.322,4.162,3.072,0.137,0.0,0.027,14.343,6.335
Latvia,LVA,2005,2239787.0,38143684659.0,7.811,3.487,0.205,0.362,4.13,3.152,0.134,0.0,0.026,13.695,6.114
Latvia,LVA,2006,2219039.0,42361248688.0,8.31,3.745,0.196,0.381,4.471,3.262,0.169,0.0,0.027,15.413,6.946
Latvia,LVA,2007,2200774.0,46228816935.0,8.637,3.925,0.187,0.454,4.831,3.147,0.171,0.0,0.027,17.726,8.055
Latvia,LVA,2008,2177710.0,44217430207.0,8.198,3.765,0.185,0.44,4.471,3.085,0.168,0.0,0.026,16.553,7.601
Latvia,LVA,2009,2142044.0,37590730012.0,7.456,3.481,0.198,0.362,4.071,2.827,0.178,0.0,0.024,11.882,5.547
Latvia,LVA,2010,2097834.0,35881177042.0,8.555,4.078,0.238,0.455,4.251,3.393,0.431,0.0,0.026,13.58,6.473
Latvia,LVA,2011,2059940.0,37869724459.0,7.808,3.791,0.206,0.442,3.813,2.975,0.557,0.0,0.023,13.684,6.643
Latvia,LVA,2012,2034639.0,40536567235.0,7.52,3.696,0.186,0.4,3.73,2.792,0.575,0.0,0.022,13.027,6.403
Latvia,LVA,2013,2013004.0,41350512828.0,7.369,3.661,0.178,0.301,3.771,2.729,0.54,0.0,0.021,12.736,6.327
Latvia,LVA,2014,1994153.0,42137028688.0,7.172,3.597,0.17,0.242,3.89,2.448,0.559,0.0,0.02,12.141,6.088
Latvia,LVA,2015,1977874.0,43774190659.0,7.262,3.672,0.166,0.19,4.067,2.506,0.47,0.0,0.021,12.623,6.382
Latvia,LVA,2016,1959863.0,44810998817.0,7.211,3.679,0.161,0.166,4.059,2.607,0.346,0.0,0.02,12.456,6.356
Latvia,LVA,2017,1942599.0,46295495418.0,7.215,3.714,0.156,0.167,4.277,2.299,0.437,0.0,0.02,13.949,7.18
Latvia,LVA,2018,1927586.0,48143398790.0,7.843,4.069,0.163,0.197,4.346,2.704,0.551,0.0,0.021,15.862,8.229
Latvia,LVA,2019,1914267.0,49380620266.0,7.633,3.988,0.155,0.166,4.303,2.548,0.561,0.0,0.021,15.073,7.874
Latvia,LVA,2020,1901119.0,48292861660.0,6.999,3.682,0.145,0.1,4.174,2.103,0.551,0.0,0.02,13.424,7.061
Latvia,LVA,2021,1885593.0,50255494980.0,7.218,3.828,0.144,0.078,4.287,2.232,0.539,0.0,0.02,14.956,7.931
Latvia,LVA,2022,1881059.0,51248480035.0,6.608,3.513,0.129,0.058,4.331,1.593,0.54,0.0,0.018,14.274,7.588
Latvia,LVA,2023,1882399.0,,6.59,3.501,,0.06,4.386,1.537,0.531,0.0,0.017,13.362,7.098
Latvia,LVA,2024,1871874.0,,6.462,3.452,,0.048,4.176,1.631,0.531,0.0,0.017,,
Lebanon,LBN,1990,3595175.0,9719894187.0,7.868,2.189,0.809,,7.76,,0.108,,0.035,,
Lebanon,LBN,1991,3668916.0,13892223462.0,8.115,2.212,0.584,,8.024,,0.091,,0.035,,
Lebanon,LBN,1992,3747375.0,15011934734.0,9.727,2.596,0.648,,9.603,,0.124,,0.043,,
Lebanon,LBN,1993,3820652.0,16606038805.0,10.355,2.71,0.624,0.278,9.885,,0.191,,0.046,,
Lebanon,LBN,1994,3889802.0,18542962086.0,11.111,2.856,0.599,0.282,10.674,,0.155,0.0,0.048,,
Lebanon,LBN,1995,3960741.0,20427565185.0,12.255,3.094,0.6,0.476,11.303,,0.475,0.0,0.052,,
Lebanon,LBN,1996,4034782.0,22204446458.0,12.753,3.161,0.574,0.564,11.406,,0.782,0.0,0.053,,
Lebanon,LBN,1997,4108409.0,22434678686.0,15.099,3.675,0.673,0.575,13.678,,0.846,0.0,0.062,,
Lebanon,LBN,1998,4181287.0,24027795385.0,16.286,3.895,0.678,0.502,14.451,,1.334,0.0,0.067,,
Lebanon,LBN,1999,4255278.0,24731825289.0,16.43,3.861,0.664,0.506,14.59,,1.334,0.0,0.066,,
Lebanon,LBN,2000,4329345.0,25915975238.0,15.466,3.572,0.597,0.502,13.333,,1.631,0.0,0.061,,
Lebanon,LBN,2001,4401923.0,27854825604.0,16.407,3.727,0.589,0.502,14.216,,1.688,0.0,0.064,,
Lebanon,LBN,2002,4463505.0,29771684188.0,16.244,3.639,0.546,0.502,14.066,,1.676,0.0,0.062,,
Lebanon,LBN,2003,4525513.0,31778515559.0,18.529,4.094,0.583,0.502,15.723,,2.305,0.0,0.067,,
Lebanon,LBN,2004,4599285.0,35314011356.0,17.208,3.742,0.487,0.502,14.092,,2.615,0.0,0.06,,
Lebanon,LBN,2005,4671105.0,37512383718.0,16.65,3.565,0.444,0.502,13.399,,2.749,0.0,0.056,,
Lebanon,LBN,2006,4751146.0,39442140692.0,14.792,3.113,0.375,0.502,12.279,,2.012,0.0,0.048,,
Lebanon,LBN,2007,4844119.0,44589675655.0,13.746,2.838,0.308,0.502,10.981,,2.263,0.0,0.044,,
Lebanon,LBN,2008,4925359.0,50361558474.0,17.418,3.536,0.346,0.502,14.594,0.0,2.322,0.0,0.054,,
Lebanon,LBN,2009,4992295.0,57304677732.0,20.958,4.198,0.366,0.502,17.818,0.095,2.542,0.0,0.067,,
Lebanon,LBN,2010,5041290.0,64006241939.0,19.997,3.967,0.312,0.564,16.378,0.484,2.571,0.0,0.06,,
Lebanon,LBN,2011,5096018.0,66782067583.0,20.264,3.976,0.303,0.627,17.06,0.0,2.578,0.0,0.059,,
Lebanon,LBN,2012,5235742.0,68494363923.0,22.332,4.265,0.326,0.627,19.317,0.0,2.389,0.0,0.064,,
Lebanon,LBN,2013,5743441.0,71116324024.0,22.164,3.859,0.312,0.502,19.123,0.0,2.539,0.0,0.063,,
Lebanon,LBN,2014,6346993.0,72883563855.0,23.992,3.78,0.329,0.627,20.753,0.0,2.613,0.0,0.068,,
Lebanon,LBN,2015,6472470.0,73219558993.0,25.731,3.975,0.351,0.626,22.71,0.0,2.395,0.0,0.073,,
Lebanon,LBN,2016,6323061.0,74358860056.0,26.438,4.181,0.356,0.627,23.519,,2.292,0.0,0.075,,
Lebanon,LBN,2017,6160129.0,75030320802.0,27.821,4.516,0.371,0.626,24.952,,2.242,0.0,0.077,,
Lebanon,LBN,2018,5984120.0,73615988520.0,25.812,4.313,0.351,0.264,23.501,,2.047,0.0,0.07,,
Lebanon,LBN,2019,5794601.0,68525451094.0,25.141,4.339,0.367,0.11,23.636,,1.395,0.0,0.068,,
Lebanon,LBN,2020,5702400.0,50772560784.0,23.694,4.155,0.467,0.044,22.797,,0.853,0.0,0.067,,
Lebanon,LBN,2021,5718129.0,50772615264.0,19.474,3.406,0.384,0.158,18.529,,0.788,0.0,0.053,,
Lebanon,LBN,2022,5744492.0,48741710654.0,15.361,2.674,0.315,0.051,14.385,,0.925,0.0,0.041,,
Lebanon,LBN,2023,5773494.0,,15.559,2.695,,0.086,14.548,,0.925,0.0,0.041,,
Lebanon,LBN,2024,5805962.0,,15.65,2.696,,0.102,14.623,,0.925,0.0,0.041,,
Lesotho,LSO,1990,1809698.0,3205046000.0,1.473,0.814,0.46,1.142,0.331,,0.0,,0.006,,
Lesotho,LSO,1991,1842383.0,3210336421.0,1.528,0.829,0.476,1.194,0.333,,0.0,,0.007,,
Lesotho,LSO,1992,1873281.0,3373567099.0,1.587,0.847,0.47,1.246,0.341,,0.0,,0.007,,
Lesotho,LSO,1993,1901799.0,3409484198.0,1.63,0.857,0.478,1.286,0.344,,0.0,,0.007,,
Lesotho,LSO,1994,1927708.0,3499928085.0,1.674,0.869,0.478,1.326,0.348,,0.0,0.0,0.007,,
Lesotho,LSO,1995,1951441.0,3490315705.0,1.707,0.875,0.489,1.352,0.355,,0.0,0.0,0.007,,
Lesotho,LSO,1996,1972424.0,3610273972.0,1.737,0.881,0.481,1.378,0.358,,0.0,0.0,0.007,,
Lesotho,LSO,1997,1988140.0,3655545070.0,1.77,0.89,0.484,1.404,0.366,,0.0,0.0,0.007,,
Lesotho,LSO,1998,1998048.0,3647322672.0,1.803,0.902,0.494,1.433,0.37,,0.0,0.0,0.007,,
Lesotho,LSO,1999,2003238.0,3670807302.0,1.825,0.911,0.497,1.451,0.374,,0.0,0.0,0.007,,
Lesotho,LSO,2000,2003919.0,3769602063.0,1.85,0.923,0.491,1.472,0.378,,0.0,0.0,0.007,,
Lesotho,LSO,2001,2000859.0,3838921434.0,1.872,0.936,0.488,1.491,0.381,,0.0,0.0,0.007,,
Lesotho,LSO,2002,1994686.0,3773087839.0,1.905,0.955,0.505,1.516,0.389,,0.0,0.0,0.007,,
Lesotho,LSO,2003,1985060.0,3857951274.0,1.931,0.973,0.501,1.543,0.388,,0.0,0.0,0.007,,
Lesotho,LSO,2004,1971130.0,3857815847.0,1.979,1.004,0.513,1.572,0.407,,0.0,0.0,0.007,,
Lesotho,LSO,2005,1953080.0,3870538474.0,2.012,1.03,0.52,1.598,0.414,,0.0,0.0,0.007,,
Lesotho,LSO,2006,1945066.0,3946096482.0,2.034,1.045,0.515,1.624,0.41,,0.0,0.0,0.007,,
Lesotho,LSO,2007,1953273.0,4038812448.0,2.074,1.062,0.513,1.652,0.421,,0.0,0.0,0.007,,
Lesotho,LSO,2008,1966547.0,4170596962.0,2.121,1.079,0.509,1.682,0.44,,0.0,0.0,0.007,,
Lesotho,LSO,2009,1980884.0,4214040389.0,2.217,1.119,0.526,1.711,0.506,,0.0,0.0,0.007,,
Lesotho,LSO,2010,1996256.0,4442653593.0,2.275,1.14,0.512,1.751,0.524,,0.0,0.0,0.007,,
Lesotho,LSO,2011,2014015.0,4516050000.0,2.759,1.37,0.611,2.21,0.549,,0.0,0.0,0.008,,
Lesotho,LSO,2012,2034363.0,4740080000.0,2.792,1.372,0.589,2.198,0.594,,0.0,0.0,0.008,,
Lesotho,LSO,2013,2056509.0,4954224000.0,2.125,1.033,0.429,1.532,0.594,,0.0,0.0,0.006,,
Lesotho,LSO,2014,2080091.0,5134648000.0,2.242,1.078,0.437,1.671,0.572,,0.0,0.0,0.006,,
Lesotho,LSO,2015,2104614.0,5279080000.0,2.045,0.971,0.387,1.433,0.612,,0.0,0.0,0.006,,
Lesotho,LSO,2016,2130424.0,5418793037.0,2.026,0.951,0.374,1.378,0.649,,0.0,0.0,0.006,,
Lesotho,LSO,2017,2157117.0,5197453242.0,2.286,1.06,0.44,1.634,0.652,,0.0,0.0,0.006,,
Lesotho,LSO,2018,2183611.0,5068079163.0,2.165,0.992,0.427,1.48,0.685,,0.0,0.0,0.006,,
Lesotho,LSO,2019,2209414.0,4996214053.0,2.187,0.99,0.438,1.47,0.717,,0.0,0.0,0.006,,
Lesotho,LSO,2020,2235727.0,4623560803.0,1.986,0.888,0.43,1.352,0.634,,0.0,0.0,0.006,,
Lesotho,LSO,2021,2261549.0,4709220668.0,3.096,1.369,0.657,2.4,0.696,,0.0,0.0,0.008,,
Lesotho,LSO,2022,2286112.0,4761723180.0,2.551,1.116,0.536,1.638,0.914,,0.0,0.0,0.007,,
Lesotho,LSO,2023,2311476.0,,2.494,1.079,,1.571,0.923,,0.0,0.0,0.007,,
Lesotho,LSO,2024,2337428.0,,2.572,1.1,,1.641,0.931,,0.0,0.0,0.007,,
Liberia,LBR,1990,2223667.0,3680820000.0,0.456,0.205,0.124,,0.436,,0.02,,0.002,,
Liberia,LBR,1991,1956523.0,2990946994.0,0.375,0.191,0.125,,0.374,,0.001,,0.002,,
Liberia,LBR,1992,2072466.0,1838477296.0,0.392,0.189,0.213,,0.388,,0.003,,0.002,,
Liberia,LBR,1993,2155135.0,1167733988.0,0.417,0.194,0.357,,0.414,,0.003,,0.002,,
Liberia,LBR,1994,2149929.0,865093553.0,0.415,0.193,0.48,,0.414,,0.001,0.0,0.002,,
Liberia,LBR,1995,2169167.0,783478662.0,0.416,0.192,0.531,,0.414,,0.002,0.0,0.002,,
Liberia,LBR,1996,2232286.0,833012981.0,0.427,0.191,0.513,,0.421,,0.006,0.0,0.002,,
Liberia,LBR,1997,2412995.0,1626036772.0,0.446,0.185,0.274,,0.443,,0.003,0.0,0.002,,
Liberia,LBR,1998,2670128.0,1996595953.0,0.473,0.177,0.237,,0.469,,0.004,0.0,0.002,,
Liberia,LBR,1999,2821689.0,2325522351.0,0.376,0.133,0.162,,0.37,,0.006,0.0,0.002,,
Liberia,LBR,2000,2928117.0,2767093377.0,0.402,0.137,0.145,,0.374,,0.029,0.0,0.002,,
Liberia,LBR,2001,3015343.0,3200677181.0,0.414,0.137,0.129,,0.388,,0.025,0.0,0.002,,
Liberia,LBR,2002,3094793.0,3998735673.0,0.432,0.14,0.108,,0.41,,0.022,0.0,0.002,,
Liberia,LBR,2003,3119534.0,2541250362.0,0.461,0.148,0.181,,0.451,,0.01,0.0,0.002,,
Liberia,LBR,2004,3156893.0,2286431759.0,0.543,0.172,0.237,,0.495,,0.048,0.0,0.002,,
Liberia,LBR,2005,3301016.0,2369891568.0,0.651,0.197,0.275,,0.594,,0.057,0.0,0.002,,
Liberia,LBR,2006,3490792.0,2547129019.0,0.669,0.192,0.263,,0.608,,0.061,0.0,0.002,,
Liberia,LBR,2007,3669050.0,2664910191.0,0.629,0.171,0.236,,0.568,,0.061,0.0,0.002,,
Liberia,LBR,2008,3821006.0,2922602346.0,0.531,0.139,0.182,,0.495,,0.036,0.0,0.002,,
Liberia,LBR,2009,3943035.0,3108980113.0,0.522,0.132,0.168,,0.495,,0.027,0.0,0.002,,
Liberia,LBR,2010,4058897.0,3260614939.0,0.709,0.175,0.218,,0.682,,0.028,0.0,0.002,,
Liberia,LBR,2011,4221177.0,3266880000.0,0.822,0.195,0.252,,0.791,,0.031,0.0,0.002,,
Liberia,LBR,2012,4373046.0,3532273000.0,0.915,0.209,0.259,,0.868,,0.047,0.0,0.003,,
Liberia,LBR,2013,4470246.0,3819600000.0,0.874,0.196,0.229,,0.799,,0.076,0.0,0.002,,
Liberia,LBR,2014,4564299.0,3843632000.0,0.734,0.161,0.191,,0.619,,0.114,0.0,0.002,,
Liberia,LBR,2015,4659436.0,3857900000.0,0.699,0.15,0.181,,0.583,,0.115,0.0,0.002,,
Liberia,LBR,2016,4755607.0,3859976097.0,0.647,0.136,0.168,,0.553,,0.093,0.0,0.002,,
Liberia,LBR,2017,4848927.0,3977674130.0,0.667,0.138,0.168,,0.557,,0.11,0.0,0.002,,
Liberia,LBR,2018,4944728.0,4051631897.0,0.609,0.123,0.15,,0.48,,0.129,0.0,0.002,,
Liberia,LBR,2019,5043719.0,3959325948.0,0.932,0.185,0.235,,0.799,,0.133,0.0,0.003,,
Liberia,LBR,2020,5149470.0,3845664451.0,0.777,0.151,0.202,,0.616,,0.161,0.0,0.002,,
Liberia,LBR,2021,5259327.0,4037436536.0,0.783,0.149,0.194,,0.575,,0.207,0.0,0.002,,
Liberia,LBR,2022,5373297.0,4231561135.0,0.864,0.161,0.204,,0.68,,0.184,0.0,0.002,,
Liberia,LBR,2023,5493035.0,,0.834,0.152,,,0.65,,0.184,0.0,0.002,,
Liberia,LBR,2024,5612813.0,,0.859,0.153,,,0.676,,0.184,0.0,0.002,,
Libya,LBY,1990,4445243.0,20372079786.0,36.514,8.214,1.792,0.015,18.904,9.273,1.108,7.214,0.161,,
Libya,LBY,1991,4544404.0,25389275568.0,42.62,9.379,1.679,0.015,25.283,9.273,0.971,7.078,0.184,,
Libya,LBY,1992,4640360.0,26617785979.0,37.024,7.979,1.391,0.015,22.929,9.215,0.941,3.924,0.164,,
Libya,LBY,1993,4733053.0,27601955980.0,38.708,8.178,1.402,0.011,25.533,8.897,0.94,3.327,0.17,,
Libya,LBY,1994,4822039.0,30319557468.0,51.36,10.651,1.694,0.015,29.605,9.178,1.551,11.011,0.224,,
Libya,LBY,1995,4906851.0,31943529585.0,54.596,11.126,1.709,0.015,31.878,9.064,1.308,12.331,0.232,,
Libya,LBY,1996,4987402.0,35211772243.0,53.952,10.818,1.532,0.015,29.818,9.757,1.444,12.918,0.223,,
Libya,LBY,1997,5064642.0,39983284709.0,51.779,10.224,1.295,0.015,30.72,10.189,1.025,9.83,0.212,,
Libya,LBY,1998,5140711.0,41617599793.0,51.653,10.048,1.241,0.0,31.739,10.189,1.217,8.509,0.213,,
Libya,LBY,1999,5218039.0,45257158417.0,50.26,9.632,1.111,0.0,33.35,7.925,1.215,7.77,0.202,,
Libya,LBY,2000,5305020.0,49983450587.0,53.239,10.036,1.065,0.0,34.152,9.497,1.213,8.376,0.209,,
Libya,LBY,2001,5403639.0,54225701449.0,53.114,9.829,0.979,0.0,34.563,10.076,1.208,7.267,0.207,,
Libya,LBY,2002,5508412.0,57785797189.0,52.525,9.535,0.909,0.0,33.833,10.431,1.324,6.937,0.2,,
Libya,LBY,2003,5619405.0,70475273789.0,55.481,9.873,0.787,0.0,34.939,10.564,1.398,8.579,0.201,,
Libya,LBY,2004,5736696.0,79415538130.0,56.854,9.911,0.716,0.0,34.605,12.865,1.432,7.951,0.199,,
Libya,LBY,2005,5858793.0,94523140632.0,55.986,9.556,0.592,0.0,34.984,10.915,1.435,8.652,0.189,,
Libya,LBY,2006,5980212.0,108872914713.0,51.45,8.603,0.473,0.004,32.192,8.955,2.081,8.219,0.168,,
Libya,LBY,2007,6104381.0,123716329182.0,44.392,7.272,0.359,0.0,25.219,9.944,2.016,7.213,0.141,,
Libya,LBY,2008,6235433.0,153726726038.0,49.699,7.97,0.323,0.0,29.81,10.281,2.119,7.489,0.155,,
Libya,LBY,2009,6366689.0,165559661154.0,51.627,8.109,0.312,,31.34,11.235,2.503,6.548,0.164,,
Libya,LBY,2010,6497837.0,187528533215.0,59.148,9.103,0.315,,36.117,13.197,2.699,7.134,0.178,,
Libya,LBY,2011,6343210.0,79210078190.0,53.542,8.441,0.676,,34.563,8.486,1.339,9.155,0.155,,
Libya,LBY,2012,6179327.0,147985814988.0,61.606,9.97,0.416,,31.719,17.946,0.765,11.176,0.176,,
Libya,LBY,2013,6304636.0,121351322417.0,51.344,8.144,0.423,,21.669,21.105,0.778,7.792,0.146,,
Libya,LBY,2014,6427260.0,93388346336.0,68.348,10.634,0.732,,41.339,18.843,2.712,5.454,0.193,,
Libya,LBY,2015,6531825.0,92601079752.0,60.866,9.318,0.657,,31.992,22.026,1.937,4.911,0.172,,
Libya,LBY,2016,6632130.0,91220396354.0,57.379,8.652,0.629,,25.514,25.895,1.589,4.381,0.162,,
Libya,LBY,2017,6738771.0,120859728232.0,67.092,9.956,0.555,,26.173,31.827,1.744,7.348,0.186,,
Libya,LBY,2018,6849058.0,130457185445.0,62.645,9.146,0.48,,25.912,26.187,1.744,8.802,0.171,,
Libya,LBY,2019,6951040.0,115851209708.0,73.778,10.614,0.637,,44.266,18.484,1.395,9.633,0.199,,
Libya,LBY,2020,7045403.0,81726075633.0,36.111,5.125,0.442,,21.958,8.339,1.162,4.651,0.103,,
Libya,LBY,2021,7135179.0,104883157614.0,56.312,7.892,0.537,,30.624,13.249,1.162,11.277,0.153,,
Libya,LBY,2022,7223804.0,91444480945.0,58.974,8.164,0.645,,32.555,15.066,1.162,10.191,0.157,,
Libya,LBY,2023,7305659.0,,64.219,8.79,,,35.114,15.156,1.162,12.787,0.169,,
Libya,LBY,2024,7381029.0,,65.26,8.842,,,36.869,15.432,1.162,11.797,0.169,,
Liechtenstein,LIE,1990,28912.0,,0.199,6.882,,0.0,0.173,0.026,0.0,0.0,0.001,,
Liechtenstein,LIE,1991,29303.0,,0.206,7.041,,0.0,0.175,0.031,0.0,0.0,0.001,,
Liechtenstein,LIE,1992,29750.0,,0.207,6.956,,0.0,0.172,0.035,0.0,0.0,0.001,,
Liechtenstein,LIE,1993,30199.0,,0.215,7.121,,0.0,0.177,0.038,0.0,0.0,0.001,,
Liechtenstein,LIE,1994,30623.0,,0.201,6.567,,0.0,0.163,0.038,0.0,0.0,0.001,,
Liechtenstein,LIE,1995,31055.0,,0.204,6.575,,0.0,0.162,0.042,0.0,0.0,0.001,,
Liechtenstein,LIE,1996,31497.0,,0.206,6.539,,0.0,0.158,0.048,0.0,0.0,0.001,,
Liechtenstein,LIE,1997,31925.0,,0.218,6.84,,0.0,0.172,0.046,0.0,0.0,0.001,,
Liechtenstein,LIE,1998,32341.0,,0.229,7.088,,0.0,0.178,0.051,0.0,0.0,0.001,,
Liechtenstein,LIE,1999,32751.0,,0.227,6.918,,0.0,0.172,0.055,0.0,0.0,0.001,,
Liechtenstein,LIE,2000,33137.0,,0.217,6.544,,0.0,0.163,0.054,0.0,0.0,0.001,,
Liechtenstein,LIE,2001,33470.0,,0.215,6.414,,0.0,0.155,0.06,0.0,0.0,0.001,,
Liechtenstein,LIE,2002,33770.0,,0.22,6.515,,0.0,0.159,0.061,0.0,0.0,0.001,,
Liechtenstein,LIE,2003,34089.0,,0.229,6.728,,0.0,0.164,0.065,0.0,0.0,0.001,,
Liechtenstein,LIE,2004,34409.0,,0.229,6.666,,0.0,0.16,0.069,0.0,0.0,0.001,,
Liechtenstein,LIE,2005,34713.0,,0.229,6.596,,0.0,0.157,0.072,0.0,0.0,0.001,,
Liechtenstein,LIE,2006,35002.0,,0.231,6.602,,0.0,0.158,0.073,0.0,0.0,0.001,,
Liechtenstein,LIE,2007,35251.0,,0.201,5.694,,0.0,0.13,0.071,0.0,0.0,0.001,,
Liechtenstein,LIE,2008,35467.0,,0.219,6.188,,0.0,0.147,0.073,0.0,0.0,0.001,,
Liechtenstein,LIE,2009,35740.0,,0.205,5.745,,0.0,0.148,0.058,0.0,0.0,0.001,,
Liechtenstein,LIE,2010,36021.0,,0.191,5.296,,0.0,0.13,0.061,0.0,0.0,0.001,,
Liechtenstein,LIE,2011,36295.0,,0.177,4.869,,0.0,0.123,0.054,0.0,0.0,0.001,,
Liechtenstein,LIE,2012,36621.0,,0.185,5.059,,0.0,0.131,0.054,0.0,0.0,0.001,,
Liechtenstein,LIE,2013,36930.0,,0.192,5.212,,0.0,0.135,0.058,0.0,0.0,0.001,,
Liechtenstein,LIE,2014,37191.0,,0.161,4.334,,0.0,0.113,0.048,0.0,0.0,0.0,,
Liechtenstein,LIE,2015,37424.0,,0.16,4.266,,0.0,0.108,0.051,0.0,0.0,0.0,,
Liechtenstein,LIE,2016,37635.0,,0.15,3.976,,0.0,0.099,0.051,0.0,0.0,0.0,,
Liechtenstein,LIE,2017,37872.0,,0.155,4.105,,0.0,0.102,0.053,0.0,0.0,0.0,,
Liechtenstein,LIE,2018,38157.0,,0.143,3.736,,0.0,0.093,0.05,0.0,0.0,0.0,,
Liechtenstein,LIE,2019,38463.0,,0.149,3.865,,0.0,0.098,0.05,0.0,0.0,0.0,,
Liechtenstein,LIE,2020,38793.0,,0.142,3.65,,0.0,0.093,0.048,0.0,0.0,0.0,,
Liechtenstein,LIE,2021,39062.0,,0.146,3.727,,0.0,0.092,0.054,0.0,0.0,0.0,,
Liechtenstein,LIE,2022,39338.0,,0.128,3.262,,0.0,0.083,0.045,0.0,0.0,0.0,,
Liechtenstein,LIE,2023,39622.0,,0.131,3.312,,0.0,0.089,0.042,0.0,0.0,0.0,,
Liechtenstein,LIE,2024,39895.0,,0.132,3.299,,0.0,0.091,0.041,0.0,0.0,0.0,,
Lithuania,LTU,1990,3695016.0,51021989460.0,35.738,9.672,0.7,3.187,19.787,10.587,1.668,0.024,0.157,41.525,11.238
Lithuania,LTU,1991,3701408.0,47786759590.0,37.82,10.218,0.791,3.555,21.282,10.922,1.55,0.028,0.163,46.024,12.434
Lithuania,LTU,1992,3697552.0,37159351315.0,21.168,5.725,0.57,1.662,12.083,6.292,0.755,0.034,0.094,52.516,14.203
Lithuania,LTU,1993,3680201.0,30736278642.0,16.32,4.434,0.531,1.465,10.889,3.415,0.364,0.048,0.072,31.427,8.539
Lithuania,LTU,1994,3654893.0,27661451474.0,15.767,4.314,0.57,1.22,10.039,3.98,0.382,0.043,0.069,27.861,7.623
Lithuania,LTU,1995,3627038.0,29216540607.0,15.057,4.151,0.515,0.979,9.026,4.566,0.308,0.057,0.064,27.494,7.58
Lithuania,LTU,1996,3599721.0,30721763295.0,15.74,4.373,0.512,0.895,9.413,4.928,0.318,0.086,0.065,20.313,5.643
Lithuania,LTU,1997,3573418.0,33267370320.0,15.163,4.243,0.456,0.738,9.313,4.549,0.366,0.109,0.062,20.665,5.783
Lithuania,LTU,1998,3547768.0,35744382405.0,15.997,4.509,0.448,0.647,10.706,4.002,0.412,0.121,0.066,22.185,6.253
Lithuania,LTU,1999,3522905.0,35335381903.0,13.45,3.818,0.381,0.548,8.355,4.033,0.346,0.085,0.054,18.624,5.286
Lithuania,LTU,2000,3500410.0,36684799266.0,11.843,3.383,0.323,0.378,6.458,4.532,0.293,0.11,0.046,19.528,5.579
Lithuania,LTU,2001,3473008.0,39077069410.0,12.594,3.626,0.322,0.342,7.119,4.644,0.283,0.123,0.049,19.35,5.572
Lithuania,LTU,2002,3444051.0,41716677051.0,12.666,3.678,0.304,0.548,6.9,4.741,0.29,0.115,0.048,17.984,5.222
Lithuania,LTU,2003,3415276.0,46106059871.0,12.659,3.707,0.275,0.714,6.348,5.129,0.292,0.096,0.046,21.795,6.382
Lithuania,LTU,2004,3376703.0,49123583277.0,13.254,3.925,0.27,0.688,6.834,5.18,0.351,0.119,0.046,21.108,6.251
Lithuania,LTU,2005,3322264.0,52913078254.0,13.863,4.173,0.262,0.763,7.197,5.336,0.383,0.113,0.047,20.567,6.191
Lithuania,LTU,2006,3269809.0,56827410871.0,14.195,4.341,0.25,1.03,7.134,5.318,0.515,0.106,0.046,22.495,6.88
Lithuania,LTU,2007,3231378.0,63122228308.0,15.474,4.789,0.245,1.025,7.513,6.248,0.524,0.083,0.049,24.436,7.562
Lithuania,LTU,2008,3198482.0,64776249050.0,14.919,4.664,0.23,0.867,7.789,5.59,0.454,0.141,0.047,22.963,7.179
Lithuania,LTU,2009,3163255.0,55174536683.0,12.829,4.056,0.233,0.689,6.859,4.74,0.284,0.228,0.041,20.589,6.509
Lithuania,LTU,2010,3097721.0,56073777524.0,13.802,4.455,0.246,0.843,6.813,5.553,0.289,0.258,0.041,20.312,6.557
Lithuania,LTU,2011,3028642.0,59460372771.0,13.96,4.609,0.235,0.973,6.488,5.86,0.32,0.244,0.04,23.416,7.732
Lithuania,LTU,2012,2988334.0,61745948022.0,14.054,4.703,0.228,0.95,6.727,5.673,0.395,0.233,0.04,20.043,6.707
Lithuania,LTU,2013,2958359.0,63937849304.0,13.148,4.444,0.206,1.092,6.518,4.74,0.461,0.265,0.037,20.518,6.935
Lithuania,LTU,2014,2933171.0,66199372603.0,12.846,4.379,0.194,0.923,6.767,4.414,0.401,0.251,0.036,20.689,7.053
Lithuania,LTU,2015,2905771.0,67539660018.0,13.045,4.489,0.193,0.736,7.081,4.42,0.518,0.207,0.037,20.197,6.951
Lithuania,LTU,2016,2869109.0,69240911932.0,13.102,4.566,0.189,0.749,7.621,3.955,0.452,0.251,0.037,21.65,7.546
Lithuania,LTU,2017,2829317.0,72206131673.0,13.277,4.693,0.184,0.801,7.718,4.029,0.45,0.224,0.037,22.305,7.884
Lithuania,LTU,2018,2802485.0,75089601435.0,13.414,4.787,0.179,0.859,8.02,3.73,0.511,0.254,0.037,23.88,8.521
Lithuania,LTU,2019,2795057.0,78562641002.0,13.647,4.883,0.174,0.801,8.119,3.877,0.578,0.234,0.037,22.424,8.023
Lithuania,LTU,2020,2795766.0,78545278418.0,13.5,4.829,0.172,0.622,7.942,4.134,0.557,0.182,0.038,20.536,7.346
Lithuania,LTU,2021,2794490.0,83242845981.0,13.778,4.93,0.166,0.739,8.145,3.961,0.633,0.218,0.037,22.568,8.076
Lithuania,LTU,2022,2816923.0,84814257826.0,12.895,4.578,0.152,0.734,8.375,2.794,0.682,0.238,0.034,22.102,7.846
Lithuania,LTU,2023,2854104.0,,12.507,4.382,,0.465,8.54,2.746,0.498,0.198,0.033,20.517,7.189
Lithuania,LTU,2024,2859112.0,,12.542,4.387,,0.379,8.364,3.042,0.498,0.198,0.032,,
Luxembourg,LUX,1990,381707.0,14057150121.0,11.809,30.938,0.84,6.302,3.872,1.036,0.539,0.0,0.052,11.809,30.938
Luxembourg,LUX,1991,386819.0,15215996110.0,12.42,32.109,0.816,6.015,4.761,1.074,0.515,0.0,0.054,12.42,32.109
Luxembourg,LUX,1992,391972.0,15437632140.0,12.189,31.098,0.79,5.54,4.944,1.122,0.52,0.0,0.054,12.189,31.098
Luxembourg,LUX,1993,397210.0,16036038097.0,12.338,31.062,0.769,5.736,4.945,1.161,0.432,0.0,0.054,12.338,31.062
Luxembourg,LUX,1994,402597.0,16598368279.0,11.524,28.624,0.694,4.844,4.952,1.174,0.487,0.0,0.05,11.524,28.624
Luxembourg,LUX,1995,408237.0,16769949507.0,9.134,22.375,0.545,2.705,4.586,1.343,0.434,0.0,0.039,9.134,22.375
Luxembourg,LUX,1996,413779.0,16910298497.0,9.186,22.2,0.543,2.46,4.77,1.461,0.428,0.0,0.038,9.186,22.2
Luxembourg,LUX,1997,418970.0,17813499245.0,8.548,20.402,0.48,1.541,5.007,1.491,0.442,0.0,0.035,8.548,20.402
Luxembourg,LUX,1998,424158.0,18821504348.0,7.657,18.052,0.407,0.42,5.239,1.495,0.444,0.0,0.032,7.657,18.052
Luxembourg,LUX,1999,429909.0,20355341580.0,8.119,18.886,0.399,0.444,5.597,1.546,0.465,0.0,0.033,7.742,18.009
Luxembourg,LUX,2000,436142.0,21937467256.0,8.702,19.953,0.397,0.471,6.063,1.609,0.492,0.0,0.034,8.593,19.703
Luxembourg,LUX,2001,441754.0,22387796714.0,9.205,20.838,0.411,0.471,6.458,1.781,0.429,0.0,0.036,8.359,18.923
Luxembourg,LUX,2002,446392.0,23160273686.0,9.978,22.354,0.431,0.371,6.556,2.54,0.443,0.0,0.038,8.513,19.07
Luxembourg,LUX,2003,451845.0,23454191347.0,10.451,23.129,0.446,0.346,7.073,2.576,0.389,0.0,0.038,11.541,25.542
Luxembourg,LUX,2004,458305.0,24195538088.0,11.816,25.782,0.488,0.385,8.074,2.859,0.427,0.0,0.041,12.989,28.34
Luxembourg,LUX,2005,465369.0,24872864640.0,12.076,25.949,0.486,0.377,8.381,2.829,0.42,0.0,0.041,14.241,30.601
Luxembourg,LUX,2006,472869.0,26045643731.0,11.906,25.177,0.457,0.47,7.995,2.958,0.415,0.0,0.039,13.851,29.291
Luxembourg,LUX,2007,480277.0,28135947926.0,11.302,23.533,0.402,0.408,7.684,2.731,0.41,0.0,0.036,10.77,22.425
Luxembourg,LUX,2008,488995.0,27660465282.0,11.167,22.836,0.404,0.356,7.766,2.594,0.382,0.0,0.035,14.888,30.446
Luxembourg,LUX,2009,498196.0,26344603078.0,10.62,21.316,0.403,0.339,7.197,2.659,0.358,0.0,0.034,8.535,17.133
Luxembourg,LUX,2010,507418.0,27526699944.0,11.191,22.054,0.407,0.326,7.582,2.842,0.371,0.0,0.034,9.861,19.434
Luxembourg,LUX,2011,518583.0,28143126706.0,11.09,21.384,0.394,0.315,7.852,2.464,0.389,0.0,0.032,10.64,20.518
Luxembourg,LUX,2012,530951.0,28607408843.0,10.858,20.45,0.38,0.286,7.624,2.5,0.381,0.0,0.031,10.32,19.438
Luxembourg,LUX,2013,543358.0,29514812514.0,10.323,18.999,0.35,0.276,7.507,2.115,0.372,0.0,0.029,9.815,18.064
Luxembourg,LUX,2014,556285.0,30289014849.0,9.807,17.629,0.324,0.277,7.091,2.006,0.36,0.0,0.028,9.634,17.319
Luxembourg,LUX,2015,569540.0,30976491415.0,9.334,16.389,0.301,0.288,6.812,1.83,0.329,0.0,0.026,9.362,16.438
Luxembourg,LUX,2016,583511.0,32518554202.0,9.077,15.556,0.279,0.294,6.675,1.682,0.351,0.0,0.026,8.918,15.283
Luxembourg,LUX,2017,596506.0,32946911821.0,9.251,15.509,0.281,0.283,6.866,1.657,0.371,0.0,0.026,8.906,14.93
Luxembourg,LUX,2018,608109.0,33348602359.0,9.556,15.715,0.287,0.267,7.236,1.609,0.369,0.0,0.026,8.734,14.363
Luxembourg,LUX,2019,620167.0,34122291521.0,9.75,15.722,0.286,0.274,7.397,1.608,0.395,0.0,0.026,8.464,13.648
Luxembourg,LUX,2020,630597.0,33850190319.0,8.069,12.796,0.238,0.236,5.902,1.469,0.399,0.0,0.023,7.258,11.51
Luxembourg,LUX,2021,640276.0,35577396523.0,8.41,13.134,0.236,0.242,6.186,1.589,0.351,0.0,0.023,7.994,12.485
Luxembourg,LUX,2022,653315.0,36128358732.0,7.274,11.135,0.201,0.239,5.406,1.249,0.369,0.0,0.019,7.992,12.233
Luxembourg,LUX,2023,665101.0,,6.841,10.285,,0.175,5.244,1.169,0.241,0.0,0.018,7.332,11.024
Luxembourg,LUX,2024,673042.0,,7.04,10.46,,0.151,5.406,1.229,0.241,0.0,0.018,,
Macao,MAC,1990,351123.0,,0.901,2.567,,,0.901,,0.0,,0.004,,
Macao,MAC,1991,362275.0,,0.967,2.67,,,0.967,,0.0,,0.004,,
Macao,MAC,1992,372256.0,,0.978,2.628,,,0.978,,0.0,,0.004,,
Macao,MAC,1993,381331.0,,1.103,2.892,,,1.103,,0.0,,0.005,,
Macao,MAC,1994,390126.0,,1.18,3.024,,,1.18,,0.0,0.0,0.005,,
Macao,MAC,1995,398703.0,,1.125,2.821,,,1.125,,0.0,0.0,0.005,,
Macao,MAC,1996,407033.0,,1.301,3.196,,,1.301,,0.0,0.0,0.005,,
Macao,MAC,1997,415074.0,,1.367,3.293,,,1.367,,0.0,0.0,0.006,,
Macao,MAC,1998,422816.0,,1.444,3.414,,,1.444,,0.0,0.0,0.006,,
Macao,MAC,1999,430253.0,,1.425,3.313,,,1.425,,0.0,0.0,0.006,,
Macao,MAC,2000,437316.0,,1.528,3.494,,,1.528,,0.0,0.0,0.006,,
Macao,MAC,2001,445121.0,,1.561,3.507,,,1.561,,0.0,0.0,0.006,,
Macao,MAC,2002,456026.0,,1.389,3.045,,,1.389,,0.0,0.0,0.005,,
Macao,MAC,2003,469062.0,,1.422,3.031,,,1.422,,0.0,0.0,0.005,,
Macao,MAC,2004,482209.0,,1.583,3.282,,,1.583,,0.0,0.0,0.006,,
Macao,MAC,2005,495416.0,,1.682,3.395,,,1.682,,0.0,0.0,0.006,,
Macao,MAC,2006,508752.0,,1.455,2.859,,,1.455,,0.0,0.0,0.005,,
Macao,MAC,2007,522281.0,,1.363,2.61,,,1.363,,0.0,0.0,0.004,,
Macao,MAC,2008,535935.0,,1.129,2.106,,,0.971,0.158,0.0,0.0,0.004,,
Macao,MAC,2009,549492.0,,1.894,3.447,,0.007,1.707,0.18,0.0,0.0,0.006,,
Macao,MAC,2010,562809.0,,1.235,2.194,,0.004,0.934,0.297,0.0,0.0,0.004,,
Macao,MAC,2011,575644.0,,1.293,2.247,,0.0,1.15,0.143,0.0,0.0,0.004,,
Macao,MAC,2012,587450.0,,1.132,1.927,,0.0,1.132,0.0,0.0,0.0,0.003,,
Macao,MAC,2013,598752.0,,0.989,1.652,,0.0,0.989,0.0,0.0,0.0,0.003,,
Macao,MAC,2014,610308.0,,1.293,2.119,,0.0,1.18,0.114,0.0,0.0,0.004,,
Macao,MAC,2015,622185.0,,1.773,2.85,,0.0,1.77,0.004,0.0,0.0,0.005,,
Macao,MAC,2016,634317.0,,1.781,2.807,,0.0,1.762,0.018,0.0,0.0,0.005,,
Macao,MAC,2017,646558.0,,1.927,2.981,,,1.59,0.337,0.0,0.0,0.005,,
Macao,MAC,2018,658777.0,,1.242,1.885,,,1.063,0.179,0.0,0.0,0.003,,
Macao,MAC,2019,670982.0,,1.213,1.807,,,0.956,0.256,0.0,0.0,0.003,,
Macao,MAC,2020,683069.0,,1.033,1.513,,,0.894,0.139,0.0,0.0,0.003,,
Macao,MAC,2021,694404.0,,1.03,1.483,,,0.865,0.165,0.0,0.0,0.003,,
Macao,MAC,2022,704360.0,,1.049,1.489,,,0.824,0.225,0.0,0.0,0.003,,
Macao,MAC,2023,713916.0,,1.043,1.461,,,0.82,0.223,0.0,0.0,0.003,,
Macao,MAC,2024,720270.0,,1.056,1.467,,,0.858,0.199,0.0,0.0,0.003,,
Madagascar,MDG,1990,12055649.0,14680679623.0,0.944,0.078,0.064,0.033,0.887,,0.025,,0.004,1.15,0.095
Madagascar,MDG,1991,12421413.0,13914919701.0,1.025,0.083,0.074,0.033,0.967,,0.025,,0.004,1.231,0.099
Madagascar,MDG,1992,12800870.0,14242717909.0,1.003,0.078,0.07,0.033,0.945,,0.025,,0.004,1.249,0.098
Madagascar,MDG,1993,13197353.0,14700034150.0,1.028,0.078,0.07,0.037,0.967,,0.025,,0.005,1.309,0.099
Madagascar,MDG,1994,13613859.0,14862800285.0,1.152,0.085,0.078,0.033,1.103,,0.016,0.0,0.005,1.43,0.105
Madagascar,MDG,1995,14051279.0,15288150117.0,1.192,0.085,0.078,0.026,1.15,,0.016,0.0,0.005,1.442,0.103
Madagascar,MDG,1996,14510712.0,15793796727.0,1.249,0.086,0.079,0.026,1.205,,0.018,0.0,0.005,1.518,0.105
Madagascar,MDG,1997,14990818.0,16561069372.0,1.535,0.102,0.093,0.033,1.488,,0.015,0.0,0.006,1.743,0.116
Madagascar,MDG,1998,15489364.0,17393932608.0,1.619,0.105,0.093,0.033,1.568,,0.018,0.0,0.007,1.961,0.127
Madagascar,MDG,1999,16000506.0,18416245876.0,1.766,0.11,0.096,0.022,1.726,,0.019,0.0,0.007,2.276,0.142
Madagascar,MDG,2000,16516336.0,19457200304.0,1.955,0.118,0.1,0.026,1.909,,0.021,0.0,0.008,3.045,0.184
Madagascar,MDG,2001,17032933.0,20850416898.0,1.747,0.103,0.084,0.026,1.7,,0.021,0.0,0.007,2.629,0.154
Madagascar,MDG,2002,17549915.0,18473840634.0,1.232,0.07,0.067,0.026,1.194,,0.012,0.0,0.005,2.493,0.142
Madagascar,MDG,2003,18071860.0,20509701124.0,1.699,0.094,0.083,0.026,1.594,,0.08,0.0,0.006,2.948,0.163
Madagascar,MDG,2004,18606606.0,21834931987.0,1.804,0.097,0.083,0.026,1.711,,0.068,0.0,0.006,2.891,0.155
Madagascar,MDG,2005,19159711.0,23129761607.0,1.741,0.091,0.075,0.044,1.638,,0.059,0.0,0.006,3.008,0.157
Madagascar,MDG,2006,19730916.0,24652234312.0,1.675,0.085,0.068,0.04,1.576,,0.059,0.0,0.005,2.725,0.138
Madagascar,MDG,2007,20318590.0,26539188296.0,1.728,0.085,0.065,0.026,1.598,,0.105,0.0,0.005,2.945,0.145
Madagascar,MDG,2008,20923842.0,28762450059.0,1.787,0.085,0.062,0.037,1.689,,0.062,0.0,0.006,4.315,0.206
Madagascar,MDG,2009,21547277.0,27725052410.0,1.699,0.079,0.061,0.037,1.608,,0.054,0.0,0.005,3.738,0.173
Madagascar,MDG,2010,22183343.0,28122419419.0,1.872,0.084,0.067,0.106,1.704,,0.062,0.0,0.006,3.286,0.148
Madagascar,MDG,2011,22822305.0,28843634595.0,2.33,0.102,0.081,0.355,1.898,,0.076,0.0,0.007,3.632,0.159
Madagascar,MDG,2012,23462444.0,29712119552.0,2.66,0.113,0.09,0.615,1.958,,0.088,0.0,0.008,3.817,0.163
Madagascar,MDG,2013,24109290.0,30395500923.0,3.061,0.127,0.101,0.994,1.977,,0.09,0.0,0.009,4.862,0.202
Madagascar,MDG,2014,24764356.0,31410405446.0,2.971,0.12,0.095,0.898,2.015,,0.058,0.0,0.008,4.829,0.195
Madagascar,MDG,2015,25426703.0,32394175176.0,3.121,0.123,0.096,0.923,2.14,,0.058,0.0,0.009,4.647,0.183
Madagascar,MDG,2016,26099950.0,33687674194.0,3.257,0.125,0.097,0.901,2.297,,0.058,0.0,0.009,5.07,0.194
Madagascar,MDG,2017,26788379.0,35012614968.0,3.804,0.142,0.109,1.282,2.444,,0.077,0.0,0.011,5.721,0.214
Madagascar,MDG,2018,27494930.0,36130917975.0,3.604,0.131,0.1,1.114,2.44,,0.05,0.0,0.01,5.277,0.192
Madagascar,MDG,2019,28219559.0,37724649896.0,4.147,0.147,0.11,1.253,2.847,,0.046,0.0,0.011,5.76,0.204
Madagascar,MDG,2020,28953560.0,35031864099.0,3.788,0.131,0.108,1.231,2.499,,0.058,0.0,0.011,5.588,0.193
Madagascar,MDG,2021,29691087.0,37042695870.0,4.246,0.143,0.115,1.268,2.92,,0.058,0.0,0.012,6.195,0.209
Madagascar,MDG,2022,30437261.0,38602188321.0,4.21,0.138,0.109,1.138,3.013,,0.058,0.0,0.011,6.191,0.203
Madagascar,MDG,2023,31195937.0,,4.447,0.143,,1.316,3.072,,0.058,0.0,0.012,6.419,0.206
Madagascar,MDG,2024,31964960.0,,4.528,0.142,,1.344,3.126,,0.058,0.0,0.012,,
Malawi,MWI,1990,9545860.0,8210711250.0,0.737,0.077,0.09,0.172,0.517,,0.048,,0.003,0.695,0.073
Malawi,MWI,1991,9844228.0,8902464020.0,0.787,0.08,0.088,0.158,0.572,,0.058,,0.003,0.744,0.076
Malawi,MWI,1992,10135082.0,8227066430.0,0.787,0.078,0.096,0.161,0.572,,0.054,,0.003,0.754,0.074
Malawi,MWI,1993,10284027.0,9004543312.0,0.879,0.085,0.098,0.169,0.649,,0.062,,0.004,0.862,0.084
Malawi,MWI,1994,10164899.0,8059879526.0,0.902,0.089,0.112,0.172,0.671,,0.059,0.0,0.004,0.828,0.081
Malawi,MWI,1995,10150122.0,9155587639.0,0.903,0.089,0.099,0.169,0.674,,0.06,0.0,0.004,0.831,0.082
Malawi,MWI,1996,10352227.0,10064712785.0,0.92,0.089,0.091,0.18,0.682,,0.058,0.0,0.004,1.049,0.101
Malawi,MWI,1997,10562035.0,10717042869.0,0.918,0.087,0.086,0.187,0.685,,0.046,0.0,0.004,1.033,0.098
Malawi,MWI,1998,10792877.0,10822285917.0,0.902,0.084,0.083,0.18,0.685,,0.037,0.0,0.004,1.029,0.095
Malawi,MWI,1999,11047812.0,11194866591.0,0.893,0.081,0.08,0.147,0.7,,0.047,0.0,0.004,1.142,0.103
Malawi,MWI,2000,11315947.0,11274206470.0,0.854,0.075,0.076,0.165,0.634,,0.055,0.0,0.003,0.798,0.071
Malawi,MWI,2001,11593057.0,10808318915.0,0.777,0.067,0.072,0.125,0.597,,0.055,0.0,0.003,0.716,0.062
Malawi,MWI,2002,11880443.0,10984271331.0,0.856,0.072,0.078,0.18,0.623,,0.054,0.0,0.003,0.82,0.069
Malawi,MWI,2003,12181575.0,11581699921.0,0.915,0.075,0.079,0.169,0.667,,0.079,0.0,0.003,0.908,0.075
Malawi,MWI,2004,12500736.0,12176822884.0,0.902,0.072,0.074,0.161,0.703,,0.037,0.0,0.003,0.811,0.065
Malawi,MWI,2005,12840034.0,12535229211.0,0.845,0.066,0.067,0.158,0.678,,0.01,0.0,0.003,0.76,0.059
Malawi,MWI,2006,13198699.0,13079496449.0,0.851,0.065,0.065,0.158,0.689,,0.005,0.0,0.003,0.831,0.063
Malawi,MWI,2007,13576344.0,14282894527.0,0.919,0.068,0.064,0.158,0.739,,0.022,0.0,0.003,0.784,0.058
Malawi,MWI,2008,13976415.0,15293785292.0,0.999,0.071,0.065,0.15,0.846,,0.002,0.0,0.003,0.878,0.063
Malawi,MWI,2009,14395788.0,16486871191.0,1.018,0.071,0.062,0.142,0.865,,0.01,0.0,0.003,0.808,0.056
Malawi,MWI,2010,14826466.0,17495879385.0,0.972,0.066,0.056,0.169,0.788,,0.016,0.0,0.003,0.834,0.056
Malawi,MWI,2011,15265026.0,18220347468.0,1.034,0.068,0.057,0.216,0.806,,0.012,0.0,0.003,0.875,0.057
Malawi,MWI,2012,15709577.0,18563980884.0,1.041,0.066,0.056,0.191,0.824,,0.026,0.0,0.003,0.931,0.059
Malawi,MWI,2013,16161816.0,19529310978.0,1.12,0.069,0.057,0.194,0.854,,0.072,0.0,0.003,0.74,0.046
Malawi,MWI,2014,16621534.0,20642483934.0,1.015,0.061,0.049,0.176,0.714,,0.125,0.0,0.003,0.669,0.04
Malawi,MWI,2015,17085587.0,21251437245.0,1.05,0.061,0.049,0.198,0.78,,0.072,0.0,0.003,0.709,0.042
Malawi,MWI,2016,17557741.0,21733841491.0,1.172,0.067,0.054,0.18,0.923,,0.07,0.0,0.003,0.968,0.055
Malawi,MWI,2017,18039714.0,22603193649.0,1.193,0.066,0.053,0.172,0.923,,0.097,0.0,0.003,0.921,0.051
Malawi,MWI,2018,18528086.0,23595927755.0,1.69,0.091,0.072,0.205,1.378,,0.107,0.0,0.005,2.659,0.143
Malawi,MWI,2019,19025748.0,24881432457.0,1.695,0.089,0.068,0.212,1.371,,0.112,0.0,0.005,2.711,0.142
Malawi,MWI,2020,19533885.0,25108605204.0,1.868,0.096,0.074,0.194,1.429,,0.245,0.0,0.005,2.933,0.15
Malawi,MWI,2021,20047264.0,26255309111.0,1.682,0.084,0.064,0.132,1.315,,0.236,0.0,0.005,2.941,0.147
Malawi,MWI,2022,20568731.0,26465351444.0,1.801,0.088,0.068,0.15,1.411,,0.24,0.0,0.005,3.197,0.155
Malawi,MWI,2023,21104480.0,,1.853,0.088,,0.173,1.439,,0.24,0.0,0.005,3.233,0.153
Malawi,MWI,2024,21655288.0,,1.881,0.087,,0.177,1.464,,0.24,0.0,0.005,,
Malaysia,MYS,1990,17833179.0,143192117242.0,54.269,3.043,0.379,5.412,35.713,6.837,3.244,3.063,0.239,72.206,4.049
Malaysia,MYS,1991,18342474.0,157808067102.0,65.785,3.586,0.417,6.071,39.776,13.293,3.384,3.261,0.283,79.128,4.314
Malaysia,MYS,1992,18834569.0,173041788524.0,72.961,3.874,0.422,6.324,44.181,16.004,3.275,3.177,0.324,88.758,4.713
Malaysia,MYS,1993,19322667.0,191754981739.0,86.612,4.482,0.452,5.386,50.184,22.027,3.425,5.591,0.381,93.878,4.858
Malaysia,MYS,1994,19820446.0,211154262265.0,87.497,4.415,0.414,6.232,52.249,22.391,4.007,2.619,0.381,94.69,4.777
Malaysia,MYS,1995,20330602.0,233787220224.0,109.595,5.391,0.469,6.331,54.641,42.008,4.285,2.33,0.466,105.318,5.18
Malaysia,MYS,1996,20850085.0,259190306939.0,110.108,5.281,0.425,7.738,58.518,36.252,4.789,2.811,0.454,104.455,5.01
Malaysia,MYS,1997,21375225.0,280383835444.0,118.471,5.542,0.423,6.375,68.086,35.441,5.207,3.363,0.486,114.659,5.364
Malaysia,MYS,1998,21906713.0,261784096585.0,109.782,5.011,0.419,6.284,59.701,35.94,5.325,2.531,0.452,79.255,3.618
Malaysia,MYS,1999,22435532.0,279671618438.0,103.987,4.635,0.372,5.207,52.824,37.959,5.48,2.517,0.419,94.063,4.193
Malaysia,MYS,2000,22967817.0,305803211129.0,122.881,5.35,0.402,7.874,56.154,49.673,6.588,2.592,0.482,106.543,4.639
Malaysia,MYS,2001,23526535.0,309934494308.0,130.89,5.564,0.422,9.93,63.481,48.582,6.327,2.57,0.509,112.655,4.788
Malaysia,MYS,2002,24102477.0,329700338274.0,132.035,5.478,0.4,12.546,60.705,49.024,7.146,2.615,0.503,119.257,4.948
Malaysia,MYS,2003,24679604.0,350966698067.0,153.384,6.215,0.437,18.214,62.222,61.881,7.731,3.336,0.555,130.153,5.274
Malaysia,MYS,2004,25256773.0,377079435469.0,169.674,6.718,0.45,31.72,67.61,59.219,7.775,3.351,0.593,139.88,5.538
Malaysia,MYS,2005,25836075.0,399781035415.0,169.978,6.579,0.425,26.113,68.806,64.08,7.616,3.363,0.574,142.878,5.53
Malaysia,MYS,2006,26417909.0,426608936099.0,170.166,6.441,0.399,26.626,62.325,69.546,8.136,3.533,0.556,145.402,5.504
Malaysia,MYS,2007,26998383.0,458125848157.0,175.454,6.499,0.383,29.938,68.827,65.438,7.872,3.38,0.557,157.304,5.826
Malaysia,MYS,2008,27570052.0,485245105845.0,192.847,6.995,0.397,38.037,70.211,72.633,8.416,3.551,0.602,171.874,6.234
Malaysia,MYS,2009,28124779.0,483081319364.0,192.123,6.831,0.398,46.595,68.612,65.443,7.93,3.543,0.61,164.962,5.865
Malaysia,MYS,2010,28655772.0,525056610488.0,199.346,6.957,0.38,55.34,73.374,60.807,7.059,2.767,0.598,186.887,6.522
Malaysia,MYS,2011,29162034.0,557469657636.0,203.453,6.977,0.365,55.546,71.752,64.783,7.766,3.605,0.59,200.001,6.858
Malaysia,MYS,2012,29662835.0,587985572583.0,212.994,7.18,0.362,59.87,74.28,66.289,8.111,4.443,0.609,222.532,7.502
Malaysia,MYS,2013,30174269.0,615585637854.0,241.671,8.009,0.393,57.989,87.213,82.274,8.793,5.402,0.685,251.038,8.32
Malaysia,MYS,2014,30696133.0,652563833807.0,245.053,7.983,0.376,57.87,88.718,82.562,9.468,6.435,0.691,253.409,8.255
Malaysia,MYS,2015,31232796.0,685237676618.0,235.942,7.554,0.344,66.754,76.189,77.211,8.673,7.114,0.666,235.857,7.552
Malaysia,MYS,2016,31789692.0,715730748101.0,237.294,7.464,0.332,71.524,77.291,73.524,9.126,5.829,0.67,242.868,7.64
Malaysia,MYS,2017,32355642.0,757336192678.0,244.457,7.555,0.323,78.957,80.88,70.427,8.776,5.418,0.68,246.361,7.614
Malaysia,MYS,2018,32910963.0,794013962862.0,262.647,7.981,0.331,84.59,80.676,84.26,9.064,4.057,0.715,265.965,8.081
Malaysia,MYS,2019,33440590.0,829053844392.0,277.673,8.303,0.335,80.139,94.751,89.764,9.121,3.898,0.749,275.232,8.23
Malaysia,MYS,2020,33889554.0,783174020832.0,262.159,7.736,0.335,94.073,68.495,83.744,11.292,4.555,0.746,262.96,7.759
Malaysia,MYS,2021,34282404.0,807389756202.0,273.332,7.973,0.339,87.493,73.027,97.598,11.308,3.907,0.741,274.132,7.996
Malaysia,MYS,2022,34695494.0,877584198429.0,281.884,8.125,0.321,89.215,71.195,107.201,11.247,3.026,0.751,283.799,8.18
Malaysia,MYS,2023,35126295.0,,276.297,7.866,,92.571,77.318,90.465,13.136,2.808,0.725,286.508,8.157
Malaysia,MYS,2024,35557670.0,,290.224,8.162,,97.57,79.098,95.277,15.4,2.879,0.752,,
Maldives,MDV,1990,224772.0,,0.169,0.75,,,0.169,,0.0,,0.001,,
Maldives,MDV,1991,231810.0,,0.154,0.664,,,0.154,,0.0,,0.001,,
Maldives,MDV,1992,238559.0,,0.231,0.968,,,0.231,,0.0,,0.001,,
Maldives,MDV,1993,244893.0,,0.194,0.793,,,0.194,,0.0,,0.001,,
Maldives,MDV,1994,250831.0,,0.198,0.789,,,0.198,,0.0,0.0,0.001,,
Maldives,MDV,1995,256660.0,,0.249,0.971,,,0.249,,0.0,0.0,0.001,,
Maldives,MDV,1996,262354.0,,0.289,1.103,,,0.289,,0.0,0.0,0.001,,
Maldives,MDV,1997,267711.0,,0.33,1.232,,,0.33,,0.0,0.0,0.001,,
Maldives,MDV,1998,272734.0,,0.3,1.102,,,0.3,,0.0,0.0,0.001,,
Maldives,MDV,1999,277423.0,,0.421,1.519,,,0.421,,0.0,0.0,0.002,,
Maldives,MDV,2000,282025.0,,0.451,1.598,,,0.451,,0.0,0.0,0.002,,
Maldives,MDV,2001,286778.0,,0.462,1.61,,,0.462,,0.0,0.0,0.002,,
Maldives,MDV,2002,291631.0,,0.59,2.023,,,0.59,,0.0,0.0,0.002,,
Maldives,MDV,2003,296497.0,,0.509,1.718,,,0.509,,0.0,0.0,0.002,,
Maldives,MDV,2004,301416.0,,0.663,2.2,,,0.663,,0.0,0.0,0.002,,
Maldives,MDV,2005,306429.0,,0.601,1.961,,,0.601,,0.0,0.0,0.002,,
Maldives,MDV,2006,313866.0,,0.744,2.37,,,0.744,,0.0,0.0,0.002,,
Maldives,MDV,2007,324489.0,,0.78,2.405,,,0.78,,0.0,0.0,0.002,,
Maldives,MDV,2008,336178.0,,0.839,2.496,,,0.839,,0.0,0.0,0.003,,
Maldives,MDV,2009,348282.0,,0.883,2.535,,,0.883,,0.0,0.0,0.003,,
Maldives,MDV,2010,360802.0,,0.931,2.579,,,0.931,,0.0,0.0,0.003,,
Maldives,MDV,2011,373683.0,,0.986,2.638,,,0.986,,0.0,0.0,0.003,,
Maldives,MDV,2012,386821.0,,1.11,2.87,,,1.11,,0.0,0.0,0.003,,
Maldives,MDV,2013,400077.0,,1.096,2.738,,,1.096,,0.0,0.0,0.003,,
Maldives,MDV,2014,413623.0,,1.319,3.189,,,1.319,,0.0,0.0,0.004,,
Maldives,MDV,2015,428165.0,,1.282,2.995,,,1.282,,0.0,0.0,0.004,,
Maldives,MDV,2016,443316.0,,1.433,3.232,,,1.433,,0.0,0.0,0.004,,
Maldives,MDV,2017,458297.0,,1.513,3.302,,,1.513,,0.0,0.0,0.004,,
Maldives,MDV,2018,473106.0,,1.737,3.671,,,1.737,,0.0,0.0,0.005,,
Maldives,MDV,2019,487737.0,,1.993,4.087,,,1.993,,0.0,0.0,0.005,,
Maldives,MDV,2020,502127.0,,1.678,3.342,,,1.678,,0.0,0.0,0.005,,
Maldives,MDV,2021,516163.0,,1.997,3.869,,,1.997,,0.0,0.0,0.005,,
Maldives,MDV,2022,524116.0,,2.216,4.228,,,2.216,,0.0,0.0,0.006,,
Maldives,MDV,2023,526009.0,,2.205,4.193,,,2.205,,0.0,0.0,0.006,,
Maldives,MDV,2024,527801.0,,2.306,4.369,,,2.306,,0.0,0.0,0.006,,
Mali,MLI,1990,9178826.0,9628796516.0,0.422,0.046,0.044,,0.414,,0.008,,0.002,,
Mali,MLI,1991,9362885.0,10269524230.0,0.426,0.045,0.041,,0.418,,0.008,,0.002,,
Mali,MLI,1992,9553540.0,9995131433.0,0.463,0.048,0.046,,0.454,,0.008,,0.002,,
Mali,MLI,1993,9754786.0,10249532964.0,0.503,0.052,0.049,,0.495,,0.008,,0.002,,
Mali,MLI,1994,9967035.0,10520791586.0,0.548,0.055,0.052,,0.542,,0.006,0.0,0.002,,
Mali,MLI,1995,10185368.0,10736646746.0,0.595,0.058,0.055,,0.59,,0.005,0.0,0.003,,
Mali,MLI,1996,10407274.0,11389964147.0,0.646,0.062,0.057,,0.641,,0.005,0.0,0.003,,
Mali,MLI,1997,10646499.0,11793168043.0,0.723,0.068,0.061,,0.711,,0.012,0.0,0.003,,
Mali,MLI,1998,10919577.0,12008585843.0,0.931,0.085,0.077,,0.931,,0.0,0.0,0.004,,
Mali,MLI,1999,11227420.0,12634193722.0,0.971,0.086,0.077,,0.971,,0.0,0.0,0.004,,
Mali,MLI,2000,11559291.0,12490372339.0,1.066,0.092,0.085,,1.066,,0.0,0.0,0.004,,
Mali,MLI,2001,11912162.0,14257391001.0,1.161,0.098,0.081,,1.161,,0.0,0.0,0.005,,
Mali,MLI,2002,12288051.0,14544531770.0,1.209,0.098,0.083,,1.209,,0.0,0.0,0.005,,
Mali,MLI,2003,12684951.0,15730792757.0,1.246,0.098,0.079,,1.246,,,0.0,0.005,,
Mali,MLI,2004,13102415.0,15828925288.0,1.414,0.108,0.089,,1.414,,,0.0,0.005,,
Mali,MLI,2005,13538648.0,16700213321.0,1.458,0.108,0.087,,1.458,,,0.0,0.005,,
Mali,MLI,2006,13990143.0,17320423242.0,1.535,0.11,0.089,,1.535,,,0.0,0.005,,
Mali,MLI,2007,14457776.0,17779653731.0,1.784,0.123,0.1,,1.784,,,0.0,0.006,,
Mali,MLI,2008,14940786.0,18486110807.0,1.957,0.131,0.106,,1.957,,,0.0,0.006,,
Mali,MLI,2009,15435536.0,19186286887.0,1.887,0.122,0.098,,1.887,,,0.0,0.006,,
Mali,MLI,2010,15945201.0,20054729287.0,2.088,0.131,0.104,,2.088,,,0.0,0.006,,
Mali,MLI,2011,16469054.0,20518694824.0,2.279,0.138,0.111,,2.279,,0.0,0.0,0.007,,
Mali,MLI,2012,16957039.0,20347159384.0,2.437,0.144,0.12,,2.437,,0.0,0.0,0.007,,
Mali,MLI,2013,17459619.0,20814126326.0,2.743,0.157,0.132,,2.572,,0.171,0.0,0.008,,
Mali,MLI,2014,18020267.0,22288805151.0,3.139,0.174,0.141,,2.884,,0.256,0.0,0.009,,
Mali,MLI,2015,18593022.0,23664472662.0,3.399,0.183,0.144,,3.155,,0.244,0.0,0.01,,
Mali,MLI,2016,19191298.0,25049317347.0,4.286,0.223,0.171,,4.034,,0.252,0.0,0.012,,
Mali,MLI,2017,19813016.0,26378184458.0,4.767,0.241,0.181,,4.507,,0.26,0.0,0.013,,
Mali,MLI,2018,20442031.0,27630093375.0,5.198,0.254,0.188,,4.811,,0.387,0.0,0.014,,
Mali,MLI,2019,21068405.0,28946666484.0,5.594,0.266,0.193,,5.207,,0.387,0.0,0.015,,
Mali,MLI,2020,21713837.0,28586570096.0,6.33,0.292,0.221,,5.749,,0.581,0.0,0.018,,
Mali,MLI,2021,22388637.0,29459890071.0,7.393,0.33,0.251,,6.734,,0.659,0.0,0.02,,
Mali,MLI,2022,23072641.0,30551085997.0,7.02,0.304,0.23,,6.322,,0.697,0.0,0.019,,
Mali,MLI,2023,23769130.0,,6.743,0.284,,,6.046,,0.697,0.0,0.018,,
Mali,MLI,2024,24478597.0,,6.979,0.285,,,6.281,,0.697,0.0,0.018,,
Malta,MLT,1990,367913.0,4761399641.0,2.427,6.598,0.51,0.71,1.716,0.0,0.0,0.0,0.011,3.263,8.868
Malta,MLT,1991,371335.0,5017928103.0,2.272,6.118,0.453,0.575,1.695,0.0,0.0,0.0,0.01,3.124,8.413
Malta,MLT,1992,374805.0,5251067551.0,2.294,6.119,0.437,0.485,1.807,0.0,0.0,0.0,0.01,3.271,8.728
Malta,MLT,1993,378222.0,5496706096.0,2.886,7.629,0.525,0.71,2.174,0.0,0.0,0.0,0.013,3.531,9.337
Malta,MLT,1994,381467.0,5813472890.0,2.658,6.969,0.457,0.483,2.174,0.0,0.0,0.0,0.012,3.529,9.251
Malta,MLT,1995,384559.0,6198303778.0,2.452,6.377,0.396,0.123,2.327,0.0,0.0,0.0,0.01,3.802,9.887
Malta,MLT,1996,387627.0,6430283255.0,2.534,6.537,0.394,0.0,2.532,0.0,0.0,0.0,0.01,3.491,9.005
Malta,MLT,1997,390687.0,6769141339.0,2.556,6.543,0.378,0.0,2.554,0.0,0.0,0.0,0.01,3.3,8.447
Malta,MLT,1998,393782.0,7118691053.0,2.525,6.412,0.355,0.0,2.524,0.0,0.0,0.0,0.01,3.899,9.903
Malta,MLT,1999,396897.0,7456060205.0,2.573,6.482,0.345,0.0,2.572,0.0,0.0,0.0,0.01,4.599,11.586
Malta,MLT,2000,399905.0,7963752394.0,2.468,6.172,0.31,0.0,2.468,0.0,0.0,0.0,0.01,6.216,15.544
Malta,MLT,2001,402788.0,8019470830.0,2.737,6.794,0.341,0.0,2.736,0.0,0.0,0.0,0.011,6.592,16.367
Malta,MLT,2002,405571.0,8259626928.0,2.747,6.774,0.333,0.0,2.747,0.0,0.0,0.0,0.01,6.765,16.68
Malta,MLT,2003,408236.0,8473515195.0,2.961,7.253,0.349,0.0,2.96,0.0,0.0,0.0,0.011,4.877,11.947
Malta,MLT,2004,410800.0,8512522890.0,2.849,6.935,0.335,0.0,2.849,0.0,0.0,0.0,0.01,4.547,11.069
Malta,MLT,2005,413324.0,8839849182.0,2.65,6.411,0.3,0.0,2.649,0.0,0.0,0.0,0.009,3.642,8.812
Malta,MLT,2006,415463.0,9004655302.0,2.655,6.391,0.295,0.0,2.655,0.0,0.0,0.0,0.009,4.009,9.65
Malta,MLT,2007,417201.0,9368888474.0,2.728,6.538,0.291,0.0,2.727,0.0,0.0,0.0,0.009,5.128,12.292
Malta,MLT,2008,418969.0,9685986656.0,2.721,6.495,0.281,0.0,2.721,0.0,0.0,0.0,0.008,6.852,16.355
Malta,MLT,2009,420800.0,9450779381.0,2.561,6.086,0.271,0.0,2.56,0.0,0.0,0.0,0.008,5.642,13.407
Malta,MLT,2010,422654.0,9788869399.0,2.619,6.197,0.268,0.0,2.618,0.0,0.0,0.0,0.008,7.269,17.199
Malta,MLT,2011,424635.0,9930574943.0,2.608,6.142,0.263,0.0,2.607,0.0,0.0,0.0,0.008,9.56,22.514
Malta,MLT,2012,426616.0,10339580228.0,2.749,6.444,0.266,0.0,2.748,0.0,0.0,0.0,0.008,8.995,21.085
Malta,MLT,2013,428457.0,10905471410.0,2.43,5.671,0.223,0.0,2.427,0.0,0.0,0.0,0.007,7.288,17.009
Malta,MLT,2014,434494.0,11737898948.0,2.417,5.564,0.206,0.0,2.414,0.0,0.0,0.0,0.007,8.697,20.017
Malta,MLT,2015,444978.0,12865695938.0,1.697,3.815,0.132,0.0,1.695,0.0,0.0,0.0,0.005,11.173,25.108
Malta,MLT,2016,455276.0,13300698899.0,1.376,3.022,0.103,0.0,1.374,0.0,0.0,0.0,0.004,15.452,33.939
Malta,MLT,2017,467902.0,14746505042.0,1.537,3.285,0.104,0.0,0.984,0.552,0.0,0.0,0.004,12.961,27.7
Malta,MLT,2018,484560.0,15659758064.0,1.548,3.194,0.099,0.0,0.866,0.681,0.0,0.0,0.004,16.92,34.919
Malta,MLT,2019,504017.0,16757308198.0,1.649,3.272,0.098,0.0,0.94,0.708,0.0,0.0,0.004,15.868,31.482
Malta,MLT,2020,518212.0,15314071319.0,1.601,3.089,0.105,0.0,0.864,0.736,0.0,0.0,0.005,13.55,26.148
Malta,MLT,2021,524383.0,17122043843.0,1.611,3.073,0.094,0.0,0.872,0.739,0.0,0.0,0.004,16.25,30.988
Malta,MLT,2022,528194.0,18295132993.0,1.774,3.359,0.097,0.0,1.026,0.747,0.0,0.0,0.005,16.119,30.517
Malta,MLT,2023,532964.0,,1.768,3.317,,0.0,0.985,0.782,0.0,0.0,0.005,14.296,26.824
Malta,MLT,2024,539612.0,,1.729,3.204,,0.0,1.002,0.727,0.0,0.0,0.004,,
Marshall Islands,MHL,1990,44648.0,,,,,,,,,,,,
Marshall Islands,MHL,1991,45587.0,,,,,,,,,,,,
Marshall Islands,MHL,1992,46406.0,,0.077,1.658,,,0.077,,0.0,,0.0,,
Marshall Islands,MHL,1993,47112.0,,0.081,1.711,,,0.081,,0.0,,0.0,,
Marshall Islands,MHL,1994,47731.0,,0.084,1.766,,,0.084,,0.0,0.0,0.0,,
Marshall Islands,MHL,1995,48283.0,,0.088,1.821,,,0.088,,0.0,0.0,0.0,,
Marshall Islands,MHL,1996,48795.0,,0.092,1.877,,,0.092,,0.0,0.0,0.0,,
Marshall Islands,MHL,1997,49277.0,,0.092,1.859,,,0.092,,0.0,0.0,0.0,,
Marshall Islands,MHL,1998,49732.0,,0.092,1.842,,,0.092,,0.0,0.0,0.0,,
Marshall Islands,MHL,1999,50221.0,,0.092,1.824,,,0.092,,0.0,0.0,0.0,,
Marshall Islands,MHL,2000,50721.0,,0.099,1.95,,,0.099,,0.0,0.0,0.0,,
Marshall Islands,MHL,2001,51137.0,,0.103,2.006,,,0.103,,0.0,0.0,0.0,,
Marshall Islands,MHL,2002,51441.0,,0.11,2.137,,,0.11,,0.0,0.0,0.0,,
Marshall Islands,MHL,2003,51657.0,,0.11,2.128,,,0.11,,0.0,0.0,0.0,,
Marshall Islands,MHL,2004,51803.0,,0.114,2.193,,,0.114,,0.0,0.0,0.0,,
Marshall Islands,MHL,2005,51928.0,,0.114,2.187,,,0.114,,0.0,0.0,0.0,,
Marshall Islands,MHL,2006,52011.0,,0.121,2.325,,,0.121,,0.0,0.0,0.0,,
Marshall Islands,MHL,2007,52050.0,,0.128,2.464,,,0.128,,0.0,0.0,0.0,,
Marshall Islands,MHL,2008,52049.0,,0.128,2.464,,,0.128,,0.0,0.0,0.0,,
Marshall Islands,MHL,2009,52036.0,,0.132,2.535,,,0.132,,0.0,0.0,0.0,,
Marshall Islands,MHL,2010,52064.0,,0.136,2.604,,,0.136,,0.0,0.0,0.0,,
Marshall Islands,MHL,2011,51927.0,,0.136,2.611,,,0.136,,0.0,0.0,0.0,,
Marshall Islands,MHL,2012,51438.0,,0.136,2.636,,,0.136,,0.0,0.0,0.0,,
Marshall Islands,MHL,2013,50696.0,,0.139,2.746,,,0.139,,0.0,0.0,0.0,,
Marshall Islands,MHL,2014,49815.0,,0.139,2.795,,,0.139,,0.0,0.0,0.0,,
Marshall Islands,MHL,2015,48823.0,,0.143,2.927,,,0.143,,0.0,0.0,0.0,,
Marshall Islands,MHL,2016,47730.0,,0.143,2.994,,,0.143,,0.0,0.0,0.0,,
Marshall Islands,MHL,2017,46544.0,,0.147,3.149,,,0.147,,0.0,0.0,0.0,,
Marshall Islands,MHL,2018,45307.0,,0.147,3.235,,,0.147,,0.0,0.0,0.0,,
Marshall Islands,MHL,2019,44030.0,,0.147,3.329,,,0.147,,0.0,0.0,0.0,,
Marshall Islands,MHL,2020,42728.0,,0.147,3.43,,,0.147,,0.0,0.0,0.0,,
Marshall Islands,MHL,2021,41387.0,,0.147,3.541,,,0.147,,0.0,0.0,0.0,,
Marshall Islands,MHL,2022,40094.0,,0.148,3.702,,,0.148,,0.0,0.0,0.0,,
Marshall Islands,MHL,2023,38849.0,,0.148,3.802,,,0.148,,0.0,0.0,0.0,,
Marshall Islands,MHL,2024,37572.0,,0.154,4.112,,,0.154,,0.0,0.0,0.0,,
Mauritania,MRT,1990,1951881.0,2908675000.0,0.854,0.437,0.293,0.015,0.839,,0.0,,0.004,,
Mauritania,MRT,1991,2009739.0,3053303240.0,0.868,0.432,0.284,0.015,0.854,,0.0,,0.004,,
Mauritania,MRT,1992,2088143.0,3186885725.0,0.905,0.433,0.284,0.015,0.89,,0.0,,0.004,,
Mauritania,MRT,1993,2174333.0,3536022015.0,0.927,0.426,0.262,0.015,0.912,,0.0,,0.004,,
Mauritania,MRT,1994,2249462.0,3783132604.0,0.959,0.427,0.254,0.015,0.945,,0.0,0.0,0.004,,
Mauritania,MRT,1995,2312027.0,3768651979.0,1.015,0.439,0.269,0.011,1.004,,0.0,0.0,0.004,,
Mauritania,MRT,1996,2358193.0,4253698601.0,1.063,0.451,0.25,0.007,1.055,,0.0,0.0,0.004,,
Mauritania,MRT,1997,2411316.0,4166595327.0,1.077,0.447,0.259,0.004,1.074,,0.0,0.0,0.004,,
Mauritania,MRT,1998,2474650.0,4371026651.0,1.074,0.434,0.246,0.004,1.07,,0.0,0.0,0.004,,
Mauritania,MRT,1999,2541700.0,4762456974.0,1.096,0.431,0.23,0.0,1.096,,0.0,0.0,0.004,,
Mauritania,MRT,2000,2613450.0,4838789905.0,1.114,0.426,0.23,0.0,1.114,,0.0,0.0,0.004,,
Mauritania,MRT,2001,2678766.0,5040767611.0,1.172,0.438,0.233,,1.172,,0.0,0.0,0.005,,
Mauritania,MRT,2002,2738659.0,5178324094.0,1.249,0.456,0.241,,1.249,,0.0,0.0,0.005,,
Mauritania,MRT,2003,2802050.0,5603753283.0,1.286,0.459,0.23,,1.286,,0.0,0.0,0.005,,
Mauritania,MRT,2004,2868671.0,6050710140.0,1.385,0.483,0.229,,1.385,,0.0,0.0,0.005,,
Mauritania,MRT,2005,2939060.0,6728916707.0,1.434,0.488,0.213,,1.433,,0.0,0.001,0.005,,
Mauritania,MRT,2006,3013659.0,8166141817.0,1.55,0.514,0.19,,1.422,,0.0,0.128,0.005,,
Mauritania,MRT,2007,3093065.0,8570478345.0,1.758,0.568,0.205,,1.638,,0.0,0.12,0.006,,
Mauritania,MRT,2008,3183276.0,8846256694.0,1.831,0.575,0.207,,1.77,,0.0,0.061,0.006,,
Mauritania,MRT,2009,3284454.0,8935093258.0,2.012,0.613,0.225,,1.96,,0.0,0.052,0.006,,
Mauritania,MRT,2010,3390968.0,9559709837.0,2.094,0.617,0.219,,2.045,,0.0,0.049,0.006,,
Mauritania,MRT,2011,3502813.0,10187328000.0,2.227,0.636,0.219,,2.151,,0.0,0.076,0.006,,
Mauritania,MRT,2012,3619035.0,10792467000.0,2.448,0.676,0.227,,2.345,,0.0,0.103,0.007,,
Mauritania,MRT,2013,3734324.0,11410722000.0,2.169,0.581,0.19,,2.063,,0.0,0.106,0.006,,
Mauritania,MRT,2014,3848511.0,12165303000.0,2.563,0.666,0.211,,2.495,,0.0,0.068,0.007,,
Mauritania,MRT,2015,3965959.0,12316128000.0,3.002,0.757,0.244,,2.924,,0.0,0.079,0.008,,
Mauritania,MRT,2016,4086655.0,12416318727.0,2.624,0.642,0.211,,2.532,,0.0,0.092,0.007,,
Mauritania,MRT,2017,4210603.0,13137043588.0,3.581,0.851,0.273,,3.506,,0.0,0.075,0.01,,
Mauritania,MRT,2018,4337685.0,13699199188.0,4.444,1.025,0.324,,4.444,,0.0,0.0,0.012,,
Mauritania,MRT,2019,4467714.0,14424796068.0,4.613,1.033,0.32,,4.613,,0.0,0.0,0.012,,
Mauritania,MRT,2020,4600136.0,14289417678.0,4.782,1.039,0.335,,4.782,,0.0,0.0,0.014,,
Mauritania,MRT,2021,4734874.0,14638845766.0,4.5,0.95,0.307,,4.5,,0.0,0.0,0.012,,
Mauritania,MRT,2022,4875644.0,15674544913.0,5.267,1.08,0.336,,5.267,,0.0,0.0,0.014,,
Mauritania,MRT,2023,5022442.0,,5.037,1.003,,,5.037,,0.0,0.0,0.013,,
Mauritania,MRT,2024,5169403.0,,5.239,1.013,,,5.233,,0.0,0.005,0.014,,
Mauritius,MUS,1990,1089033.0,12196699680.0,1.462,1.342,0.12,0.198,1.264,,0.0,,0.006,1.963,1.802
Mauritius,MUS,1991,1103050.0,12478462632.0,1.521,1.379,0.122,0.175,1.345,,0.0,,0.007,2.033,1.844
Mauritius,MUS,1992,1117676.0,13020302423.0,1.707,1.528,0.131,0.191,1.517,,0.0,,0.008,2.286,2.045
Mauritius,MUS,1993,1132397.0,13435064889.0,1.773,1.566,0.132,0.168,1.605,,0.0,,0.008,2.359,2.083
Mauritius,MUS,1994,1146559.0,13759079701.0,1.623,1.416,0.118,0.092,1.532,,0.0,0.0,0.007,2.378,2.074
Mauritius,MUS,1995,1159824.0,14115290935.0,1.828,1.576,0.13,0.168,1.66,,0.0,0.0,0.008,2.532,2.183
Mauritius,MUS,1996,1172390.0,14579957121.0,1.949,1.663,0.134,0.11,1.839,,0.0,0.0,0.008,2.625,2.239
Mauritius,MUS,1997,1184304.0,15156261651.0,1.997,1.686,0.132,0.121,1.876,,0.0,0.0,0.008,2.862,2.416
Mauritius,MUS,1998,1195111.0,15794127997.0,2.169,1.815,0.137,0.161,2.008,,0.0,0.0,0.009,3.019,2.526
Mauritius,MUS,1999,1205903.0,15922518933.0,2.426,2.011,0.152,0.322,2.103,,0.0,0.0,0.01,2.977,2.468
Mauritius,MUS,2000,1216632.0,16933370565.0,2.689,2.211,0.159,0.594,2.096,,0.0,0.0,0.011,4.611,3.79
Mauritius,MUS,2001,1225807.0,17203931989.0,2.862,2.334,0.166,0.689,2.173,,0.0,0.0,0.011,4.529,3.695
Mauritius,MUS,2002,1234090.0,17186721600.0,2.884,2.337,0.168,0.736,2.147,,0.0,0.0,0.011,4.75,3.849
Mauritius,MUS,2003,1242094.0,17869390349.0,3.059,2.463,0.171,0.751,2.308,,0.0,0.0,0.011,5.154,4.149
Mauritius,MUS,2004,1249799.0,18313509621.0,3.089,2.471,0.169,0.667,2.422,,0.0,0.0,0.011,5.485,4.389
Mauritius,MUS,2005,1257215.0,18306765429.0,3.294,2.62,0.18,0.851,2.443,,0.0,0.0,0.011,5.116,4.069
Mauritius,MUS,2006,1263785.0,18846649433.0,3.627,2.87,0.192,1.136,2.492,,0.0,0.0,0.012,5.679,4.494
Mauritius,MUS,2007,1269522.0,19573401107.0,3.686,2.903,0.188,1.323,2.363,,0.0,0.0,0.012,5.7,4.49
Mauritius,MUS,2008,1274635.0,20249055784.0,3.767,2.955,0.186,1.543,2.224,,0.0,0.0,0.012,6.279,4.926
Mauritius,MUS,2009,1278976.0,20448211941.0,3.708,2.899,0.181,1.411,2.297,,0.0,0.0,0.012,5.631,4.403
Mauritius,MUS,2010,1282710.0,20850923367.0,3.913,3.051,0.188,1.572,2.341,,0.0,0.0,0.012,5.669,4.419
Mauritius,MUS,2011,1286270.0,21190874379.0,3.917,3.045,0.185,1.506,2.411,,0.0,0.0,0.011,5.951,4.627
Mauritius,MUS,2012,1289174.0,21931705213.0,3.964,3.075,0.181,1.587,2.378,,0.0,0.0,0.011,5.847,4.536
Mauritius,MUS,2013,1290988.0,22668609990.0,4.067,3.15,0.179,1.671,2.396,,0.0,0.0,0.012,6.129,4.748
Mauritius,MUS,2014,1292006.0,23536142578.0,4.206,3.256,0.179,1.735,2.471,,0.0,0.0,0.012,6.436,4.982
Mauritius,MUS,2015,1292283.0,24404852680.0,4.21,3.258,0.173,1.685,2.524,,0.0,0.0,0.012,5.958,4.61
Mauritius,MUS,2016,1291807.0,25347373765.0,4.342,3.361,0.171,1.715,2.627,,0.0,0.0,0.012,6.431,4.978
Mauritius,MUS,2017,1290654.0,26345551590.0,4.54,3.517,0.172,1.788,2.752,,0.0,0.0,0.013,6.967,5.398
Mauritius,MUS,2018,1288836.0,27401224769.0,4.455,3.457,0.163,1.696,2.759,,0.0,0.0,0.012,7.3,5.664
Mauritius,MUS,2019,1286269.0,28193387492.0,4.525,3.518,0.161,1.561,2.964,,0.0,0.0,0.012,7.328,5.697
Mauritius,MUS,2020,1283231.0,24077716198.0,3.8,2.961,0.158,1.552,2.248,,0.0,0.0,0.011,6.675,5.201
Mauritius,MUS,2021,1279628.0,24920195118.0,3.968,3.101,0.159,1.731,2.237,,0.0,0.0,0.011,7.343,5.738
Mauritius,MUS,2022,1276134.0,26988574640.0,4.317,3.383,0.16,1.362,2.955,,0.0,0.0,0.012,7.728,6.056
Mauritius,MUS,2023,1273591.0,,4.588,3.602,,1.575,3.013,,0.0,0.0,0.012,7.913,6.213
Mauritius,MUS,2024,1271171.0,,4.674,3.677,,1.608,3.066,,0.0,0.0,0.012,,
Mexico,MEX,1990,82820170.0,823577476195.0,316.746,3.825,0.385,15.895,235.642,52.923,10.439,1.847,1.393,325.467,3.93
Mexico,MEX,1991,84430565.0,865148747123.0,329.831,3.907,0.381,15.51,246.535,55.268,10.649,1.869,1.421,343.052,4.063
Mexico,MEX,1992,86044806.0,902108311201.0,332.453,3.864,0.369,14.81,248.717,55.612,11.425,1.891,1.476,350.954,4.079
Mexico,MEX,1993,87653817.0,925343285645.0,337.722,3.853,0.365,18.203,249.797,55.066,12.044,2.612,1.485,357.881,4.083
Mexico,MEX,1994,89259202.0,972991932169.0,351.534,3.938,0.361,20.247,258.052,56.902,13.526,2.806,1.53,370.047,4.146
Mexico,MEX,1995,90862449.0,916478942218.0,330.905,3.642,0.361,22.266,237.244,56.92,10.796,3.679,1.407,329.8,3.63
Mexico,MEX,1996,92452700.0,971219776949.0,341.544,3.694,0.352,25.194,236.845,62.746,12.052,4.708,1.409,345.816,3.74
Mexico,MEX,1997,94021204.0,1045710706219.0,362.466,3.855,0.347,25.575,252.204,65.772,12.689,6.225,1.487,382.304,4.066
Mexico,MEX,1998,95575242.0,1105636637948.0,381.102,3.987,0.345,26.267,264.274,71.088,13.206,6.266,1.569,407.337,4.262
Mexico,MEX,1999,97115710.0,1156619631372.0,386.036,3.975,0.334,26.0,271.403,69.803,13.671,5.159,1.554,419.872,4.323
Mexico,MEX,2000,98625553.0,1241194674661.0,391.435,3.969,0.315,26.696,263.874,81.202,14.281,5.383,1.534,457.079,4.634
Mexico,MEX,2001,100099101.0,1251502726420.0,407.485,4.071,0.326,30.638,275.577,82.887,13.813,4.57,1.586,461.543,4.611
Mexico,MEX,2002,101548627.0,1275458026881.0,410.301,4.04,0.322,34.701,265.359,92.171,14.343,3.727,1.562,462.29,4.552
Mexico,MEX,2003,102978517.0,1306677417369.0,435.969,4.234,0.334,42.458,273.195,101.903,14.439,3.973,1.577,469.225,4.557
Mexico,MEX,2004,104394131.0,1373060298988.0,438.588,4.201,0.319,37.882,276.736,105.647,15.135,3.189,1.533,491.093,4.704
Mexico,MEX,2005,105811504.0,1427140428046.0,463.436,4.38,0.325,46.811,291.123,105.516,16.462,3.524,1.566,512.88,4.847
Mexico,MEX,2006,107253666.0,1510732401129.0,474.523,4.424,0.314,50.289,284.691,117.938,17.593,4.012,1.551,529.629,4.938
Mexico,MEX,2007,108774356.0,1572479287017.0,473.595,4.354,0.301,45.84,286.649,117.274,18.82,5.012,1.504,522.551,4.804
Mexico,MEX,2008,110374286.0,1607479004533.0,472.981,4.285,0.294,40.784,288.397,118.567,18.512,6.721,1.476,529.087,4.794
Mexico,MEX,2009,111999720.0,1543820957956.0,460.29,4.11,0.298,40.813,272.739,123.432,17.739,5.568,1.461,508.488,4.54
Mexico,MEX,2010,113623898.0,1638271507559.0,456.409,4.017,0.279,51.054,259.679,124.122,16.857,4.697,1.37,524.828,4.619
Mexico,MEX,2011,115243503.0,1716088331953.0,483.302,4.194,0.282,56.041,272.512,130.707,17.668,6.374,1.402,564.995,4.903
Mexico,MEX,2012,116818208.0,1774999946047.0,501.492,4.293,0.283,49.226,290.158,135.727,18.331,8.05,1.435,579.791,4.963
Mexico,MEX,2013,118343572.0,1803059285337.0,495.412,4.186,0.275,49.977,277.692,142.276,17.367,8.1,1.404,589.616,4.982
Mexico,MEX,2014,119784265.0,1854551091374.0,484.045,4.041,0.261,48.944,269.275,138.503,18.19,9.133,1.365,586.205,4.894
Mexico,MEX,2015,121072310.0,1916008739051.0,479.434,3.96,0.25,44.114,258.874,147.977,19.074,9.394,1.354,572.353,4.727
Mexico,MEX,2016,122251344.0,1961906742138.0,478.828,3.917,0.244,47.621,251.592,151.455,19.637,8.522,1.353,572.01,4.679
Mexico,MEX,2017,123400052.0,2007719438156.0,464.407,3.763,0.231,48.533,245.838,143.25,19.662,7.123,1.291,560.79,4.544
Mexico,MEX,2018,124573713.0,2051539127317.0,468.421,3.76,0.228,47.317,228.846,165.521,19.376,7.36,1.275,571.2,4.585
Mexico,MEX,2019,125762978.0,2047701179708.0,468.236,3.723,0.229,45.272,238.024,157.099,19.411,8.43,1.263,562.917,4.476
Mexico,MEX,2020,126799053.0,1880176557054.0,428.937,3.383,0.228,33.705,204.103,160.949,19.338,10.842,1.22,502.051,3.959
Mexico,MEX,2021,127648151.0,1973141022977.0,446.838,3.501,0.226,29.22,219.979,165.84,19.561,12.237,1.212,539.119,4.223
Mexico,MEX,2022,128613116.0,2033437602787.0,453.799,3.528,0.223,34.75,229.839,159.765,18.79,10.656,1.209,557.573,4.335
Mexico,MEX,2023,129739761.0,,458.254,3.532,,39.6,217.452,172.077,18.802,10.323,1.203,564.969,4.355
Mexico,MEX,2024,130861001.0,,460.988,3.523,,40.178,219.371,171.627,19.048,10.762,1.194,,
Micronesia (country),FSM,1990,100904.0,,,,,,,,,,,,
Micronesia (country),FSM,1991,102764.0,,,,,,,,,,,,
Micronesia (country),FSM,1992,104823.0,,0.136,1.293,,,0.136,,0.0,,0.001,,
Micronesia (country),FSM,1993,107082.0,,0.143,1.334,,,0.143,,0.0,,0.001,,
Micronesia (country),FSM,1994,109090.0,,0.154,1.411,,,0.154,,0.0,0.0,0.001,,
Micronesia (country),FSM,1995,110244.0,,0.176,1.595,,,0.176,,0.0,0.0,0.001,,
Micronesia (country),FSM,1996,110723.0,,0.183,1.655,,,0.183,,0.0,0.0,0.001,,
Micronesia (country),FSM,1997,111088.0,,0.194,1.748,,,0.194,,0.0,0.0,0.001,,
Micronesia (country),FSM,1998,111394.0,,0.205,1.842,,,0.205,,0.0,0.0,0.001,,
Micronesia (country),FSM,1999,111693.0,,0.191,1.706,,,0.191,,0.0,0.0,0.001,,
Micronesia (country),FSM,2000,112067.0,,0.18,1.602,,,0.18,,0.0,0.0,0.001,,
Micronesia (country),FSM,2001,112378.0,,0.165,1.467,,,0.165,,0.0,0.0,0.001,,
Micronesia (country),FSM,2002,112464.0,,0.15,1.336,,,0.15,,0.0,0.0,0.001,,
Micronesia (country),FSM,2003,112298.0,,0.161,1.436,,,0.161,,0.0,0.0,0.001,,
Micronesia (country),FSM,2004,111939.0,,0.143,1.277,,,0.143,,0.0,0.0,0.0,,
Micronesia (country),FSM,2005,111420.0,,0.114,1.019,,,0.114,,0.0,0.0,0.0,,
Micronesia (country),FSM,2006,110739.0,,0.114,1.026,,,0.114,,0.0,0.0,0.0,,
Micronesia (country),FSM,2007,109896.0,,0.128,1.167,,,0.128,,0.0,0.0,0.0,,
Micronesia (country),FSM,2008,108947.0,,0.114,1.043,,,0.114,,0.0,0.0,0.0,,
Micronesia (country),FSM,2009,107968.0,,0.147,1.357,,,0.147,,0.0,0.0,0.0,,
Micronesia (country),FSM,2010,107559.0,,0.103,0.954,,,0.103,,0.0,0.0,0.0,,
Micronesia (country),FSM,2011,107712.0,,0.117,1.089,,,0.117,,0.0,0.0,0.0,,
Micronesia (country),FSM,2012,107908.0,,0.128,1.188,,,0.128,,0.0,0.0,0.0,,
Micronesia (country),FSM,2013,108133.0,,0.136,1.254,,,0.136,,0.0,0.0,0.0,,
Micronesia (country),FSM,2014,108407.0,,0.139,1.284,,,0.139,,0.0,0.0,0.0,,
Micronesia (country),FSM,2015,108727.0,,0.143,1.314,,,0.143,,0.0,0.0,0.0,,
Micronesia (country),FSM,2016,109088.0,,0.143,1.31,,,0.143,,0.0,0.0,0.0,,
Micronesia (country),FSM,2017,109495.0,,0.143,1.305,,,0.143,,0.0,0.0,0.0,,
Micronesia (country),FSM,2018,109925.0,,0.143,1.3,,,0.143,,0.0,0.0,0.0,,
Micronesia (country),FSM,2019,110293.0,,0.143,1.296,,,0.143,,0.0,0.0,0.0,,
Micronesia (country),FSM,2020,110930.0,,0.143,1.288,,,0.143,,0.0,0.0,0.0,,
Micronesia (country),FSM,2021,111635.0,,0.143,1.28,,,0.143,,0.0,0.0,0.0,,
Micronesia (country),FSM,2022,112122.0,,0.145,1.291,,,0.145,,0.0,0.0,0.0,,
Micronesia (country),FSM,2023,112646.0,,0.144,1.279,,,0.144,,0.0,0.0,0.0,,
Micronesia (country),FSM,2024,113171.0,,0.151,1.331,,,0.151,,0.0,0.0,0.0,,
Moldova,MDA,1990,4451150.0,43214990000.0,36.505,8.201,0.845,7.453,19.467,8.446,0.972,0.168,0.161,,
Moldova,MDA,1991,4456609.0,35018363780.0,29.618,6.646,0.846,6.484,15.079,6.997,0.901,0.157,0.128,,
Moldova,MDA,1992,4455714.0,24417045830.0,20.978,4.708,0.859,4.011,9.499,6.993,0.474,,0.093,,
Moldova,MDA,1993,4448241.0,23693282988.0,15.846,3.562,0.669,3.836,6.386,5.218,0.406,,0.07,,
Moldova,MDA,1994,4434457.0,16084200840.0,12.427,2.802,0.773,3.697,3.378,5.023,0.328,0.0,0.054,,
Moldova,MDA,1995,4414216.0,15569831884.0,11.405,2.584,0.733,2.246,3.052,5.859,0.249,0.0,0.048,,
Moldova,MDA,1996,4387653.0,14391438093.0,11.687,2.664,0.812,1.982,2.81,6.701,0.193,0.0,0.048,,
Moldova,MDA,1997,4355537.0,14366532241.0,7.301,1.676,0.508,0.997,2.568,3.466,0.27,0.0,0.03,,
Moldova,MDA,1998,4318713.0,13191426007.0,6.444,1.492,0.488,0.983,2.126,3.12,0.215,0.0,0.027,,
Moldova,MDA,1999,4278220.0,12519934662.0,4.685,1.095,0.374,0.447,1.419,2.607,0.211,0.0,0.019,,
Moldova,MDA,2000,4234969.0,12554043876.0,3.573,0.844,0.285,0.366,1.282,1.751,0.173,0.0,0.014,,
Moldova,MDA,2001,4189769.0,13087722618.0,3.787,0.904,0.289,0.26,1.433,1.92,0.174,0.0,0.015,,
Moldova,MDA,2002,4142937.0,13857813762.0,4.052,0.978,0.292,0.278,1.63,1.924,0.219,0.0,0.015,,
Moldova,MDA,2003,4095418.0,14513550202.0,4.404,1.075,0.303,0.337,1.766,2.056,0.246,0.0,0.016,,
Moldova,MDA,2004,4046672.0,15302841155.0,4.613,1.14,0.301,0.319,1.909,2.103,0.283,0.0,0.016,,
Moldova,MDA,2005,3988668.0,16157452511.0,4.938,1.238,0.306,0.286,1.921,2.365,0.365,0.0,0.017,,
Moldova,MDA,2006,3921320.0,16628252777.0,5.03,1.283,0.302,0.344,1.869,2.36,0.457,0.0,0.016,,
Moldova,MDA,2007,3851397.0,16819758019.0,4.979,1.293,0.296,0.169,1.931,2.176,0.703,0.0,0.016,,
Moldova,MDA,2008,3779503.0,17815141666.0,5.19,1.373,0.291,0.326,2.034,2.041,0.79,0.0,0.016,,
Moldova,MDA,2009,3706212.0,16449234621.0,4.54,1.225,0.276,0.348,1.975,1.876,0.341,0.0,0.014,,
Moldova,MDA,2010,3631990.0,17299250407.0,4.831,1.33,0.279,0.326,2.173,1.982,0.35,0.0,0.014,,
Moldova,MDA,2011,3557278.0,18145357193.0,4.945,1.39,0.273,0.333,2.268,1.916,0.427,0.0,0.014,,
Moldova,MDA,2012,3482629.0,18038303680.0,4.766,1.368,0.264,0.414,2.085,1.825,0.442,0.0,0.014,,
Moldova,MDA,2013,3408741.0,19669685322.0,4.899,1.437,0.249,0.553,2.147,1.722,0.477,0.0,0.014,,
Moldova,MDA,2014,3342715.0,20653170404.0,4.755,1.423,0.23,0.363,2.176,1.751,0.465,0.0,0.013,,
Moldova,MDA,2015,3287168.0,20583362405.0,4.785,1.456,0.232,0.37,2.29,1.682,0.443,0.0,0.014,,
Moldova,MDA,2016,3237798.0,21490882450.0,4.907,1.516,0.228,0.282,2.464,1.727,0.434,0.0,0.014,,
Moldova,MDA,2017,3193500.0,22393497127.0,5.09,1.594,0.227,0.403,2.554,1.726,0.408,0.0,0.014,,
Moldova,MDA,2018,3153779.0,23311634910.0,5.351,1.697,0.23,0.293,2.667,1.876,0.515,0.0,0.015,,
Moldova,MDA,2019,3112561.0,24150849841.0,5.378,1.728,0.223,0.367,2.75,1.734,0.528,0.0,0.015,,
Moldova,MDA,2020,3069135.0,22146328756.0,5.113,1.666,0.231,0.286,2.59,1.766,0.471,0.0,0.015,,
Moldova,MDA,2021,3023780.0,25234640526.0,5.76,1.905,0.228,0.337,2.891,2.019,0.513,0.0,0.016,,
Moldova,MDA,2022,3039986.0,23827554273.0,5.173,1.702,0.217,0.236,3.089,1.44,0.409,0.0,0.014,,
Moldova,MDA,2023,3067072.0,,5.329,1.738,,0.217,3.174,1.36,0.578,0.0,0.014,,
Moldova,MDA,2024,3034967.0,,5.327,1.755,,0.246,3.139,1.363,0.578,0.0,0.014,,
Monaco,MCO,1990,30382.0,,,,,,,,,,,,
Monaco,MCO,1991,30654.0,,,,,,,,,,,,
Monaco,MCO,1992,30909.0,,,,,,,,,,,,
Monaco,MCO,1993,31165.0,,,,,,,,,,,,
Monaco,MCO,1994,31398.0,,,,,,,,,,,,
Monaco,MCO,1995,31636.0,,,,,,,,,,,,
Monaco,MCO,1996,31859.0,,,,,,,,,,,,
Monaco,MCO,1997,32090.0,,,,,,,,,,,,
Monaco,MCO,1998,32289.0,,,,,,,,,,,,
Monaco,MCO,1999,32435.0,,,,,,,,,,,,
Monaco,MCO,2000,32477.0,,,,,,,,,,,,
Monaco,MCO,2001,32466.0,,,,,,,,,,,,
Monaco,MCO,2002,32441.0,,,,,,,,,,,,
Monaco,MCO,2003,32396.0,,,,,,,,,,,,
Monaco,MCO,2004,32329.0,,,,,,,,,,,,
Monaco,MCO,2005,32235.0,,,,,,,,,,,,
Monaco,MCO,2006,32083.0,,,,,,,,,,,,
Monaco,MCO,2007,31859.0,,,,,,,,,,,,
Monaco,MCO,2008,31862.0,,,,,,,,,,,,
Monaco,MCO,2009,32390.0,,,,,,,,,,,,
Monaco,MCO,2010,33188.0,,,,,,,,,,,,
Monaco,MCO,2011,33968.0,,,,,,,,,,,,
Monaco,MCO,2012,34738.0,,,,,,,,,,,,
Monaco,MCO,2013,35476.0,,,,,,,,,,,,
Monaco,MCO,2014,36155.0,,,,,,,,,,,,
Monaco,MCO,2015,36785.0,,,,,,,,,,,,
Monaco,MCO,2016,37301.0,,,,,,,,,,,,
Monaco,MCO,2017,37700.0,,,,,,,,,,,,
Monaco,MCO,2018,38179.0,,,,,,,,,,,,
Monaco,MCO,2019,38131.0,,,,,,,,,,,,
Monaco,MCO,2020,38074.0,,,,,,,,,,,,
Monaco,MCO,2021,38548.0,,,,,,,,,,,,
Monaco,MCO,2022,38950.0,,,,,,,,,,,,
Monaco,MCO,2023,38979.0,,,,,,,,,,,,
Monaco,MCO,2024,38657.0,,,,,,,,,,,,
Mongolia,MNG,1990,2164578.0,4502883000.0,9.791,4.523,2.174,7.306,2.356,,0.129,,0.043,8.916,4.119
Mongolia,MNG,1991,2202772.0,4287970064.0,11.96,5.429,2.789,10.171,1.704,,0.085,,0.052,8.731,3.964
Mongolia,MNG,1992,2239130.0,4068637517.0,10.943,4.887,2.69,9.194,1.7,,0.05,,0.049,9.139,4.082
Mongolia,MNG,1993,2273515.0,4139237763.0,9.193,4.044,2.221,7.592,1.575,,0.026,,0.04,6.041,2.657
Mongolia,MNG,1994,2305743.0,4442844414.0,7.865,3.411,1.77,6.8,1.033,,0.031,0.0,0.034,5.835,2.531
Mongolia,MNG,1995,2335717.0,4952892782.0,7.837,3.355,1.582,6.841,0.956,,0.04,0.0,0.033,5.948,2.546
Mongolia,MNG,1996,2363469.0,5318281056.0,7.935,3.358,1.492,6.83,1.066,,0.039,0.0,0.033,7.154,3.027
Mongolia,MNG,1997,2389133.0,5799570113.0,7.615,3.187,1.313,6.525,1.048,,0.042,0.0,0.031,6.294,2.635
Mongolia,MNG,1998,2412793.0,6297035099.0,7.622,3.159,1.21,6.434,1.147,,0.041,0.0,0.031,6.622,2.744
Mongolia,MNG,1999,2434041.0,6816929799.0,7.488,3.076,1.098,6.298,1.15,,0.039,0.0,0.03,7.276,2.989
Mongolia,MNG,2000,2455182.0,7225650413.0,7.432,3.027,1.029,6.137,1.261,,0.034,0.0,0.029,7.386,3.008
Mongolia,MNG,2001,2477704.0,7799420655.0,7.804,3.15,1.001,6.356,1.422,,0.025,0.0,0.03,7.862,3.173
Mongolia,MNG,2002,2500074.0,8569503317.0,8.197,3.279,0.956,6.775,1.367,,0.055,0.0,0.031,8.149,3.259
Mongolia,MNG,2003,2521809.0,9616040556.0,7.935,3.146,0.825,6.383,1.491,,0.061,0.0,0.029,8.445,3.349
Mongolia,MNG,2004,2542801.0,11156311740.0,8.501,3.343,0.762,6.793,1.652,,0.056,0.0,0.03,8.656,3.404
Mongolia,MNG,2005,2563466.0,12547451302.0,8.515,3.322,0.679,6.811,1.63,,0.073,0.0,0.029,8.937,3.486
Mongolia,MNG,2006,2584761.0,14288905306.0,9.281,3.591,0.65,7.372,1.821,,0.088,0.0,0.03,9.7,3.753
Mongolia,MNG,2007,2607976.0,16520107221.0,11.958,4.585,0.724,9.57,2.275,,0.112,0.0,0.038,12.384,4.748
Mongolia,MNG,2008,2634431.0,18865759800.0,11.918,4.524,0.632,9.337,2.458,,0.123,0.0,0.037,13.245,5.028
Mongolia,MNG,2009,2665333.0,19534582355.0,13.03,4.889,0.667,10.648,2.283,,0.1,0.0,0.041,13.656,5.124
Mongolia,MNG,2010,2701739.0,21791068014.0,13.772,5.098,0.632,11.18,2.421,,0.172,0.0,0.041,14.924,5.524
Mongolia,MNG,2011,2745183.0,26811268000.0,21.368,7.784,0.797,18.206,3.005,,0.157,0.0,0.062,23.805,8.672
Mongolia,MNG,2012,2795463.0,30114910000.0,34.996,12.519,1.162,31.394,3.433,,0.157,0.013,0.1,35.855,12.826
Mongolia,MNG,2013,2851887.0,33619040000.0,43.478,15.245,1.293,39.791,3.576,,0.096,0.015,0.123,43.678,15.315
Mongolia,MNG,2014,2913041.0,36271699000.0,29.63,10.171,0.817,26.014,3.408,,0.182,0.025,0.084,29.286,10.053
Mongolia,MNG,2015,2976528.0,37107214000.0,23.279,7.821,0.627,19.694,3.367,,0.182,0.035,0.066,23.495,7.894
Mongolia,MNG,2016,3040815.0,37322351698.0,25.629,8.428,0.687,22.533,2.888,,0.192,0.017,0.072,23.635,7.772
Mongolia,MNG,2017,3104371.0,39053686549.0,34.139,10.997,0.874,30.074,3.759,,0.3,0.006,0.095,30.169,9.718
Mongolia,MNG,2018,3167714.0,41646694213.0,45.319,14.307,1.088,40.945,3.957,,0.414,0.003,0.123,40.783,12.875
Mongolia,MNG,2019,3232118.0,43979841080.0,47.119,14.578,1.071,41.638,4.994,,0.487,0.0,0.127,41.577,12.864
Mongolia,MNG,2020,3290786.0,41975349786.0,42.478,12.908,1.012,36.992,4.961,,0.525,0.0,0.121,37.543,11.408
Mongolia,MNG,2021,3339676.0,42662390805.0,35.972,10.771,0.843,30.594,4.804,,0.574,0.0,0.098,33.557,10.048
Mongolia,MNG,2022,3386015.0,44809463232.0,40.443,11.944,0.903,34.691,5.15,,0.603,0.0,0.108,36.486,10.775
Mongolia,MNG,2023,3431938.0,,44.184,12.874,,38.456,5.125,,0.603,0.0,0.116,36.605,10.666
Mongolia,MNG,2024,3475541.0,,44.694,12.86,,38.731,5.36,,0.603,0.0,0.116,,
Montenegro,MNE,1990,620507.0,3852049384.0,2.209,3.56,0.573,1.618,0.587,,,0.004,0.01,,
Montenegro,MNE,1991,623564.0,3585538585.0,1.563,2.506,0.436,1.031,0.529,,,0.003,0.007,,
Montenegro,MNE,1992,626030.0,2862750332.0,1.671,2.67,0.584,1.345,0.326,,,0.0,0.007,,
Montenegro,MNE,1993,628107.0,1856250947.0,1.458,2.321,0.785,1.219,0.238,,,0.0,0.006,,
Montenegro,MNE,1994,629890.0,1915098721.0,1.416,2.248,0.739,1.199,0.217,,,0.0,0.006,,
Montenegro,MNE,1995,631386.0,2226638536.0,1.496,2.369,0.672,1.265,0.231,,,0.0,0.006,,
Montenegro,MNE,1996,632625.0,2909671906.0,1.75,2.766,0.601,1.278,0.471,,,0.0,0.007,,
Montenegro,MNE,1997,633539.0,3194862294.0,1.881,2.969,0.589,1.252,0.629,,,0.0,0.008,,
Montenegro,MNE,1998,634099.0,3442987998.0,1.98,3.123,0.575,1.424,0.557,,,0.0,0.008,,
Montenegro,MNE,1999,634280.0,3205303470.0,1.365,2.153,0.426,1.092,0.274,,,0.0,0.005,,
Montenegro,MNE,2000,634198.0,3766655741.0,1.516,2.39,0.402,1.256,0.26,,,0.0,0.006,,
Montenegro,MNE,2001,634001.0,4003584918.0,1.627,2.566,0.406,1.167,0.46,,,0.0,0.006,,
Montenegro,MNE,2002,633767.0,4290323123.0,1.74,2.746,0.406,1.213,0.528,,,0.0,0.007,,
Montenegro,MNE,2003,633563.0,4622735968.0,1.863,2.941,0.403,1.278,0.586,,,0.0,0.007,,
Montenegro,MNE,2004,633756.0,5084311894.0,2.034,3.21,0.4,1.344,0.69,,,0.0,0.007,,
Montenegro,MNE,2005,634059.0,5587145362.0,1.934,3.05,0.346,1.134,0.801,,,0.0,0.007,,
Montenegro,MNE,2006,633876.0,6395709656.0,2.063,3.254,0.323,1.257,0.806,,,0.0,0.007,,
Montenegro,MNE,2007,633388.0,7462959925.0,2.056,3.245,0.275,1.024,1.031,,,0.0,0.007,,
Montenegro,MNE,2008,632855.0,8414771352.0,2.605,4.116,0.31,1.512,1.093,,,0.0,0.008,,
Montenegro,MNE,2009,632445.0,8371377925.0,1.682,2.659,0.201,0.817,0.865,,,0.0,0.005,,
Montenegro,MNE,2010,632088.0,9033097807.0,2.422,3.832,0.268,1.623,0.799,,,0.0,0.007,,
Montenegro,MNE,2011,632689.0,9801452189.0,2.407,3.805,0.246,1.677,0.73,,,0.0,0.007,,
Montenegro,MNE,2012,633546.0,9593079942.0,2.213,3.493,0.231,1.506,0.707,,,0.0,0.006,,
Montenegro,MNE,2013,633199.0,9985414363.0,2.151,3.397,0.215,1.451,0.7,,,0.0,0.006,,
Montenegro,MNE,2014,631377.0,10205667487.0,2.107,3.337,0.206,1.418,0.689,,,0.0,0.006,,
Montenegro,MNE,2015,628145.0,10689584516.0,2.239,3.564,0.209,1.495,0.744,,,0.0,0.006,,
Montenegro,MNE,2016,624246.0,10988665274.0,2.015,3.228,0.183,1.183,0.832,,,0.0,0.006,,
Montenegro,MNE,2017,620112.0,11487747356.0,2.103,3.392,0.183,1.202,0.901,,,0.0,0.006,,
Montenegro,MNE,2018,615798.0,12049855060.0,2.404,3.903,0.199,1.425,0.978,,,0.0,0.007,,
Montenegro,MNE,2019,611671.0,12539436047.0,2.477,4.049,0.198,1.455,1.022,,,0.0,0.007,,
Montenegro,MNE,2020,607934.0,10620037519.0,2.404,3.954,0.226,1.513,0.89,,,0.0,0.007,,
Montenegro,MNE,2021,603854.0,12005261164.0,2.411,3.993,0.201,1.326,1.085,,,0.0,0.007,,
Montenegro,MNE,2022,614649.0,12774399882.0,2.495,4.06,0.195,1.409,1.087,,,0.0,0.007,,
Montenegro,MNE,2023,633553.0,,2.407,3.799,,1.334,1.073,,,0.0,0.006,,
Montenegro,MNE,2024,638481.0,,2.376,3.722,,1.286,1.09,,,0.0,0.006,,
Montserrat,MSR,1990,10700.0,,0.029,2.739,,,0.029,,0.0,,0.0,,
Montserrat,MSR,1991,10464.0,,0.029,2.801,,,0.029,,0.0,,0.0,,
Montserrat,MSR,1992,10013.0,,0.029,2.927,,,0.029,,0.0,,0.0,,
Montserrat,MSR,1993,9454.0,,0.029,3.1,,,0.029,,0.0,,0.0,,
Montserrat,MSR,1994,8867.0,,0.033,3.719,,,0.033,,0.0,0.0,0.0,,
Montserrat,MSR,1995,8257.0,,0.033,3.994,,,0.033,,0.0,0.0,0.0,,
Montserrat,MSR,1996,7626.0,,0.037,4.805,,,0.037,,0.0,0.0,0.0,,
Montserrat,MSR,1997,6979.0,,0.033,4.725,,,0.033,,0.0,0.0,0.0,,
Montserrat,MSR,1998,6321.0,,0.029,4.637,,,0.029,,0.0,0.0,0.0,,
Montserrat,MSR,1999,5685.0,,0.037,6.445,,,0.037,,0.0,0.0,0.0,,
Montserrat,MSR,2000,5053.0,,0.026,5.076,,,0.026,,0.0,0.0,0.0,,
Montserrat,MSR,2001,4616.0,,0.026,5.556,,,0.026,,0.0,0.0,0.0,,
Montserrat,MSR,2002,4500.0,,0.044,9.771,,,0.044,,0.0,0.0,0.0,,
Montserrat,MSR,2003,4515.0,,0.037,8.115,,,0.037,,0.0,0.0,0.0,,
Montserrat,MSR,2004,4541.0,,0.048,10.489,,,0.048,,0.0,0.0,0.0,,
Montserrat,MSR,2005,4574.0,,0.04,8.812,,,0.04,,0.0,0.0,0.0,,
Montserrat,MSR,2006,4606.0,,0.04,8.75,,,0.04,,0.0,0.0,0.0,,
Montserrat,MSR,2007,4649.0,,0.04,8.669,,,0.04,,0.0,0.0,0.0,,
Montserrat,MSR,2008,4700.0,,0.044,9.355,,,0.044,,0.0,0.0,0.0,,
Montserrat,MSR,2009,4759.0,,0.044,9.239,,,0.044,,0.0,0.0,0.0,,
Montserrat,MSR,2010,4819.0,,0.059,12.165,,,0.059,,0.0,0.0,0.0,,
Montserrat,MSR,2011,4846.0,,0.037,7.561,,,0.037,,0.0,0.0,0.0,,
Montserrat,MSR,2012,4822.0,,0.04,8.358,,,0.04,,0.0,0.0,0.0,,
Montserrat,MSR,2013,4774.0,,0.051,10.745,,,0.051,,0.0,0.0,0.0,,
Montserrat,MSR,2014,4738.0,,0.044,9.28,,,0.044,,0.0,0.0,0.0,,
Montserrat,MSR,2015,4693.0,,0.051,10.93,,,0.051,,0.0,0.0,0.0,,
Montserrat,MSR,2016,4665.0,,0.029,6.283,,,0.029,,0.0,0.0,0.0,,
Montserrat,MSR,2017,4624.0,,0.026,5.547,,,0.026,,0.0,0.0,0.0,,
Montserrat,MSR,2018,4595.0,,0.029,6.379,,,0.029,,0.0,0.0,0.0,,
Montserrat,MSR,2019,4564.0,,0.026,5.62,,,0.026,,0.0,0.0,0.0,,
Montserrat,MSR,2020,4532.0,,0.022,4.851,,,0.022,,0.0,0.0,0.0,,
Montserrat,MSR,2021,4505.0,,0.022,4.88,,,0.022,,0.0,0.0,0.0,,
Montserrat,MSR,2022,4476.0,,0.026,5.73,,,0.026,,0.0,0.0,0.0,,
Montserrat,MSR,2023,4440.0,,0.026,5.765,,,0.026,,0.0,0.0,0.0,,
Montserrat,MSR,2024,4414.0,,0.027,6.022,,,0.027,,0.0,0.0,0.0,,
Morocco,MAR,1990,24375558.0,102154759492.0,22.298,0.915,0.218,4.221,16.125,0.11,1.842,,0.098,29.608,1.215
Morocco,MAR,1991,24799016.0,109740063063.0,23.688,0.955,0.216,4.874,16.227,0.073,2.514,,0.102,29.796,1.201
Morocco,MAR,1992,25212469.0,107664067531.0,24.737,0.981,0.23,4.184,17.76,0.048,2.745,,0.11,34.287,1.36
Morocco,MAR,1993,25614586.0,107072637645.0,26.782,1.046,0.25,4.763,19.24,0.048,2.732,,0.118,33.866,1.322
Morocco,MAR,1994,26000824.0,118651280111.0,28.124,1.082,0.237,5.309,20.057,0.044,2.714,0.0,0.122,34.684,1.334
Morocco,MAR,1995,26399431.0,112285412713.0,28.75,1.089,0.256,6.314,19.693,0.026,2.718,0.0,0.122,35.57,1.347
Morocco,MAR,1996,26808109.0,126007526018.0,29.525,1.101,0.234,8.051,18.663,0.033,2.778,0.0,0.122,33.309,1.243
Morocco,MAR,1997,27213340.0,123891488018.0,29.978,1.102,0.242,7.682,19.197,0.066,3.032,0.0,0.123,32.939,1.21
Morocco,MAR,1998,27621638.0,132709015459.0,30.881,1.118,0.233,8.57,19.159,0.066,3.086,0.0,0.127,34.348,1.244
Morocco,MAR,1999,28027188.0,134068868267.0,31.989,1.141,0.239,8.299,20.5,0.077,3.113,0.0,0.129,37.814,1.349
Morocco,MAR,2000,28423439.0,136639290851.0,33.199,1.168,0.243,10.028,19.756,0.088,3.326,0.0,0.13,37.996,1.337
Morocco,MAR,2001,28814646.0,146692867628.0,36.809,1.277,0.251,12.774,19.872,0.084,4.079,0.0,0.143,41.212,1.43
Morocco,MAR,2002,29198146.0,151385794465.0,37.31,1.278,0.246,13.106,19.987,0.084,4.132,0.0,0.142,43.574,1.492
Morocco,MAR,2003,29571415.0,160559931983.0,36.57,1.237,0.228,12.234,20.071,0.081,4.184,0.0,0.132,40.614,1.373
Morocco,MAR,2004,29953021.0,168466885680.0,42.226,1.41,0.251,13.689,24.043,0.099,4.395,0.0,0.148,46.831,1.563
Morocco,MAR,2005,30358145.0,174390745088.0,44.661,1.471,0.256,14.084,25.344,0.868,4.364,0.0,0.151,48.836,1.609
Morocco,MAR,2006,30771179.0,188101125607.0,46.249,1.503,0.246,14.699,25.983,1.095,4.472,0.0,0.151,50.97,1.656
Morocco,MAR,2007,31186468.0,195286744421.0,48.913,1.568,0.25,15.078,27.588,1.242,5.004,0.0,0.155,55.364,1.775
Morocco,MAR,2008,31606769.0,207385199268.0,51.372,1.625,0.248,14.122,30.681,1.114,5.455,0.0,0.16,61.166,1.935
Morocco,MAR,2009,32030779.0,216763299753.0,50.86,1.588,0.235,13.168,30.884,1.209,5.598,0.0,0.161,57.054,1.781
Morocco,MAR,2010,32467009.0,225643836837.0,54.365,1.674,0.241,13.223,34.478,1.304,5.359,0.0,0.163,58.878,1.813
Morocco,MAR,2011,32912585.0,238103276789.0,54.868,1.667,0.23,11.465,36.574,1.638,5.191,0.0,0.159,62.872,1.91
Morocco,MAR,2012,33355246.0,245270189355.0,56.954,1.707,0.232,11.462,37.258,2.396,5.838,0.0,0.163,62.875,1.885
Morocco,MAR,2013,33787573.0,256393198875.0,56.606,1.675,0.221,11.212,36.973,2.349,6.073,0.0,0.16,61.83,1.83
Morocco,MAR,2014,34204784.0,263251716082.0,57.175,1.672,0.217,15.3,34.458,2.246,5.171,0.0,0.161,61.264,1.791
Morocco,MAR,2015,34607590.0,274689990243.0,58.499,1.69,0.213,16.847,34.079,2.323,5.25,0.0,0.165,61.557,1.779
Morocco,MAR,2016,35023459.0,276121131010.0,58.457,1.669,0.212,16.235,34.654,2.363,5.205,0.0,0.165,66.106,1.887
Morocco,MAR,2017,35446395.0,290087315215.0,61.104,1.724,0.211,16.875,36.828,2.345,5.055,0.0,0.17,66.74,1.883
Morocco,MAR,2018,35839760.0,298981397583.0,62.315,1.739,0.208,19.519,35.792,2.114,4.889,0.0,0.17,68.514,1.912
Morocco,MAR,2019,36210907.0,307624970074.0,68.743,1.898,0.223,25.263,36.479,2.004,4.997,0.0,0.185,72.678,2.007
Morocco,MAR,2020,36584208.0,285515953096.0,64.542,1.764,0.226,25.355,33.152,1.557,4.478,0.0,0.184,67.739,1.852
Morocco,MAR,2021,36954443.0,308157391278.0,70.275,1.902,0.228,26.592,36.986,1.557,5.14,0.0,0.191,74.391,2.013
Morocco,MAR,2022,37329068.0,311654947615.0,69.779,1.869,0.224,26.936,37.812,0.438,4.593,0.0,0.186,71.386,1.912
Morocco,MAR,2023,37712516.0,,68.961,1.829,,25.266,37.534,1.781,4.38,0.0,0.181,69.914,1.854
Morocco,MAR,2024,38081176.0,,69.062,1.814,,22.983,39.902,1.798,4.38,0.0,0.179,,
Mozambique,MOZ,1990,13094535.0,22495834078.0,1.025,0.078,0.046,0.154,0.839,,0.032,,0.005,1.62,0.124
Mozambique,MOZ,1991,13352091.0,22102096456.0,0.941,0.071,0.043,0.165,0.744,,0.033,,0.004,1.496,0.112
Mozambique,MOZ,1992,13613314.0,19279761969.0,1.027,0.075,0.053,0.158,0.857,0.0,0.012,,0.005,1.603,0.118
Mozambique,MOZ,1993,14051203.0,19284149798.0,1.14,0.081,0.059,0.158,0.974,0.0,0.008,,0.005,1.703,0.121
Mozambique,MOZ,1994,15033852.0,18783666165.0,1.098,0.073,0.058,0.158,0.916,0.0,0.024,0.0,0.005,1.692,0.113
Mozambique,MOZ,1995,15960530.0,17625138412.0,1.131,0.071,0.064,0.15,0.956,0.0,0.024,0.0,0.005,1.758,0.11
Mozambique,MOZ,1996,16492484.0,20572895284.0,1.092,0.066,0.053,0.066,0.953,0.0,0.073,0.0,0.005,1.235,0.075
Mozambique,MOZ,1997,16949988.0,20995038319.0,1.17,0.069,0.056,0.066,1.015,0.0,0.089,0.0,0.005,1.375,0.081
Mozambique,MOZ,1998,17340463.0,21637918333.0,1.112,0.064,0.051,0.0,1.026,0.0,0.086,0.0,0.005,1.364,0.079
Mozambique,MOZ,1999,17734499.0,21504902826.0,1.168,0.066,0.054,0.0,1.081,0.0,0.087,0.0,0.005,1.64,0.092
Mozambique,MOZ,2000,18129652.0,20141918616.0,1.322,0.073,0.066,0.0,1.213,0.0,0.109,0.0,0.005,4.156,0.229
Mozambique,MOZ,2001,18537735.0,20943673338.0,1.554,0.084,0.074,0.0,1.444,0.004,0.107,0.0,0.006,4.672,0.252
Mozambique,MOZ,2002,18958338.0,21025370393.0,1.537,0.081,0.073,0.0,1.337,0.004,0.197,0.0,0.006,4.573,0.241
Mozambique,MOZ,2003,19392477.0,20673806269.0,1.856,0.096,0.09,0.0,1.612,0.004,0.24,0.0,0.007,5.422,0.28
Mozambique,MOZ,2004,19840312.0,20561725686.0,1.864,0.094,0.091,0.0,1.638,0.007,0.219,0.0,0.007,5.457,0.275
Mozambique,MOZ,2005,20304577.0,20658231192.0,1.77,0.087,0.086,0.0,1.436,0.139,0.194,0.0,0.006,6.176,0.304
Mozambique,MOZ,2006,20787088.0,20951970966.0,1.916,0.092,0.091,0.0,1.517,0.161,0.238,0.0,0.006,5.971,0.287
Mozambique,MOZ,2007,21287638.0,20803537606.0,2.189,0.103,0.105,0.026,1.836,0.07,0.257,0.0,0.007,7.084,0.333
Mozambique,MOZ,2008,21819037.0,20553356220.0,2.18,0.1,0.106,0.026,1.751,0.117,0.286,0.0,0.007,8.358,0.383
Mozambique,MOZ,2009,22391751.0,20249940482.0,2.439,0.109,0.12,0.026,1.964,0.15,0.299,0.0,0.008,8.133,0.363
Mozambique,MOZ,2010,22999234.0,20039610112.0,2.638,0.115,0.132,0.026,2.117,0.154,0.341,0.0,0.008,7.833,0.341
Mozambique,MOZ,2011,23649045.0,19919625683.0,3.107,0.131,0.156,0.125,2.426,0.183,0.373,0.0,0.009,10.431,0.441
Mozambique,MOZ,2012,24337849.0,21365393250.0,3.052,0.125,0.143,0.04,2.313,0.172,0.453,0.074,0.009,10.085,0.414
Mozambique,MOZ,2013,25051613.0,22853277292.0,3.579,0.143,0.157,0.037,2.675,0.355,0.506,0.006,0.01,15.057,0.601
Mozambique,MOZ,2014,25788473.0,24544192952.0,8.118,0.315,0.331,0.821,5.364,1.326,0.586,0.021,0.023,19.677,0.763
Mozambique,MOZ,2015,26547576.0,26194296097.0,6.731,0.254,0.257,0.433,3.934,1.741,0.614,0.009,0.019,16.124,0.607
Mozambique,MOZ,2016,27337107.0,27195969056.0,8.548,0.313,0.314,0.051,6.009,1.535,0.948,0.004,0.024,15.628,0.572
Mozambique,MOZ,2017,28166397.0,28213368238.0,6.905,0.245,0.245,0.026,4.335,1.612,0.911,0.022,0.019,12.614,0.448
Mozambique,MOZ,2018,29018647.0,29185036688.0,7.01,0.242,0.24,0.062,4.388,1.617,0.93,0.013,0.019,12.495,0.431
Mozambique,MOZ,2019,29884378.0,29860675429.0,7.097,0.237,0.238,0.044,4.276,1.729,1.046,0.002,0.019,12.951,0.433
Mozambique,MOZ,2020,30783685.0,29502646219.0,6.34,0.206,0.215,0.077,3.556,1.661,1.046,0.0,0.018,12.172,0.395
Mozambique,MOZ,2021,31707798.0,30189464161.0,7.722,0.244,0.256,0.026,4.847,1.803,1.046,0.0,0.021,13.788,0.435
Mozambique,MOZ,2022,32656242.0,31441725629.0,9.296,0.285,0.296,0.033,5.206,2.145,1.085,0.826,0.025,14.822,0.454
Mozambique,MOZ,2023,33635163.0,,9.093,0.27,,0.038,5.308,2.21,1.085,0.452,0.024,14.428,0.429
Mozambique,MOZ,2024,34631767.0,,8.613,0.249,,0.039,5.402,1.941,1.085,0.146,0.022,,
Myanmar,MMR,1990,39817253.0,49171474105.0,4.236,0.106,0.086,0.275,2.045,1.74,0.169,0.007,0.019,,
Myanmar,MMR,1991,40394159.0,48063924892.0,4.137,0.102,0.086,0.289,2.019,1.641,0.18,0.007,0.018,,
Myanmar,MMR,1992,40950342.0,51891171124.0,4.842,0.118,0.093,0.121,2.906,1.616,0.189,0.011,0.022,,
Myanmar,MMR,1993,41502423.0,54198379043.0,5.303,0.128,0.098,0.051,3.081,1.993,0.162,0.015,0.023,,
Myanmar,MMR,1994,42055150.0,57338246186.0,6.174,0.147,0.108,0.04,3.451,2.492,0.191,0.0,0.027,,
Myanmar,MMR,1995,42605343.0,60452844316.0,6.893,0.162,0.114,0.066,3.829,2.788,0.209,0.0,0.029,,
Myanmar,MMR,1996,43154858.0,63378625652.0,7.188,0.167,0.113,0.048,3.909,3.026,0.204,0.0,0.03,,
Myanmar,MMR,1997,43708802.0,65935166316.0,7.42,0.17,0.113,0.051,3.889,3.27,0.209,0.0,0.03,,
Myanmar,MMR,1998,44257793.0,68698886620.0,8.046,0.182,0.117,0.055,4.673,3.15,0.147,0.021,0.033,,
Myanmar,MMR,1999,44787727.0,75075477916.0,8.934,0.199,0.119,0.366,5.423,2.979,0.136,0.029,0.036,,
Myanmar,MMR,2000,45290850.0,84093543935.0,10.219,0.226,0.122,1.359,5.91,2.741,0.158,0.051,0.04,,
Myanmar,MMR,2001,45771140.0,92175090616.0,8.856,0.193,0.096,1.565,4.869,2.224,0.152,0.046,0.034,,
Myanmar,MMR,2002,46232656.0,101591501239.0,9.328,0.202,0.092,1.235,5.544,2.301,0.188,0.061,0.036,,
Myanmar,MMR,2003,46667191.0,113781428684.0,9.997,0.214,0.088,0.601,6.051,3.057,0.227,0.06,0.036,,
Myanmar,MMR,2004,47068779.0,127115611447.0,12.565,0.267,0.099,0.729,6.41,5.157,0.206,0.063,0.044,,
Myanmar,MMR,2005,47438362.0,142039114248.0,11.548,0.243,0.081,0.586,5.247,5.456,0.214,0.045,0.039,,
Myanmar,MMR,2006,47785141.0,158028614076.0,12.817,0.268,0.081,0.952,5.458,6.135,0.223,0.049,0.042,,
Myanmar,MMR,2007,48125047.0,174123352808.0,12.845,0.267,0.074,0.821,5.566,6.167,0.234,0.058,0.041,,
Myanmar,MMR,2008,48390790.0,177512910900.0,9.772,0.202,0.055,0.649,5.163,3.649,0.258,0.053,0.03,,
Myanmar,MMR,2009,48660458.0,183291522878.0,10.211,0.21,0.056,0.608,3.867,5.425,0.256,0.055,0.032,,
Myanmar,MMR,2010,49024376.0,189724140707.0,13.125,0.268,0.069,1.231,7.495,4.141,0.204,0.053,0.039,,
Myanmar,MMR,2011,49419825.0,197359087812.0,15.122,0.306,0.077,1.663,7.667,5.495,0.203,0.094,0.044,,
Myanmar,MMR,2012,49837451.0,210159799971.0,11.826,0.237,0.056,1.704,6.062,3.577,0.348,0.134,0.034,,
Myanmar,MMR,2013,50262658.0,226760324221.0,12.715,0.253,0.056,1.143,6.782,4.203,0.429,0.158,0.036,,
Myanmar,MMR,2014,50681635.0,245354667120.0,15.849,0.313,0.065,1.158,9.226,4.829,0.503,0.134,0.045,,
Myanmar,MMR,2015,51089060.0,263690038660.0,21.88,0.428,0.083,0.923,9.622,10.849,0.377,0.108,0.062,,
Myanmar,MMR,2016,51495701.0,280587266112.0,21.144,0.411,0.075,1.125,10.897,8.079,0.962,0.082,0.06,,
Myanmar,MMR,2017,51894939.0,296721043920.0,23.633,0.455,0.08,1.55,11.459,8.465,2.091,0.068,0.066,,
Myanmar,MMR,2018,52272250.0,315726037240.0,34.017,0.651,0.108,3.25,20.888,8.116,1.717,0.045,0.093,,
Myanmar,MMR,2019,52640718.0,337037542855.0,33.617,0.639,0.1,3.931,19.716,7.98,1.946,0.043,0.091,,
Myanmar,MMR,2020,53016525.0,347785669977.0,34.588,0.652,0.099,4.327,19.225,8.698,2.29,0.048,0.098,,
Myanmar,MMR,2021,53387103.0,285399881185.0,29.285,0.549,0.103,2.88,14.762,9.046,2.557,0.039,0.079,,
Myanmar,MMR,2022,53756791.0,291025085135.0,31.639,0.589,0.109,2.924,16.577,9.023,3.091,0.025,0.084,,
Myanmar,MMR,2023,54133800.0,,31.793,0.587,,3.241,16.498,8.942,3.091,0.021,0.083,,
Myanmar,MMR,2024,54500086.0,,31.603,0.58,,3.264,17.253,7.976,3.091,0.019,0.082,,
Namibia,NAM,1990,1369309.0,7363138831.0,,,,,,,0.0,,,0.0,0.0
Namibia,NAM,1991,1415689.0,7919428821.0,1.044,0.738,0.132,0.04,1.004,,0.0,,0.004,1.044,0.738
Namibia,NAM,1992,1461324.0,8581727967.0,1.14,0.78,0.133,0.033,1.107,,0.0,,0.005,1.14,0.78
Namibia,NAM,1993,1508698.0,8429492929.0,1.374,0.911,0.163,0.238,1.136,,0.0,,0.006,1.374,0.911
Namibia,NAM,1994,1556315.0,9059011736.0,1.557,1.001,0.172,0.264,1.293,,0.0,0.0,0.007,1.557,1.001
Namibia,NAM,1995,1602181.0,9444539646.0,1.619,1.011,0.171,0.044,1.576,,0.0,0.0,0.007,1.619,1.011
Namibia,NAM,1996,1646107.0,9761025681.0,1.718,1.044,0.176,0.037,1.682,,0.0,0.0,0.007,1.718,1.044
Namibia,NAM,1997,1689274.0,10187928589.0,1.814,1.074,0.178,0.029,1.784,,0.0,0.0,0.007,1.814,1.074
Namibia,NAM,1998,1732747.0,10539117428.0,1.865,1.076,0.177,0.029,1.836,,0.0,0.0,0.008,1.865,1.076
Namibia,NAM,1999,1776371.0,10909782994.0,1.74,0.98,0.16,0.015,1.726,,0.0,0.0,0.007,1.74,0.98
Namibia,NAM,2000,1818650.0,11306497296.0,1.718,0.945,0.152,0.037,1.682,,0.0,0.0,0.007,1.632,0.897
Namibia,NAM,2001,1857059.0,11455708939.0,2.231,1.202,0.195,0.103,2.129,,0.0,0.0,0.009,2.151,1.158
Namibia,NAM,2002,1889976.0,12021866961.0,1.971,1.043,0.164,0.077,1.894,,0.0,0.0,0.008,1.823,0.964
Namibia,NAM,2003,1917469.0,12213390181.0,2.092,1.091,0.171,0.103,1.99,,0.0,0.0,0.008,1.914,0.998
Namibia,NAM,2004,1942087.0,13656396271.0,2.239,1.153,0.164,0.117,2.121,,0.0,0.0,0.008,2.194,1.129
Namibia,NAM,2005,1966581.0,14023333339.0,2.532,1.287,0.181,0.092,2.44,,0.0,0.0,0.009,2.52,1.281
Namibia,NAM,2006,1991890.0,15035738461.0,2.524,1.267,0.168,0.216,2.308,,0.0,0.0,0.008,2.275,1.142
Namibia,NAM,2007,2018607.0,15866803390.0,2.327,1.153,0.147,0.095,2.231,,0.0,0.0,0.007,2.497,1.237
Namibia,NAM,2008,2047059.0,16311345821.0,2.858,1.396,0.175,0.275,2.583,,0.0,0.0,0.009,3.364,1.643
Namibia,NAM,2009,2077400.0,16383138236.0,2.66,1.28,0.162,0.187,2.473,,0.0,0.0,0.008,2.913,1.402
Namibia,NAM,2010,2109815.0,17398594185.0,2.788,1.322,0.16,0.191,2.598,,0.0,0.0,0.008,9.316,4.416
Namibia,NAM,2011,2146331.0,18309342330.0,2.786,1.298,0.152,0.132,2.506,,0.148,0.0,0.008,9.205,4.289
Namibia,NAM,2012,2194656.0,19236166518.0,3.194,1.455,0.166,0.158,2.814,,0.223,0.0,0.009,9.135,4.162
Namibia,NAM,2013,2252505.0,20316276333.0,3.004,1.334,0.148,0.132,2.601,,0.27,0.0,0.009,9.476,4.207
Namibia,NAM,2014,2312143.0,21554146363.0,3.099,1.34,0.144,0.062,2.734,,0.303,0.0,0.009,11.267,4.873
Namibia,NAM,2015,2374305.0,22473214767.0,3.394,1.429,0.151,0.084,2.979,,0.33,0.0,0.01,10.777,4.539
Namibia,NAM,2016,2439219.0,22480856444.0,3.582,1.469,0.159,0.132,3.188,,0.263,0.0,0.01,11.328,4.644
Namibia,NAM,2017,2506854.0,22249978012.0,3.59,1.432,0.161,0.154,3.03,,0.406,0.0,0.01,9.275,3.7
Namibia,NAM,2018,2577327.0,22485828408.0,3.635,1.41,0.162,0.099,3.053,,0.484,0.0,0.01,9.188,3.565
Namibia,NAM,2019,2650499.0,22297166631.0,3.73,1.407,0.167,0.132,3.078,,0.52,0.0,0.01,9.344,3.525
Namibia,NAM,2020,2728760.0,20505368156.0,3.44,1.261,0.168,0.146,2.826,,0.469,0.0,0.01,8.791,3.222
Namibia,NAM,2021,2810552.0,21049990407.0,3.608,1.284,0.171,0.125,2.979,,0.504,0.0,0.01,9.81,3.491
Namibia,NAM,2022,2889668.0,21858730428.0,3.414,1.181,0.156,0.029,2.917,,0.468,0.0,0.009,9.763,3.378
Namibia,NAM,2023,2963102.0,,3.443,1.162,,0.028,2.947,,0.468,0.0,0.009,9.646,3.255
Namibia,NAM,2024,3030127.0,,3.469,1.145,,0.029,2.972,,0.468,0.0,0.009,,
Nauru,NRU,1990,9645.0,,0.125,12.916,,,0.125,,0.0,,0.001,,
Nauru,NRU,1991,9873.0,,0.125,12.618,,,0.125,,0.0,,0.001,,
Nauru,NRU,1992,10042.0,,0.121,12.041,,,0.121,,0.0,,0.001,,
Nauru,NRU,1993,10123.0,,0.114,11.22,,,0.114,,0.0,,0.0,,
Nauru,NRU,1994,10163.0,,0.11,10.816,,,0.11,,0.0,0.0,0.0,,
Nauru,NRU,1995,10187.0,,0.106,10.431,,,0.106,,0.0,0.0,0.0,,
Nauru,NRU,1996,10206.0,,0.103,10.052,,,0.103,,0.0,0.0,0.0,,
Nauru,NRU,1997,10218.0,,0.103,10.04,,,0.103,,0.0,0.0,0.0,,
Nauru,NRU,1998,10220.0,,0.099,9.68,,,0.099,,0.0,0.0,0.0,,
Nauru,NRU,1999,10207.0,,0.092,8.974,,,0.092,,0.0,0.0,0.0,,
Nauru,NRU,2000,10187.0,,0.088,8.632,,,0.088,,0.0,0.0,0.0,,
Nauru,NRU,2001,10147.0,,0.081,7.944,,,0.081,,0.0,0.0,0.0,,
Nauru,NRU,2002,10105.0,,0.077,7.614,,,0.077,,0.0,0.0,0.0,,
Nauru,NRU,2003,10086.0,,0.066,6.539,,,0.066,,0.0,0.0,0.0,,
Nauru,NRU,2004,10084.0,,0.062,6.177,,,0.062,,0.0,0.0,0.0,,
Nauru,NRU,2005,10071.0,,0.062,6.185,,,0.062,,0.0,0.0,0.0,,
Nauru,NRU,2006,10061.0,,0.044,4.37,,,0.044,,0.0,0.0,0.0,,
Nauru,NRU,2007,10042.0,,0.04,4.014,,,0.04,,0.0,0.0,0.0,,
Nauru,NRU,2008,10032.0,,0.04,4.018,,,0.04,,0.0,0.0,0.0,,
Nauru,NRU,2009,10041.0,,0.04,4.014,,,0.04,,0.0,0.0,0.0,,
Nauru,NRU,2010,10067.0,,0.044,4.368,,,0.044,,0.0,0.0,0.0,,
Nauru,NRU,2011,10116.0,,0.04,3.984,,,0.04,,0.0,0.0,0.0,,
Nauru,NRU,2012,10289.0,,0.04,3.917,,,0.04,,0.0,0.0,0.0,,
Nauru,NRU,2013,10539.0,,0.048,4.52,,,0.048,,0.0,0.0,0.0,,
Nauru,NRU,2014,10766.0,,0.051,4.765,,,0.051,,0.0,0.0,0.0,,
Nauru,NRU,2015,10975.0,,0.055,5.008,,,0.055,,0.0,0.0,0.0,,
Nauru,NRU,2016,11173.0,,0.051,4.591,,,0.051,,0.0,0.0,0.0,,
Nauru,NRU,2017,11351.0,,0.055,4.842,,,0.055,,0.0,0.0,0.0,,
Nauru,NRU,2018,11499.0,,0.055,4.78,,,0.055,,0.0,0.0,0.0,,
Nauru,NRU,2019,11609.0,,0.051,4.419,,,0.051,,0.0,0.0,0.0,,
Nauru,NRU,2020,11665.0,,0.055,4.712,,,0.055,,0.0,0.0,0.0,,
Nauru,NRU,2021,11727.0,,0.055,4.687,,,0.055,,0.0,0.0,0.0,,
Nauru,NRU,2022,11822.0,,0.059,4.989,,,0.059,,0.0,0.0,0.0,,
Nauru,NRU,2023,11900.0,,0.059,4.933,,,0.059,,0.0,0.0,0.0,,
Nauru,NRU,2024,11968.0,,0.061,5.13,,,0.061,,0.0,0.0,0.0,,
Nepal,NPL,1990,19524579.0,24523435000.0,0.721,0.037,0.029,0.18,0.498,,0.044,,0.003,1.141,0.058
Nepal,NPL,1991,20036507.0,26059005352.0,1.026,0.051,0.039,0.3,0.671,,0.055,,0.004,1.495,0.075
Nepal,NPL,1992,20609708.0,27087697622.0,1.233,0.06,0.046,0.281,0.855,,0.097,,0.005,1.695,0.082
Nepal,NPL,1993,21180158.0,28089918800.0,1.397,0.066,0.05,0.311,0.975,,0.111,,0.006,1.867,0.088
Nepal,NPL,1994,21717483.0,30349286375.0,1.619,0.075,0.053,0.341,1.15,,0.128,0.0,0.007,2.09,0.096
Nepal,NPL,1995,22245443.0,31356698922.0,2.309,0.104,0.074,0.744,1.433,,0.132,0.0,0.01,2.74,0.123
Nepal,NPL,1996,22741867.0,32961840342.0,2.353,0.103,0.071,0.744,1.484,,0.125,0.0,0.01,2.926,0.129
Nepal,NPL,1997,23219458.0,34660347793.0,2.641,0.114,0.076,0.81,1.74,,0.091,0.0,0.011,3.104,0.134
Nepal,NPL,1998,23680358.0,35610081787.0,2.223,0.094,0.062,0.305,1.806,,0.113,0.0,0.009,2.089,0.088
Nepal,NPL,1999,24125201.0,37151145536.0,3.191,0.132,0.086,1.11,1.964,,0.117,0.0,0.013,3.032,0.126
Nepal,NPL,2000,24546509.0,39381724035.0,3.037,0.124,0.077,0.978,1.938,,0.121,0.0,0.012,2.664,0.109
Nepal,NPL,2001,24946755.0,41523111510.0,3.236,0.13,0.078,1.118,2.004,,0.114,0.0,0.013,3.85,0.154
Nepal,NPL,2002,25328989.0,41501458057.0,2.596,0.103,0.063,0.52,1.96,,0.116,0.0,0.01,3.52,0.139
Nepal,NPL,2003,25688762.0,43073954586.0,2.81,0.109,0.065,0.663,2.03,,0.117,0.0,0.01,2.274,0.089
Nepal,NPL,2004,26016652.0,45033771388.0,2.582,0.099,0.057,0.586,1.883,,0.113,0.0,0.009,4.241,0.163
Nepal,NPL,2005,26309462.0,46375899545.0,2.987,0.114,0.064,0.939,1.933,,0.114,0.0,0.01,4.558,0.173
Nepal,NPL,2006,26565430.0,48016624917.0,2.456,0.092,0.051,0.59,1.751,,0.115,0.0,0.008,4.51,0.17
Nepal,NPL,2007,26788498.0,49595508764.0,2.57,0.096,0.052,0.747,1.707,,0.115,0.0,0.008,5.045,0.188
Nepal,NPL,2008,26990036.0,52545963062.0,3.355,0.124,0.064,0.747,2.495,,0.113,0.0,0.01,6.472,0.24
Nepal,NPL,2009,27173035.0,54837737569.0,4.126,0.152,0.075,0.703,2.965,,0.458,0.0,0.013,3.384,0.125
Nepal,NPL,2010,27341955.0,57388251486.0,4.828,0.177,0.084,1.103,3.206,,0.519,0.0,0.014,4.185,0.153
Nepal,NPL,2011,27464499.0,59280309000.0,5.217,0.19,0.088,1.114,3.309,,0.794,0.0,0.015,4.579,0.167
Nepal,NPL,2012,27534916.0,62106290000.0,5.47,0.199,0.088,0.832,3.613,,1.026,0.0,0.016,4.734,0.172
Nepal,NPL,2013,27589997.0,64655772000.0,6.218,0.225,0.096,1.041,4.034,,1.143,0.0,0.018,5.37,0.195
Nepal,NPL,2014,27672373.0,68540931000.0,7.588,0.274,0.111,1.836,4.569,,1.183,0.0,0.021,6.283,0.227
Nepal,NPL,2015,27823631.0,70404490000.0,6.905,0.248,0.098,2.201,3.212,,1.492,0.0,0.02,5.721,0.206
Nepal,NPL,2016,27955471.0,70942615519.0,10.088,0.361,0.142,2.616,5.24,,2.232,0.0,0.029,8.768,0.314
Nepal,NPL,2017,28011258.0,77349484140.0,12.422,0.443,0.161,2.987,6.363,,3.072,0.0,0.035,10.814,0.386
Nepal,NPL,2018,28079688.0,83234791901.0,14.039,0.5,0.169,3.692,6.912,,3.435,0.0,0.038,36.782,1.31
Nepal,NPL,2019,28414066.0,88775779267.0,12.75,0.449,0.144,3.909,5.078,,3.763,0.0,0.034,34.783,1.224
Nepal,NPL,2020,28966580.0,86672124340.0,15.631,0.54,0.18,5.292,7.19,,3.148,0.0,0.044,36.033,1.244
Nepal,NPL,2021,29475016.0,90865461899.0,15.486,0.525,0.17,4.524,7.528,,3.435,0.0,0.042,41.194,1.398
Nepal,NPL,2022,29715435.0,95965910597.0,17.609,0.593,0.183,7.163,8.156,,2.29,0.0,0.047,46.199,1.555
Nepal,NPL,2023,29694614.0,,18.348,0.618,,7.94,8.118,,2.29,0.0,0.048,47.279,1.592
Nepal,NPL,2024,29651054.0,,18.776,0.633,,7.997,8.489,,2.29,0.0,0.049,,
Netherlands,NLD,1990,15030886.0,411390791201.0,163.033,10.847,0.396,36.094,49.437,75.023,0.416,0.885,0.717,174.565,11.614
Netherlands,NLD,1991,15155093.0,423942311236.0,171.469,11.314,0.404,34.259,50.816,83.913,0.498,0.819,0.739,174.476,11.513
Netherlands,NLD,1992,15276787.0,433663917114.0,171.277,11.212,0.395,34.467,51.931,82.528,0.449,0.752,0.761,188.217,12.32
Netherlands,NLD,1993,15389718.0,441708287208.0,171.185,11.123,0.388,33.314,51.942,83.614,0.458,0.686,0.752,181.91,11.82
Netherlands,NLD,1994,15485453.0,457377474101.0,171.952,11.104,0.376,36.511,52.455,80.557,0.463,0.62,0.748,181.158,11.699
Netherlands,NLD,1995,15565034.0,474451023067.0,173.482,11.146,0.366,35.865,53.171,82.168,0.428,0.552,0.738,182.661,11.735
Netherlands,NLD,1996,15640032.0,494206817608.0,182.543,11.671,0.369,34.642,54.527,91.306,0.316,0.496,0.753,191.418,12.239
Netherlands,NLD,1997,15723621.0,518458402185.0,175.466,11.159,0.338,33.759,54.24,85.289,0.376,0.606,0.72,186.7,11.874
Netherlands,NLD,1998,15827109.0,545041076356.0,176.396,11.145,0.324,34.435,55.605,84.315,0.432,0.419,0.726,185.71,11.734
Netherlands,NLD,1999,15940183.0,575899135456.0,171.053,10.731,0.297,30.481,56.175,82.463,0.517,0.308,0.689,135.567,8.505
Netherlands,NLD,2000,16058757.0,603803040978.0,172.154,10.72,0.285,31.789,56.084,82.368,0.469,0.351,0.675,133.635,8.322
Netherlands,NLD,2001,16182705.0,620170874924.0,177.464,10.966,0.286,34.235,56.735,84.587,0.478,0.254,0.691,131.553,8.129
Netherlands,NLD,2002,16288060.0,624424625610.0,176.738,10.851,0.283,34.726,55.279,83.939,0.489,1.202,0.673,149.527,9.18
Netherlands,NLD,2003,16366914.0,629811489833.0,180.169,11.008,0.286,36.055,56.653,84.789,0.434,1.127,0.652,175.707,10.735
Netherlands,NLD,2004,16425562.0,646331449347.0,182.09,11.086,0.282,35.516,56.829,87.1,0.446,1.08,0.636,184.685,11.244
Netherlands,NLD,2005,16465707.0,664118269501.0,178.13,10.818,0.268,34.157,56.811,84.417,0.421,1.161,0.602,203.659,12.369
Netherlands,NLD,2006,16493851.0,691453801614.0,173.279,10.506,0.251,32.946,55.41,82.233,0.4,1.147,0.566,212.709,12.896
Netherlands,NLD,2007,16531360.0,721200009128.0,173.028,10.467,0.24,35.541,54.747,79.979,0.403,1.211,0.549,184.816,11.18
Netherlands,NLD,2008,16597259.0,737705013303.0,175.904,10.598,0.238,34.516,55.119,83.699,0.399,1.0,0.549,198.511,11.96
Netherlands,NLD,2009,16684148.0,713986817901.0,170.433,10.215,0.239,31.75,52.015,84.076,0.416,1.127,0.541,186.812,11.197
Netherlands,NLD,2010,16771232.0,728193221597.0,182.479,10.88,0.251,33.055,52.661,94.173,0.348,1.134,0.548,210.921,12.576
Netherlands,NLD,2011,16851061.0,744614396708.0,169.346,10.05,0.227,32.093,52.533,82.199,0.351,0.977,0.491,200.892,11.922
Netherlands,NLD,2012,16915191.0,736942199791.0,165.752,9.799,0.225,34.336,50.443,78.574,0.308,0.864,0.474,176.91,10.459
Netherlands,NLD,2013,16967066.0,735982982299.0,164.925,9.72,0.224,34.682,48.444,79.184,0.274,1.137,0.468,178.43,10.516
Netherlands,NLD,2014,17030085.0,746458868661.0,157.503,9.249,0.211,38.172,47.304,69.378,0.282,1.092,0.444,165.09,9.694
Netherlands,NLD,2015,17107429.0,761083250759.0,163.958,9.584,0.215,45.539,47.298,68.561,0.249,1.037,0.463,160.66,9.391
Netherlands,NLD,2016,17204693.0,777764090323.0,164.812,9.579,0.212,42.642,47.761,71.762,0.239,1.104,0.466,169.128,9.83
Netherlands,NLD,2017,17315376.0,800404023156.0,162.296,9.373,0.203,38.511,47.637,73.349,0.298,1.118,0.451,165.73,9.571
Netherlands,NLD,2018,17421285.0,819300805024.0,158.264,9.085,0.193,35.112,47.787,72.736,0.22,1.101,0.431,165.477,9.499
Netherlands,NLD,2019,17537505.0,835323029559.0,152.727,8.709,0.183,27.576,47.835,75.065,0.006,1.062,0.412,162.638,9.274
Netherlands,NLD,2020,17636732.0,802861622095.0,136.974,7.766,0.171,19.402,42.415,73.125,0.0,0.931,0.39,146.852,8.326
Netherlands,NLD,2021,17730565.0,841906706612.0,139.886,7.89,0.166,24.983,42.795,69.826,0.0,1.123,0.379,159.289,8.984
Netherlands,NLD,2022,17904421.0,879609110665.0,127.503,7.121,0.145,24.317,43.775,57.125,0.0,1.096,0.34,157.379,8.79
Netherlands,NLD,2023,18092526.0,,117.016,6.468,,17.237,44.07,53.688,0.0,1.039,0.307,150.148,8.299
Netherlands,NLD,2024,18228740.0,,114.785,6.297,,18.605,40.521,53.669,0.0,1.023,0.297,,
New Caledonia,NCL,1990,176468.0,,1.576,8.933,,0.436,1.114,,0.026,,0.007,,
New Caledonia,NCL,1991,181251.0,,1.759,9.703,,0.465,1.257,,0.037,,0.008,,
New Caledonia,NCL,1992,186084.0,,1.575,8.466,,0.322,1.216,,0.037,,0.007,,
New Caledonia,NCL,1993,190858.0,,1.832,9.598,,0.419,1.377,,0.037,,0.008,,
New Caledonia,NCL,1994,195626.0,,1.975,10.095,,0.535,1.403,,0.037,0.0,0.009,,
New Caledonia,NCL,1995,200392.0,,2.067,10.313,,0.495,1.532,,0.041,0.0,0.009,,
New Caledonia,NCL,1996,205048.0,,2.184,10.651,,0.667,1.477,,0.04,0.0,0.009,,
New Caledonia,NCL,1997,209568.0,,1.817,8.672,,0.3,1.477,,0.04,0.0,0.007,,
New Caledonia,NCL,1998,214062.0,,1.81,8.456,,0.319,1.491,,0.0,0.0,0.007,,
New Caledonia,NCL,1999,218532.0,,2.056,9.406,,0.293,1.762,,0.0,0.0,0.008,,
New Caledonia,NCL,2000,223110.0,,2.224,9.968,,0.652,1.532,,0.04,0.0,0.009,,
New Caledonia,NCL,2001,227714.0,,1.877,8.241,,0.663,1.176,,0.037,0.0,0.007,,
New Caledonia,NCL,2002,232239.0,,2.392,10.301,,0.707,1.645,,0.04,0.0,0.009,,
New Caledonia,NCL,2003,236684.0,,2.726,11.516,,0.802,1.883,,0.04,0.0,0.01,,
New Caledonia,NCL,2004,240865.0,,2.515,10.441,,0.719,1.75,,0.045,0.0,0.009,,
New Caledonia,NCL,2005,244391.0,,2.806,11.482,,0.666,2.093,,0.047,0.0,0.009,,
New Caledonia,NCL,2006,247557.0,,2.71,10.948,,0.725,1.938,,0.047,0.0,0.009,,
New Caledonia,NCL,2007,250730.0,,2.927,11.673,,0.627,2.253,,0.047,0.0,0.009,,
New Caledonia,NCL,2008,253831.0,,2.848,11.22,,0.641,2.154,,0.052,0.0,0.009,,
New Caledonia,NCL,2009,257261.0,,3.036,11.8,,0.859,2.125,0.0,0.053,0.0,0.01,,
New Caledonia,NCL,2010,261580.0,,3.658,13.983,,1.31,2.287,0.0,0.061,0.0,0.011,,
New Caledonia,NCL,2011,266550.0,,3.694,13.86,,1.361,2.278,0.0,0.055,0.0,0.011,,
New Caledonia,NCL,2012,271640.0,,3.706,13.641,,1.359,2.3,0.0,0.047,0.0,0.011,,
New Caledonia,NCL,2013,276832.0,,3.97,14.341,,1.382,2.543,0.0,0.045,0.0,0.011,,
New Caledonia,NCL,2014,281233.0,,5.009,17.811,,1.939,3.029,0.0,0.04,0.0,0.014,,
New Caledonia,NCL,2015,283179.0,,4.877,17.222,,2.041,2.794,0.0,0.043,0.0,0.014,,
New Caledonia,NCL,2016,283432.0,,5.482,19.341,,2.634,2.805,0.0,0.043,0.0,0.015,,
New Caledonia,NCL,2017,283554.0,,5.584,19.692,,2.975,2.569,0.0,0.04,0.0,0.016,,
New Caledonia,NCL,2018,283551.0,,5.913,20.853,,3.057,2.823,0.0,0.033,0.0,0.016,,
New Caledonia,NCL,2019,283616.0,,5.673,20.002,,3.041,2.602,0.0,0.029,0.0,0.015,,
New Caledonia,NCL,2020,284187.0,,5.109,17.978,,2.714,2.367,0.0,0.028,0.0,0.015,,
New Caledonia,NCL,2021,285227.0,,4.537,15.906,,2.293,2.218,0.0,0.026,0.0,0.012,,
New Caledonia,NCL,2022,287130.0,,5.116,17.816,,2.762,2.327,0.0,0.026,0.0,0.014,,
New Caledonia,NCL,2023,289879.0,,5.068,17.483,,2.616,2.425,0.0,0.026,0.0,0.013,,
New Caledonia,NCL,2024,292655.0,,5.287,18.064,,2.843,2.417,,0.026,0.0,0.014,,
New Zealand,NZL,1990,3396981.0,74483238000.0,25.49,7.504,0.342,4.657,12.229,7.131,0.449,0.46,0.112,27.161,7.996
New Zealand,NZL,1991,3480933.0,74961224062.0,26.17,7.518,0.349,4.508,12.118,7.943,0.438,0.554,0.113,27.295,7.841
New Zealand,NZL,1992,3532246.0,75624106462.0,28.154,7.971,0.372,4.929,13.128,8.413,0.477,0.54,0.125,28.605,8.098
New Zealand,NZL,1993,3573609.0,79461848563.0,27.746,7.764,0.349,4.897,12.998,8.159,0.489,0.518,0.122,28.589,8.0
New Zealand,NZL,1994,3621030.0,84890067977.0,27.885,7.701,0.328,4.636,13.936,7.604,0.497,0.541,0.121,29.408,8.121
New Zealand,NZL,1995,3674434.0,88724280201.0,27.989,7.617,0.315,4.64,14.589,7.007,0.539,0.5,0.119,30.655,8.343
New Zealand,NZL,1996,3729383.0,92246848029.0,29.288,7.853,0.317,4.595,14.754,8.099,0.51,0.666,0.121,31.637,8.483
New Zealand,NZL,1997,3776950.0,95195281693.0,31.261,8.277,0.328,4.946,15.064,9.267,0.532,0.713,0.128,33.796,8.948
New Zealand,NZL,1998,3811376.0,96170421359.0,29.837,7.828,0.31,4.53,15.336,7.989,0.489,0.705,0.123,31.276,8.206
New Zealand,NZL,1999,3835561.0,100616403871.0,31.443,8.198,0.312,4.63,15.632,9.163,0.532,0.616,0.127,34.204,8.918
New Zealand,NZL,2000,3857576.0,104942102861.0,32.221,8.353,0.307,4.419,16.302,9.481,0.531,0.593,0.126,32.988,8.551
New Zealand,NZL,2001,3891763.0,107226686179.0,34.356,8.828,0.32,5.422,16.427,10.44,0.535,0.612,0.134,34.342,8.824
New Zealand,NZL,2002,3951116.0,112775904669.0,34.519,8.737,0.306,5.432,17.165,9.856,0.551,0.586,0.131,34.991,8.856
New Zealand,NZL,2003,4022585.0,118221542739.0,36.22,9.004,0.306,7.752,17.952,8.52,0.534,0.611,0.131,39.989,9.941
New Zealand,NZL,2004,4083912.0,123732222489.0,35.806,8.768,0.289,8.025,18.325,7.253,0.488,0.863,0.125,41.194,10.087
New Zealand,NZL,2005,4135002.0,127087212440.0,37.401,9.045,0.294,8.931,18.516,7.564,0.577,0.909,0.126,43.985,10.637
New Zealand,NZL,2006,4181943.0,130823651084.0,37.304,8.92,0.285,8.808,18.648,7.547,0.545,0.958,0.122,42.573,10.18
New Zealand,NZL,2007,4223270.0,136252900902.0,36.383,8.615,0.267,6.739,18.858,8.251,0.687,1.021,0.116,43.174,10.223
New Zealand,NZL,2008,4261819.0,135932629621.0,37.485,8.796,0.276,8.298,18.726,7.801,0.639,1.241,0.117,43.208,10.138
New Zealand,NZL,2009,4304304.0,136500728040.0,34.594,8.037,0.253,6.33,18.001,7.446,0.586,1.366,0.11,37.268,8.658
New Zealand,NZL,2010,4347766.0,139478805582.0,34.787,8.001,0.249,5.472,18.081,8.369,0.557,1.505,0.104,38.208,8.788
New Zealand,NZL,2011,4382699.0,142521900112.0,34.241,7.813,0.24,5.548,18.28,7.614,0.529,1.459,0.099,39.13,8.928
New Zealand,NZL,2012,4411682.0,146280651356.0,35.918,8.142,0.246,6.867,18.026,8.329,0.569,1.278,0.103,41.029,9.3
New Zealand,NZL,2013,4453857.0,149512485774.0,35.219,7.908,0.236,6.028,18.42,8.359,0.586,1.092,0.1,40.637,9.124
New Zealand,NZL,2014,4522976.0,154422989929.0,35.399,7.827,0.229,5.458,18.724,8.579,0.619,1.218,0.1,40.943,9.052
New Zealand,NZL,2015,4614035.0,160782215776.0,35.805,7.76,0.223,5.486,19.251,8.311,0.621,1.347,0.101,40.21,8.715
New Zealand,NZL,2016,4714768.0,167418113760.0,34.135,7.24,0.204,4.481,19.363,7.893,0.486,1.151,0.096,40.398,8.568
New Zealand,NZL,2017,4812749.0,174187918857.0,35.661,7.41,0.205,4.687,20.227,8.519,0.444,1.087,0.099,40.68,8.453
New Zealand,NZL,2018,4900840.0,181445758308.0,35.687,7.282,0.197,5.267,20.41,7.897,0.418,0.991,0.097,41.573,8.483
New Zealand,NZL,2019,4989410.0,187274507980.0,36.711,7.358,0.196,5.618,20.778,8.245,0.411,0.912,0.099,42.045,8.427
New Zealand,NZL,2020,5069895.0,184971347287.0,34.109,6.728,0.184,5.34,18.997,7.954,0.379,0.779,0.097,41.309,8.148
New Zealand,NZL,2021,5107694.0,196312458906.0,34.597,6.773,0.176,6.191,19.733,6.968,0.37,0.728,0.094,43.763,8.568
New Zealand,NZL,2022,5131731.0,200602760076.0,31.966,6.229,0.159,4.302,19.258,6.427,0.408,0.888,0.085,42.568,8.295
New Zealand,NZL,2023,5172837.0,,31.56,6.101,,3.863,19.363,6.671,0.379,0.777,0.083,41.396,8.003
New Zealand,NZL,2024,5213942.0,,32.479,6.229,,5.865,18.869,5.887,0.379,0.972,0.084,,
Nicaragua,NIC,1990,4162566.0,8348404000.0,2.043,0.491,0.245,,1.949,,0.093,,0.009,2.342,0.563
Nicaragua,NIC,1991,4259636.0,8483399893.0,1.984,0.466,0.234,,1.883,,0.101,,0.009,2.35,0.552
Nicaragua,NIC,1992,4357031.0,8668809931.0,2.37,0.544,0.273,,2.253,,0.117,,0.011,2.9,0.666
Nicaragua,NIC,1993,4453733.0,8788659513.0,2.28,0.512,0.259,,2.173,,0.107,,0.01,2.718,0.61
Nicaragua,NIC,1994,4549317.0,9239788720.0,2.514,0.553,0.272,,2.385,,0.129,0.0,0.011,2.877,0.632
Nicaragua,NIC,1995,4642933.0,9966535313.0,2.751,0.592,0.276,,2.616,,0.134,0.0,0.012,3.068,0.661
Nicaragua,NIC,1996,4729979.0,10785595274.0,2.842,0.601,0.263,,2.693,,0.149,0.0,0.012,3.137,0.663
Nicaragua,NIC,1997,4809574.0,11415412840.0,3.108,0.646,0.272,,2.953,,0.155,0.0,0.013,3.389,0.705
Nicaragua,NIC,1998,4883659.0,12049925222.0,3.386,0.693,0.281,,3.232,,0.154,0.0,0.014,3.782,0.774
Nicaragua,NIC,1999,4954021.0,13130550582.0,3.59,0.725,0.273,,3.448,,0.142,0.0,0.014,4.16,0.84
Nicaragua,NIC,2000,5022636.0,13909591678.0,3.71,0.739,0.267,,3.495,,0.214,0.0,0.015,4.361,0.868
Nicaragua,NIC,2001,5087827.0,14579899402.0,3.909,0.768,0.268,,3.704,,0.205,0.0,0.015,4.588,0.902
Nicaragua,NIC,2002,5149914.0,14954188068.0,3.976,0.772,0.266,,3.759,,0.216,0.0,0.015,4.57,0.887
Nicaragua,NIC,2003,5210970.0,15599450900.0,4.31,0.827,0.276,,3.964,,0.346,0.0,0.016,5.118,0.982
Nicaragua,NIC,2004,5272909.0,16722815302.0,4.362,0.827,0.261,,4.162,,0.2,0.0,0.015,5.319,1.009
Nicaragua,NIC,2005,5342108.0,17753885555.0,4.253,0.796,0.24,,4.052,,0.201,0.0,0.014,5.189,0.971
Nicaragua,NIC,2006,5418857.0,18819405708.0,4.407,0.813,0.234,,4.203,,0.204,0.0,0.014,5.715,1.055
Nicaragua,NIC,2007,5497247.0,20171035929.0,4.54,0.826,0.225,,4.338,,0.202,0.0,0.014,6.09,1.108
Nicaragua,NIC,2008,5576597.0,21118480099.0,4.353,0.781,0.206,,4.155,,0.198,0.0,0.014,5.858,1.051
Nicaragua,NIC,2009,5656602.0,20900358446.0,4.432,0.784,0.212,,4.236,,0.197,0.0,0.014,5.577,0.986
Nicaragua,NIC,2010,5737451.0,21950676457.0,4.453,0.776,0.203,,4.232,,0.221,0.0,0.013,5.434,0.947
Nicaragua,NIC,2011,5819051.0,23734874000.0,4.789,0.823,0.202,,4.532,,0.256,0.0,0.014,5.595,0.961
Nicaragua,NIC,2012,5901290.0,25065728000.0,4.534,0.768,0.181,,4.309,,0.225,0.0,0.013,5.825,0.987
Nicaragua,NIC,2013,5983852.0,26206803000.0,4.586,0.766,0.175,,4.353,,0.233,0.0,0.013,6.205,1.037
Nicaragua,NIC,2014,6066493.0,27402565000.0,4.72,0.778,0.172,,4.47,,0.25,0.0,0.013,6.593,1.087
Nicaragua,NIC,2015,6149417.0,28748328000.0,5.408,0.879,0.188,,5.144,,0.264,0.0,0.015,7.67,1.247
Nicaragua,NIC,2016,6232664.0,29929662026.0,5.379,0.863,0.18,,5.1,,0.278,0.0,0.015,7.764,1.246
Nicaragua,NIC,2017,6316235.0,31179621906.0,5.441,0.861,0.174,,5.163,,0.278,0.0,0.015,7.576,1.199
Nicaragua,NIC,2018,6400074.0,30002714290.0,5.178,0.809,0.173,,4.935,,0.243,0.0,0.014,7.195,1.124
Nicaragua,NIC,2019,6483660.0,29133575354.0,5.208,0.803,0.179,,5.001,,0.207,0.0,0.014,7.033,1.085
Nicaragua,NIC,2020,6565267.0,28619004754.0,4.641,0.707,0.162,,4.459,,0.182,0.0,0.013,6.098,0.929
Nicaragua,NIC,2021,6644745.0,31580275032.0,5.133,0.772,0.163,,4.95,,0.183,0.0,0.014,6.816,1.026
Nicaragua,NIC,2022,6730662.0,32764782125.0,5.131,0.762,0.157,,4.942,,0.189,0.0,0.014,6.999,1.04
Nicaragua,NIC,2023,6823619.0,,5.428,0.796,,,5.239,,0.189,0.0,0.014,7.173,1.051
Nicaragua,NIC,2024,6916136.0,,5.63,0.814,,,5.441,,0.189,0.0,0.015,,
Niger,NER,1990,8286066.0,6837988542.0,0.599,0.072,0.088,0.224,0.37,,0.005,,0.003,,
Niger,NER,1991,8546900.0,6989575096.0,0.566,0.066,0.081,0.226,0.335,,0.006,,0.002,,
Niger,NER,1992,8817633.0,6527731522.0,0.521,0.059,0.08,0.194,0.319,,0.008,,0.002,,
Niger,NER,1993,9100789.0,6612264624.0,0.602,0.066,0.091,0.227,0.366,,0.009,,0.003,,
Niger,NER,1994,9398266.0,6867284266.0,0.577,0.061,0.084,0.226,0.342,,0.009,0.0,0.003,,
Niger,NER,1995,9714537.0,6415921691.0,0.558,0.057,0.087,0.249,0.3,,0.008,0.0,0.002,,
Niger,NER,1996,10044848.0,6731376519.0,0.639,0.064,0.095,0.262,0.368,,0.009,0.0,0.003,,
Niger,NER,1997,10383977.0,6759223607.0,0.648,0.062,0.096,0.236,0.402,,0.01,0.0,0.003,,
Niger,NER,1998,10741416.0,7611872294.0,0.696,0.065,0.091,0.262,0.423,,0.011,0.0,0.003,,
Niger,NER,1999,11117414.0,7681517627.0,0.682,0.061,0.089,0.245,0.425,,0.011,0.0,0.003,,
Niger,NER,2000,11509634.0,7478107136.0,0.683,0.059,0.091,0.23,0.445,,0.009,0.0,0.003,,
Niger,NER,2001,11920648.0,8079568499.0,0.646,0.054,0.08,0.237,0.397,,0.012,0.0,0.003,,
Niger,NER,2002,12349150.0,8506710068.0,0.685,0.055,0.08,0.265,0.409,,0.011,0.0,0.003,,
Niger,NER,2003,12796979.0,9108500707.0,0.744,0.058,0.082,0.273,0.459,,0.011,0.0,0.003,,
Niger,NER,2004,13265843.0,9044074242.0,0.795,0.06,0.088,0.35,0.442,,0.004,0.0,0.003,,
Niger,NER,2005,13756192.0,9809322645.0,0.691,0.05,0.07,0.255,0.43,,0.006,0.0,0.002,,
Niger,NER,2006,14268583.0,10382568329.0,0.671,0.047,0.065,0.265,0.398,,0.008,0.0,0.002,,
Niger,NER,2007,14803604.0,10716181753.0,0.706,0.048,0.066,0.232,0.464,,0.01,0.0,0.002,,
Niger,NER,2008,15361921.0,11762875984.0,0.792,0.052,0.067,0.269,0.512,,0.012,0.0,0.002,,
Niger,NER,2009,15943673.0,11700248745.0,0.952,0.06,0.081,0.278,0.667,,0.007,0.0,0.003,,
Niger,NER,2010,16548833.0,12694118605.0,1.16,0.07,0.091,0.33,0.828,,0.002,0.0,0.003,,
Niger,NER,2011,17176286.0,12994344552.0,1.313,0.076,0.101,0.37,0.923,,0.02,0.0,0.004,,
Niger,NER,2012,17836770.0,14364207370.0,1.852,0.104,0.129,0.385,1.348,,0.019,0.099,0.005,,
Niger,NER,2013,18519899.0,15127089342.0,2.078,0.112,0.137,0.341,1.539,,0.019,0.18,0.006,,
Niger,NER,2014,19215917.0,16132130068.0,2.256,0.117,0.14,0.388,1.678,,0.019,0.171,0.006,,
Niger,NER,2015,19939496.0,16840818422.0,2.199,0.11,0.131,0.326,1.756,,0.019,0.099,0.006,,
Niger,NER,2016,20685758.0,17807651308.0,2.142,0.104,0.12,0.356,1.681,,0.018,0.086,0.006,,
Niger,NER,2017,21435449.0,18698209711.0,2.243,0.105,0.12,0.337,1.814,,0.018,0.074,0.006,,
Niger,NER,2018,22188074.0,20008393727.0,1.803,0.081,0.09,0.326,1.385,,0.031,0.061,0.005,,
Niger,NER,2019,22947765.0,21237507069.0,2.513,0.11,0.118,0.326,2.026,0.073,0.032,0.056,0.007,,
Niger,NER,2020,23717615.0,21991440513.0,3.04,0.128,0.138,0.356,2.505,0.077,0.032,0.07,0.009,,
Niger,NER,2021,24502145.0,22299096291.0,2.588,0.106,0.116,0.154,2.188,0.117,0.036,0.093,0.007,,
Niger,NER,2022,25311978.0,24776754234.0,3.201,0.126,0.129,0.315,2.68,0.099,0.036,0.071,0.009,,
Niger,NER,2023,26159863.0,,3.133,0.12,,0.366,2.563,0.098,0.036,0.071,0.008,,
Niger,NER,2024,27032417.0,,3.17,0.117,,0.3,2.663,0.106,0.036,0.065,0.008,,
Nigeria,NGA,1990,97120926.0,171278462601.0,38.786,0.399,0.226,0.165,29.777,7.478,1.365,,0.171,36.877,0.38
Nigeria,NGA,1991,99720161.0,174067595995.0,41.841,0.42,0.24,0.191,31.184,9.12,1.347,,0.18,38.772,0.389
Nigeria,NGA,1992,102372779.0,181866334418.0,46.162,0.451,0.254,0.139,35.102,9.592,1.329,,0.205,42.615,0.416
Nigeria,NGA,1993,105122075.0,188893712697.0,44.705,0.425,0.237,0.022,33.006,10.478,1.198,,0.197,42.551,0.405
Nigeria,NGA,1994,107935717.0,193990909901.0,80.36,0.745,0.414,0.066,23.528,10.269,0.97,45.527,0.35,77.162,0.715
Nigeria,NGA,1995,110819430.0,202397614701.0,84.23,0.76,0.416,0.051,22.239,10.066,0.947,50.927,0.358,75.375,0.68
Nigeria,NGA,1996,113754783.0,215950344813.0,97.767,0.859,0.453,0.022,25.531,10.201,0.913,61.101,0.403,88.988,0.782
Nigeria,NGA,1997,116754790.0,227883174622.0,95.649,0.819,0.42,0.026,29.294,10.666,0.891,54.773,0.392,87.26,0.747
Nigeria,NGA,1998,119846261.0,239844515802.0,86.338,0.72,0.36,0.033,25.589,11.029,0.941,48.747,0.355,86.148,0.719
Nigeria,NGA,1999,123047324.0,247535177447.0,84.838,0.689,0.343,0.044,26.923,11.608,0.858,45.405,0.342,63.584,0.517
Nigeria,NGA,2000,126382490.0,268133056679.0,96.831,0.766,0.361,0.158,31.54,13.179,0.845,51.11,0.38,49.579,0.392
Nigeria,NGA,2001,129862594.0,293371700731.0,100.218,0.772,0.342,0.154,37.204,11.608,0.846,50.407,0.39,70.637,0.544
Nigeria,NGA,2002,133471995.0,344836483316.0,89.906,0.674,0.261,0.136,37.573,11.889,0.808,39.501,0.342,71.263,0.534
Nigeria,NGA,2003,137202646.0,387284228400.0,100.03,0.729,0.258,0.15,34.203,20.097,0.773,44.806,0.362,75.776,0.552
Nigeria,NGA,2004,141057045.0,438814816180.0,94.962,0.673,0.216,0.15,30.847,20.507,0.912,42.545,0.332,80.496,0.571
Nigeria,NGA,2005,145017256.0,481797619872.0,101.666,0.701,0.211,0.172,39.793,20.631,1.112,39.958,0.343,89.845,0.62
Nigeria,NGA,2006,149077335.0,527631752471.0,90.097,0.604,0.171,0.213,31.979,21.618,1.252,35.036,0.294,65.904,0.442
Nigeria,NGA,2007,153267254.0,581001445796.0,82.17,0.536,0.141,0.3,27.26,22.233,1.811,30.565,0.261,76.544,0.499
Nigeria,NGA,2008,157595014.0,638908028616.0,86.489,0.549,0.135,0.641,33.499,20.653,2.507,29.189,0.27,82.579,0.524
Nigeria,NGA,2009,162049466.0,709931188516.0,77.031,0.475,0.109,0.641,27.253,18.053,3.104,27.981,0.244,93.443,0.577
Nigeria,NGA,2010,166642888.0,809999411809.0,112.05,0.672,0.138,0.641,58.741,20.196,3.941,28.531,0.336,113.889,0.683
Nigeria,NGA,2011,171379602.0,871103799000.0,126.115,0.736,0.145,0.678,69.442,28.003,4.682,23.31,0.366,120.636,0.704
Nigeria,NGA,2012,176200627.0,908380661120.0,110.125,0.625,0.121,0.901,55.858,28.872,6.403,18.09,0.315,103.878,0.59
Nigeria,NGA,2013,181049440.0,957382666012.0,117.401,0.648,0.123,1.129,62.251,28.63,7.83,17.561,0.333,132.287,0.731
Nigeria,NGA,2014,185896917.0,1017790765613.0,123.971,0.667,0.122,1.129,66.604,32.676,7.736,15.827,0.35,138.471,0.745
Nigeria,NGA,2015,190671883.0,1044789628210.0,110.525,0.58,0.106,1.183,54.11,32.448,8.386,14.397,0.312,128.391,0.673
Nigeria,NGA,2016,195443698.0,1027896680223.0,116.396,0.596,0.113,1.238,60.54,34.434,6.886,13.297,0.329,125.332,0.641
Nigeria,NGA,2017,200254580.0,1036180414988.0,112.54,0.562,0.109,1.07,58.476,32.416,6.203,14.375,0.313,118.612,0.592
Nigeria,NGA,2018,204938752.0,1056103594567.0,106.786,0.521,0.101,1.253,48.436,34.34,8.583,14.173,0.291,113.885,0.556
Nigeria,NGA,2019,209485637.0,1079426893318.0,127.859,0.61,0.118,1.268,68.002,35.106,8.895,14.588,0.345,132.294,0.632
Nigeria,NGA,2020,213996185.0,1060059201469.0,124.899,0.584,0.118,1.499,64.36,35.293,10.222,13.526,0.355,137.178,0.641
Nigeria,NGA,2021,218529286.0,1098721596994.0,147.777,0.676,0.134,3.049,82.841,38.114,11.314,12.458,0.401,157.127,0.719
Nigeria,NGA,2022,223150906.0,1134448580250.0,131.441,0.589,0.116,3.199,69.383,37.936,10.924,9.999,0.35,139.598,0.626
Nigeria,NGA,2023,227882949.0,,129.376,0.568,,3.72,66.347,37.507,10.924,10.879,0.34,133.284,0.585
Nigeria,NGA,2024,232679482.0,,135.824,0.584,,3.049,68.935,40.734,10.924,12.182,0.352,,
Niue,NIU,1990,2506.0,,0.007,2.924,,,0.007,,0.0,,0.0,,
Niue,NIU,1991,2476.0,,0.007,2.96,,,0.007,,0.0,,0.0,,
Niue,NIU,1992,2443.0,,0.007,3.0,,,0.007,,0.0,,0.0,,
Niue,NIU,1993,2403.0,,0.007,3.05,,,0.007,,0.0,,0.0,,
Niue,NIU,1994,2362.0,,0.007,3.102,,,0.007,,0.0,0.0,0.0,,
Niue,NIU,1995,2326.0,,0.004,1.575,,,0.004,,0.0,0.0,0.0,,
Niue,NIU,1996,2290.0,,0.004,1.6,,,0.004,,0.0,0.0,0.0,,
Niue,NIU,1997,2242.0,,0.004,1.634,,,0.004,,0.0,0.0,0.0,,
Niue,NIU,1998,2187.0,,0.007,3.351,,,0.007,,0.0,0.0,0.0,,
Niue,NIU,1999,2138.0,,0.007,3.428,,,0.007,,0.0,0.0,0.0,,
Niue,NIU,2000,2068.0,,0.007,3.544,,,0.007,,0.0,0.0,0.0,,
Niue,NIU,2001,2007.0,,0.007,3.651,,,0.007,,0.0,0.0,0.0,,
Niue,NIU,2002,1965.0,,0.007,3.729,,,0.007,,0.0,0.0,0.0,,
Niue,NIU,2003,1928.0,,0.004,1.9,,,0.004,,0.0,0.0,0.0,,
Niue,NIU,2004,1891.0,,0.004,1.938,,,0.004,,0.0,0.0,0.0,,
Niue,NIU,2005,1849.0,,0.004,1.982,,,0.004,,0.0,0.0,0.0,,
Niue,NIU,2006,1818.0,,0.004,2.015,,,0.004,,0.0,0.0,0.0,,
Niue,NIU,2007,1810.0,,0.004,2.024,,,0.004,,0.0,0.0,0.0,,
Niue,NIU,2008,1805.0,,0.007,4.06,,,0.007,,0.0,0.0,0.0,,
Niue,NIU,2009,1801.0,,0.004,2.034,,,0.004,,0.0,0.0,0.0,,
Niue,NIU,2010,1786.0,,0.004,2.052,,,0.004,,0.0,0.0,0.0,,
Niue,NIU,2011,1776.0,,0.004,2.063,,,0.004,,0.0,0.0,0.0,,
Niue,NIU,2012,1784.0,,0.004,2.054,,,0.004,,0.0,0.0,0.0,,
Niue,NIU,2013,1786.0,,0.007,4.103,,,0.007,,0.0,0.0,0.0,,
Niue,NIU,2014,1792.0,,0.007,4.089,,,0.007,,0.0,0.0,0.0,,
Niue,NIU,2015,1803.0,,0.007,4.064,,,0.007,,0.0,0.0,0.0,,
Niue,NIU,2016,1806.0,,0.007,4.058,,,0.007,,0.0,0.0,0.0,,
Niue,NIU,2017,1803.0,,0.007,4.064,,,0.007,,0.0,0.0,0.0,,
Niue,NIU,2018,1805.0,,0.007,4.06,,,0.007,,0.0,0.0,0.0,,
Niue,NIU,2019,1814.0,,0.007,4.04,,,0.007,,0.0,0.0,0.0,,
Niue,NIU,2020,1822.0,,0.007,4.022,,,0.007,,0.0,0.0,0.0,,
Niue,NIU,2021,1836.0,,0.007,3.991,,,0.007,,0.0,0.0,0.0,,
Niue,NIU,2022,1844.0,,0.007,3.974,,,0.007,,0.0,0.0,0.0,,
Niue,NIU,2023,1841.0,,0.007,3.961,,,0.007,,0.0,0.0,0.0,,
Niue,NIU,2024,1841.0,,0.008,4.143,,,0.008,,0.0,0.0,0.0,,
North Korea,PRK,1990,21112134.0,50223946260.0,118.383,5.607,2.357,107.78,8.105,,2.498,,0.521,,
North Korea,PRK,1991,21428637.0,48202054341.0,112.819,5.265,2.341,104.549,6.167,,2.104,,0.486,,
North Korea,PRK,1992,21750912.0,44917408392.0,97.985,4.505,2.181,91.036,5.02,,1.93,,0.435,,
North Korea,PRK,1993,22073354.0,43046073181.0,89.585,4.059,2.081,83.473,4.496,,1.616,,0.394,,
North Korea,PRK,1994,22393967.0,42085991707.0,81.584,3.643,1.939,76.79,3.037,,1.756,0.0,0.355,,
North Korea,PRK,1995,22669307.0,40146511697.0,76.085,3.356,1.895,70.338,4.038,,1.71,0.0,0.324,,
North Korea,PRK,1996,22895753.0,38689712954.0,66.292,2.895,1.713,60.405,4.353,,1.534,0.0,0.274,,
North Korea,PRK,1997,23110836.0,36018760289.0,63.679,2.755,1.768,59.291,3.037,,1.35,0.0,0.261,,
North Korea,PRK,1998,23311570.0,35521586609.0,58.749,2.52,1.654,53.487,3.99,,1.272,0.0,0.242,,
North Korea,PRK,1999,23497594.0,37610923377.0,64.143,2.73,1.705,59.881,2.609,,1.654,0.0,0.258,,
North Korea,PRK,2000,23665909.0,37758035363.0,69.165,2.923,1.832,64.175,3.136,,1.854,0.0,0.271,,
North Korea,PRK,2001,23815364.0,39161385107.0,71.668,3.009,1.83,66.11,3.488,,2.07,0.0,0.279,,
North Korea,PRK,2002,23943975.0,39634147135.0,68.642,2.867,1.732,63.021,3.495,,2.125,0.0,0.261,,
North Korea,PRK,2003,24090382.0,40352082900.0,70.143,2.912,1.738,64.534,3.404,,2.205,0.0,0.254,,
North Korea,PRK,2004,24254946.0,41171424607.0,71.722,2.957,1.742,66.066,3.426,,2.231,0.0,0.251,,
North Korea,PRK,2005,24396434.0,42708227011.0,75.01,3.075,1.756,69.796,2.876,,2.338,0.0,0.253,,
North Korea,PRK,2006,24524508.0,42264169568.0,76.17,3.106,1.802,71.572,2.195,,2.403,0.0,0.249,,
North Korea,PRK,2007,24646384.0,41765545354.0,63.478,2.576,1.52,58.496,2.623,,2.359,0.0,0.202,,
North Korea,PRK,2008,24764620.0,43163303891.0,70.326,2.84,1.629,65.19,2.686,,2.45,0.0,0.219,,
North Korea,PRK,2009,24878338.0,42791212438.0,67.66,2.72,1.581,62.732,2.59,,2.338,0.0,0.215,,
North Korea,PRK,2010,24987257.0,42605438930.0,65.355,2.616,1.534,60.39,2.568,,2.397,0.0,0.196,,
North Korea,PRK,2011,25097877.0,42961431310.0,47.867,1.907,1.114,42.785,2.642,,2.44,0.0,0.139,,
North Korea,PRK,2012,25211737.0,43545173971.0,46.755,1.854,1.074,41.792,2.532,,2.431,0.0,0.134,,
North Korea,PRK,2013,25329456.0,44033758330.0,36.144,1.427,0.821,30.888,2.733,,2.523,0.0,0.102,,
North Korea,PRK,2014,25451263.0,44518471841.0,39.825,1.565,0.895,34.668,2.609,,2.547,0.0,0.112,,
North Korea,PRK,2015,25575355.0,44032955306.0,31.278,1.223,0.71,25.736,2.986,,2.556,0.0,0.088,,
North Korea,PRK,2016,25698325.0,45739740287.0,34.236,1.332,0.749,28.337,3.199,,2.701,0.0,0.097,,
North Korea,PRK,2017,25817710.0,44160501992.0,69.708,2.7,1.579,64.168,2.931,,2.609,0.0,0.194,,
North Korea,PRK,2018,25931153.0,42349472757.0,62.608,2.414,1.478,57.477,2.906,,2.226,0.0,0.17,,
North Korea,PRK,2019,26037633.0,42499100315.0,69.512,2.67,1.636,64.201,3.173,,2.139,0.0,0.187,,
North Korea,PRK,2020,26136312.0,40572892149.0,65.577,2.509,1.616,60.353,3.052,,2.171,0.0,0.187,,
North Korea,PRK,2021,26232530.0,40550428396.0,53.97,2.057,1.331,49.219,2.477,,2.274,0.0,0.146,,
North Korea,PRK,2022,26328843.0,40488847458.0,56.289,2.138,1.39,51.19,2.599,,2.5,0.0,0.15,,
North Korea,PRK,2023,26418196.0,,62.025,2.348,,56.746,2.587,,2.692,0.0,0.163,,
North Korea,PRK,2024,26498832.0,,62.55,2.36,,57.153,2.705,,2.692,0.0,0.162,,
North Macedonia,MKD,1990,2063690.0,17074264103.0,11.098,5.378,0.65,5.829,5.253,,,0.016,0.049,,
North Macedonia,MKD,1991,2056002.0,16091738511.0,7.789,3.788,0.484,3.419,4.36,,,0.01,0.034,,
North Macedonia,MKD,1992,2032516.0,15099004830.0,8.394,4.13,0.556,5.24,3.155,,,,0.037,,
North Macedonia,MKD,1993,2006853.0,14032388036.0,7.599,3.787,0.542,5.255,2.344,,,,0.033,,
North Macedonia,MKD,1994,1992669.0,13843334272.0,7.903,3.966,0.571,5.47,2.433,,,0.0,0.034,,
North Macedonia,MKD,1995,1998531.0,13754792054.0,7.925,3.966,0.576,5.643,2.283,,,0.0,0.034,,
North Macedonia,MKD,1996,2012553.0,13985282522.0,9.416,4.679,0.673,5.844,3.572,,,0.0,0.039,,
North Macedonia,MKD,1997,2025764.0,14249362170.0,8.446,4.169,0.593,5.467,2.979,,,0.0,0.035,,
North Macedonia,MKD,1998,2037575.0,14789521174.0,9.647,4.735,0.652,6.873,2.734,0.04,,0.0,0.04,,
North Macedonia,MKD,1999,2048088.0,15508166039.0,8.783,4.288,0.566,6.021,2.685,0.077,,0.0,0.035,,
North Macedonia,MKD,2000,2057254.0,16307994486.0,8.468,4.116,0.519,5.527,2.816,0.125,,0.0,0.033,,
North Macedonia,MKD,2001,2066300.0,15872667390.0,8.292,4.013,0.522,5.828,2.298,0.165,,0.0,0.032,,
North Macedonia,MKD,2002,2074482.0,16017432272.0,7.837,3.778,0.489,5.104,2.561,0.172,,0.0,0.03,,
North Macedonia,MKD,2003,2081417.0,16466000239.0,8.533,4.1,0.518,5.854,2.529,0.15,,0.0,0.031,,
North Macedonia,MKD,2004,2086581.0,17324217189.0,8.229,3.944,0.475,5.496,2.598,0.136,,0.0,0.029,,
North Macedonia,MKD,2005,2089809.0,18219129334.0,8.596,4.113,0.472,5.771,2.682,0.143,,0.0,0.029,,
North Macedonia,MKD,2006,2089232.0,19227779553.0,8.651,4.141,0.45,5.632,2.865,0.154,,0.0,0.028,,
North Macedonia,MKD,2007,2081972.0,20547244002.0,9.013,4.329,0.439,5.722,3.097,0.194,,0.0,0.029,,
North Macedonia,MKD,2008,2070837.0,21752220835.0,8.936,4.315,0.411,5.936,2.777,0.224,,0.0,0.028,,
North Macedonia,MKD,2009,2060601.0,21758909955.0,8.248,4.002,0.379,5.278,2.822,0.147,,0.0,0.026,,
North Macedonia,MKD,2010,2051510.0,22583127369.0,8.182,3.988,0.362,5.223,2.739,0.22,,0.0,0.025,,
North Macedonia,MKD,2011,2040445.0,23201482935.0,8.823,4.324,0.38,5.818,2.752,0.253,,0.0,0.026,,
North Macedonia,MKD,2012,2027288.0,23095684802.0,8.457,4.171,0.366,5.522,2.675,0.26,,0.0,0.024,,
North Macedonia,MKD,2013,2013280.0,23771197646.0,7.452,3.702,0.314,4.557,2.599,0.297,,0.0,0.021,,
North Macedonia,MKD,2014,1997842.0,24633991465.0,7.167,3.587,0.291,4.32,2.594,0.253,,0.0,0.02,,
North Macedonia,MKD,2015,1980366.0,25583815729.0,6.72,3.393,0.263,3.752,2.737,0.231,,0.0,0.019,,
North Macedonia,MKD,2016,1961268.0,26312536822.0,6.606,3.368,0.251,3.433,2.81,0.363,,0.0,0.019,,
North Macedonia,MKD,2017,1940877.0,26597107306.0,7.09,3.653,0.267,3.812,2.813,0.465,,0.0,0.02,,
North Macedonia,MKD,2018,1919730.0,27363281668.0,6.654,3.466,0.243,3.408,2.77,0.476,,0.0,0.018,,
North Macedonia,MKD,2019,1897643.0,28433274864.0,7.625,4.018,0.268,4.051,3.017,0.557,,0.0,0.021,,
North Macedonia,MKD,2020,1872021.0,27100243788.0,6.98,3.729,0.258,3.459,2.88,0.641,,0.0,0.02,,
North Macedonia,MKD,2021,1851109.0,28165634846.0,6.518,3.521,0.231,2.55,3.155,0.813,,0.0,0.018,,
North Macedonia,MKD,2022,1840236.0,28770256385.0,7.352,3.995,0.256,3.323,3.479,0.55,,0.0,0.02,,
North Macedonia,MKD,2023,1831800.0,,7.338,4.006,,3.183,3.46,0.695,,0.0,0.019,,
North Macedonia,MKD,2024,1823011.0,,6.62,3.631,,2.454,3.511,0.655,,0.0,0.017,,
Norway,NOR,1990,4241440.0,124859200464.0,35.009,8.254,0.28,3.687,20.249,7.499,0.634,1.916,0.154,,
Norway,NOR,1991,4261618.0,132697585836.0,33.466,7.853,0.252,3.263,19.449,7.826,0.592,1.404,0.144,,
Norway,NOR,1992,4286255.0,141648316012.0,34.402,8.026,0.243,3.292,19.749,8.334,0.653,1.398,0.153,,
Norway,NOR,1993,4311864.0,150177267961.0,35.948,8.337,0.239,3.7,20.13,8.719,0.838,1.613,0.158,,
Norway,NOR,1994,4336467.0,162645039026.0,37.863,8.731,0.233,4.067,20.876,9.423,0.845,1.692,0.165,,
Norway,NOR,1995,4358991.0,174592147085.0,38.469,8.825,0.22,4.138,21.313,9.396,0.875,1.83,0.164,,
Norway,NOR,1996,4381137.0,189011166346.0,41.54,9.482,0.22,4.139,23.388,10.118,0.863,2.073,0.171,,
Norway,NOR,1997,4404988.0,205129717023.0,41.644,9.454,0.203,4.212,23.045,10.553,0.922,1.939,0.171,,
Norway,NOR,1998,4431308.0,216978667712.0,41.838,9.441,0.193,4.417,23.751,9.862,0.9,2.01,0.172,,
Norway,NOR,1999,4461789.0,228192617125.0,42.609,9.55,0.187,4.402,24.282,9.615,0.892,2.626,0.172,,
Norway,NOR,2000,4490864.0,242751277829.0,42.131,9.381,0.174,4.324,22.346,11.042,0.89,2.775,0.165,,
Norway,NOR,2001,4513650.0,255455331302.0,43.519,9.642,0.17,3.939,23.33,12.131,0.853,2.388,0.169,,
Norway,NOR,2002,4538016.0,267081351259.0,42.571,9.381,0.159,3.434,23.322,12.302,0.875,1.923,0.162,,
Norway,NOR,2003,4564666.0,277856282106.0,43.919,9.622,0.158,3.284,24.382,13.021,0.904,1.787,0.159,48.507,10.627
Norway,NOR,2004,4591739.0,297743119876.0,44.257,9.638,0.149,3.67,24.047,13.595,0.716,1.718,0.155,52.343,11.399
Norway,NOR,2005,4623120.0,314940774381.0,43.279,9.361,0.137,3.319,23.64,13.426,0.78,1.591,0.146,50.654,10.957
Norway,NOR,2006,4660487.0,332457531096.0,43.859,9.411,0.132,2.747,24.743,13.6,0.805,1.43,0.143,56.636,12.152
Norway,NOR,2007,4709017.0,352692911227.0,45.605,9.685,0.129,3.11,24.389,13.92,0.869,2.817,0.145,61.4,13.039
Norway,NOR,2008,4768097.0,364943654963.0,44.692,9.373,0.122,3.23,23.62,14.09,0.833,2.352,0.139,57.46,12.051
Norway,NOR,2009,4828625.0,370113292846.0,43.098,8.926,0.116,2.322,23.144,14.793,0.842,1.499,0.137,55.744,11.545
Norway,NOR,2010,4889160.0,383760934305.0,45.659,9.339,0.119,3.053,24.535,15.053,0.754,1.542,0.137,60.764,12.428
Norway,NOR,2011,4952969.0,399420041611.0,44.775,9.04,0.112,3.202,24.308,14.368,0.749,1.528,0.13,56.21,11.349
Norway,NOR,2012,5018453.0,410276121127.0,44.258,8.819,0.108,3.175,24.279,14.086,0.725,1.4,0.127,52.914,10.544
Norway,NOR,2013,5080126.0,414445317738.0,44.539,8.767,0.107,3.242,24.539,13.909,0.731,1.491,0.126,53.486,10.529
Norway,NOR,2014,5137397.0,422933730082.0,44.975,8.754,0.106,3.473,24.091,14.651,0.727,1.389,0.127,52.705,10.259
Norway,NOR,2015,5189777.0,430788988142.0,45.523,8.772,0.106,3.362,23.893,15.516,0.672,1.508,0.129,54.765,10.552
Norway,NOR,2016,5235974.0,435806553454.0,44.708,8.539,0.103,3.479,23.38,15.152,0.684,1.456,0.126,49.226,9.402
Norway,NOR,2017,5276807.0,446543702505.0,44.197,8.376,0.099,3.581,22.723,15.498,0.766,1.099,0.123,49.121,9.309
Norway,NOR,2018,5311751.0,450245217440.0,44.472,8.372,0.099,3.466,23.347,15.335,0.73,1.043,0.121,48.661,9.161
Norway,NOR,2019,5347733.0,455304831150.0,42.866,8.016,0.094,3.485,22.084,15.057,0.722,0.953,0.116,48.297,9.031
Norway,NOR,2020,5379275.0,449485260525.0,41.275,7.673,0.092,3.539,21.328,14.318,0.725,0.828,0.117,46.648,8.672
Norway,NOR,2021,5408082.0,467007972731.0,41.058,7.592,0.088,3.639,22.07,13.397,0.699,0.723,0.111,42.23,7.809
Norway,NOR,2022,5456796.0,482328451592.0,40.833,7.483,0.085,3.68,22.164,12.923,0.71,0.789,0.109,34.89,6.394
Norway,NOR,2023,5519167.0,,38.869,7.043,,3.752,21.22,11.422,0.594,1.515,0.102,38.97,7.061
Norway,NOR,2024,5576656.0,,37.183,6.668,,3.851,20.837,10.047,0.594,1.493,0.096,,
Oman,OMN,1990,1763957.0,18309502487.0,11.285,6.398,0.616,0.0,5.232,4.203,0.48,1.37,0.05,12.338,6.995
Oman,OMN,1991,1851476.0,20523449762.0,11.658,6.297,0.568,0.0,5.494,4.458,0.476,1.231,0.05,13.139,7.096
Oman,OMN,1992,1938240.0,23477627483.0,11.956,6.168,0.509,0.0,4.043,6.256,0.462,1.195,0.053,13.462,6.945
Oman,OMN,1993,2021677.0,26328163578.0,13.291,6.574,0.505,0.0,4.085,7.588,0.475,1.143,0.058,15.072,7.455
Oman,OMN,1994,2081839.0,28891343065.0,17.466,8.39,0.605,0.0,5.276,8.416,0.568,3.206,0.076,18.695,8.98
Oman,OMN,1995,2120531.0,32313285852.0,18.816,8.873,0.582,0.0,7.678,6.876,0.555,3.708,0.08,19.661,9.272
Oman,OMN,1996,2156925.0,35842067925.0,18.197,8.437,0.508,0.0,7.273,6.383,0.592,3.95,0.075,18.662,8.652
Oman,OMN,1997,2190726.0,41346951900.0,18.145,8.282,0.439,0.0,5.518,7.497,0.591,4.539,0.074,18.294,8.351
Oman,OMN,1998,2222492.0,46306004470.0,18.543,8.343,0.4,0.0,5.363,8.839,0.621,3.72,0.076,19.794,8.906
Oman,OMN,1999,2252910.0,50522589652.0,22.076,9.799,0.437,0.0,7.738,9.754,0.565,4.019,0.089,17.6,7.812
Oman,OMN,2000,2282139.0,58124187550.0,23.984,10.51,0.413,0.0,8.163,11.029,0.573,4.22,0.094,15.637,6.852
Oman,OMN,2001,2310223.0,64949142360.0,22.512,9.744,0.347,0.0,5.251,12.134,0.626,4.5,0.088,16.346,7.076
Oman,OMN,2002,2337144.0,68131998222.0,26.979,11.544,0.396,0.0,6.226,15.314,0.768,4.67,0.103,18.992,8.126
Oman,OMN,2003,2363801.0,69978417960.0,34.563,14.622,0.494,0.0,11.12,16.818,1.116,5.509,0.125,38.207,16.163
Oman,OMN,2004,2404822.0,74745449481.0,29.247,12.162,0.391,0.001,7.504,15.37,1.156,5.216,0.102,28.975,12.049
Oman,OMN,2005,2459808.0,80936605625.0,31.835,12.942,0.393,0.004,6.87,18.892,1.171,4.899,0.108,29.612,12.039
Oman,OMN,2006,2514794.0,90553430362.0,40.45,16.085,0.447,0.0,14.029,20.625,1.557,4.238,0.132,39.227,15.599
Oman,OMN,2007,2570175.0,100681198254.0,45.308,17.629,0.45,0.003,18.148,21.717,1.642,3.799,0.144,45.096,17.546
Oman,OMN,2008,2626536.0,115217924982.0,47.436,18.06,0.412,0.009,13.275,28.689,1.674,3.789,0.148,49.397,18.807
Oman,OMN,2009,2684665.0,127016653137.0,44.504,16.577,0.35,0.025,10.53,28.729,1.664,3.555,0.141,50.202,18.699
Oman,OMN,2010,2757450.0,135198273857.0,51.429,18.651,0.38,0.029,12.109,34.106,1.865,3.321,0.154,53.079,19.249
Oman,OMN,2011,3076762.0,132756531310.0,57.305,18.625,0.432,0.027,12.45,39.117,2.063,3.647,0.166,57.496,18.687
Oman,OMN,2012,3547104.0,144522749866.0,63.105,17.791,0.437,0.014,14.983,41.637,2.499,3.973,0.181,67.337,18.984
Oman,OMN,2013,3833915.0,152076951430.0,65.587,17.107,0.431,0.021,13.168,45.635,2.335,4.428,0.186,71.533,18.658
Oman,OMN,2014,4002444.0,154041791696.0,66.19,16.537,0.43,0.015,14.275,44.965,2.06,4.876,0.187,73.064,18.255
Oman,OMN,2015,4184898.0,161770059399.0,67.883,16.221,0.42,0.214,12.703,48.251,2.141,4.574,0.192,76.902,18.376
Oman,OMN,2016,4390880.0,169932976616.0,66.24,15.086,0.39,0.186,10.941,48.255,2.302,4.556,0.187,74.332,16.929
Oman,OMN,2017,4537397.0,170449577065.0,66.344,14.622,0.389,0.166,11.828,47.496,1.963,4.89,0.184,75.389,16.615
Oman,OMN,2018,4597878.0,172643265345.0,70.678,15.372,0.409,0.111,12.599,51.296,2.169,4.504,0.192,77.843,16.93
Oman,OMN,2019,4591248.0,170692383655.0,72.035,15.69,0.422,0.191,12.324,52.344,2.229,4.947,0.194,78.59,17.117
Oman,OMN,2020,4522502.0,165230251016.0,71.845,15.886,0.435,0.329,10.069,54.171,2.545,4.732,0.204,78.752,17.413
Oman,OMN,2021,4500429.0,170025212745.0,75.041,16.674,0.441,0.165,11.147,56.451,2.625,4.653,0.204,81.218,18.047
Oman,OMN,2022,4730229.0,177355008173.0,77.994,16.488,0.44,0.024,12.725,58.523,2.827,3.895,0.208,81.191,17.164
Oman,OMN,2023,5049267.0,,79.811,15.806,,0.018,12.765,60.649,2.827,3.552,0.21,83.36,16.509
Oman,OMN,2024,5281542.0,,82.662,15.651,,0.023,12.435,63.552,2.827,3.825,0.214,,
Pakistan,PAK,1990,116155584.0,290069526062.0,67.827,0.584,0.234,8.53,33.128,23.117,3.052,,0.298,69.172,0.596
Pakistan,PAK,1991,120060409.0,311483364597.0,67.477,0.562,0.217,8.024,32.311,23.983,3.159,,0.291,68.311,0.569
Pakistan,PAK,1992,123546855.0,327814343506.0,72.015,0.583,0.22,8.361,34.971,25.515,3.168,,0.32,72.696,0.588
Pakistan,PAK,1993,127020117.0,338978430026.0,77.176,0.608,0.228,8.464,38.384,26.949,3.379,,0.339,77.9,0.613
Pakistan,PAK,1994,130748076.0,356454516834.0,84.018,0.643,0.236,9.208,42.986,28.539,3.286,0.0,0.366,85.127,0.651
Pakistan,PAK,1995,134582255.0,376967615526.0,83.614,0.621,0.222,8.332,43.693,28.11,3.479,0.0,0.356,85.232,0.633
Pakistan,PAK,1996,138557089.0,391435181933.0,93.542,0.675,0.239,9.358,50.178,30.404,3.602,0.0,0.386,95.055,0.686
Pakistan,PAK,1997,142531801.0,402359547116.0,93.788,0.658,0.233,8.574,49.358,32.218,3.639,0.0,0.385,94.915,0.666
Pakistan,PAK,1998,146522354.0,419024845538.0,96.741,0.66,0.231,8.182,52.58,32.384,3.595,0.0,0.398,97.113,0.663
Pakistan,PAK,1999,150565381.0,440333180316.0,99.389,0.66,0.226,8.592,52.448,34.476,3.873,0.0,0.4,101.217,0.672
Pakistan,PAK,2000,154879124.0,459798536606.0,103.94,0.671,0.226,8.192,55.39,36.368,3.989,0.0,0.407,106.65,0.689
Pakistan,PAK,2001,159270910.0,477964444881.0,105.401,0.662,0.221,8.042,55.088,37.856,4.414,0.0,0.41,108.182,0.679
Pakistan,PAK,2002,163222552.0,504824722487.0,110.566,0.677,0.219,7.742,53.659,44.77,4.395,0.0,0.421,116.523,0.714
Pakistan,PAK,2003,167110250.0,543920300431.0,113.142,0.677,0.208,8.841,44.217,54.912,5.171,0.0,0.409,120.568,0.721
Pakistan,PAK,2004,171285999.0,592025705114.0,124.637,0.728,0.211,11.923,46.331,60.778,5.604,0.0,0.436,140.241,0.819
Pakistan,PAK,2005,175453212.0,641139042718.0,129.947,0.741,0.203,11.446,48.365,63.497,6.639,0.0,0.439,146.737,0.836
Pakistan,PAK,2006,179682690.0,685965623310.0,137.912,0.768,0.201,12.051,54.216,63.757,7.887,0.0,0.451,154.776,0.861
Pakistan,PAK,2007,184493231.0,719253757580.0,148.349,0.804,0.206,16.067,57.866,64.952,9.465,0.0,0.471,165.201,0.895
Pakistan,PAK,2008,189499112.0,746912719652.0,147.901,0.78,0.198,12.887,58.93,65.756,10.33,0.0,0.461,164.875,0.87
Pakistan,PAK,2009,194376535.0,774880575078.0,148.355,0.763,0.191,11.446,58.311,66.987,11.611,0.0,0.471,162.541,0.836
Pakistan,PAK,2010,199239048.0,805491514683.0,147.504,0.74,0.183,11.021,62.145,63.123,11.214,0.0,0.443,162.25,0.814
Pakistan,PAK,2011,203746069.0,845096928750.0,149.488,0.734,0.177,12.003,60.504,65.959,11.022,0.0,0.434,165.284,0.811
Pakistan,PAK,2012,207667129.0,878485024934.0,150.555,0.725,0.171,10.369,63.616,64.177,11.391,1.002,0.431,167.85,0.808
Pakistan,PAK,2013,211073979.0,918328534363.0,148.183,0.702,0.161,10.318,61.042,63.721,11.962,1.141,0.42,165.372,0.783
Pakistan,PAK,2014,214264649.0,961516822345.0,150.81,0.704,0.157,13.117,60.428,64.202,12.198,0.864,0.425,170.976,0.798
Pakistan,PAK,2015,217290884.0,1010825281718.0,144.896,0.667,0.143,12.506,54.382,64.407,12.704,0.896,0.409,171.63,0.79
Pakistan,PAK,2016,220138863.0,1061146810870.0,176.741,0.803,0.167,22.614,74.33,64.522,14.46,0.815,0.499,211.188,0.959
Pakistan,PAK,2017,223273974.0,1117267177186.0,211.981,0.949,0.19,37.259,83.47,75.724,14.846,0.682,0.589,243.599,1.091
Pakistan,PAK,2018,226928893.0,1165406508457.0,203.5,0.897,0.175,46.21,66.654,74.561,15.5,0.575,0.554,232.948,1.027
Pakistan,PAK,2019,230800908.0,1172330212219.0,190.826,0.827,0.163,44.715,61.867,68.337,15.444,0.463,0.515,219.373,0.95
Pakistan,PAK,2020,235001745.0,1202026422230.0,215.51,0.917,0.179,52.01,80.077,66.395,16.573,0.454,0.613,240.62,1.024
Pakistan,PAK,2021,239477805.0,1278204948031.0,243.552,1.017,0.191,62.292,94.018,67.872,18.929,0.442,0.661,273.001,1.14
Pakistan,PAK,2022,243700667.0,1318834969356.0,211.97,0.87,0.161,59.54,73.32,61.74,16.918,0.452,0.565,245.344,1.007
Pakistan,PAK,2023,247504505.0,,186.861,0.755,,51.092,58.21,61.176,15.957,0.427,0.491,220.106,0.889
Pakistan,PAK,2024,251269160.0,,179.8,0.716,,45.25,59.735,59.945,14.402,0.468,0.466,,
Palau,PLW,1990,15282.0,,0.234,15.345,,,0.234,,0.0,,0.001,,
Palau,PLW,1991,15635.0,,0.234,14.998,,,0.234,,0.0,,0.001,,
Palau,PLW,1992,16017.0,,0.194,12.124,,,0.194,,0.0,,0.001,,
Palau,PLW,1993,16397.0,,0.194,11.843,,,0.194,,0.0,,0.001,,
Palau,PLW,1994,16796.0,,0.198,11.78,,,0.198,,0.0,0.0,0.001,,
Palau,PLW,1995,17217.0,,0.194,11.279,,,0.194,,0.0,0.0,0.001,,
Palau,PLW,1996,17683.0,,0.198,11.189,,,0.198,,0.0,0.0,0.001,,
Palau,PLW,1997,18126.0,,0.198,10.916,,,0.198,,0.0,0.0,0.001,,
Palau,PLW,1998,18548.0,,0.202,10.865,,,0.202,,0.0,0.0,0.001,,
Palau,PLW,1999,18926.0,,0.202,10.648,,,0.202,,0.0,0.0,0.001,,
Palau,PLW,2000,19206.0,,0.209,10.874,,,0.209,,0.0,0.0,0.001,,
Palau,PLW,2001,19379.0,,0.213,10.966,,,0.213,,0.0,0.0,0.001,,
Palau,PLW,2002,19527.0,,0.213,10.883,,,0.213,,0.0,0.0,0.001,,
Palau,PLW,2003,19683.0,,0.213,10.797,,,0.213,,0.0,0.0,0.001,,
Palau,PLW,2004,19841.0,,0.213,10.711,,,0.213,,0.0,0.0,0.001,,
Palau,PLW,2005,19837.0,,0.224,11.267,,,0.224,,0.0,0.0,0.001,,
Palau,PLW,2006,19616.0,,0.227,11.581,,,0.227,,0.0,0.0,0.001,,
Palau,PLW,2007,19324.0,,0.253,13.083,,,0.253,,0.0,0.0,0.001,,
Palau,PLW,2008,19031.0,,0.205,10.782,,,0.205,,0.0,0.0,0.001,,
Palau,PLW,2009,18736.0,,0.194,10.365,,,0.194,,0.0,0.0,0.001,,
Palau,PLW,2010,18420.0,,0.209,11.338,,,0.209,,0.0,0.0,0.001,,
Palau,PLW,2011,18099.0,,0.213,11.742,,,0.213,,0.0,0.0,0.001,,
Palau,PLW,2012,17791.0,,0.224,12.563,,,0.224,,0.0,0.0,0.001,,
Palau,PLW,2013,17670.0,,0.227,12.856,,,0.227,,0.0,0.0,0.001,,
Palau,PLW,2014,17740.0,,0.22,12.392,,,0.22,,0.0,0.0,0.001,,
Palau,PLW,2015,17791.0,,0.202,11.327,,,0.202,,0.0,0.0,0.001,,
Palau,PLW,2016,17824.0,,0.209,11.717,,,0.209,,0.0,0.0,0.001,,
Palau,PLW,2017,17838.0,,0.216,12.119,,,0.216,,0.0,0.0,0.001,,
Palau,PLW,2018,17843.0,,0.213,11.91,,,0.213,,0.0,0.0,0.001,,
Palau,PLW,2019,17821.0,,0.216,12.13,,,0.216,,0.0,0.0,0.001,,
Palau,PLW,2020,17817.0,,0.209,11.722,,,0.209,,0.0,0.0,0.001,,
Palau,PLW,2021,17809.0,,0.213,11.933,,,0.213,,0.0,0.0,0.001,,
Palau,PLW,2022,17784.0,,0.217,12.215,,,0.217,,0.0,0.0,0.001,,
Palau,PLW,2023,17751.0,,0.216,12.18,,,0.216,,0.0,0.0,0.001,,
Palau,PLW,2024,17719.0,,0.226,12.76,,,0.226,,0.0,0.0,0.001,,
Palestine,PSE,1990,2139065.0,10144810000.0,0.861,0.403,0.085,,0.861,,0.0,,0.004,,
Palestine,PSE,1991,2228955.0,9454877455.0,0.883,0.396,0.093,,0.883,,0.0,,0.004,,
Palestine,PSE,1992,2324698.0,11394776250.0,0.912,0.392,0.08,,0.912,,0.0,,0.004,,
Palestine,PSE,1993,2425066.0,12261093169.0,0.934,0.385,0.076,,0.934,,0.0,,0.004,,
Palestine,PSE,1994,2529164.0,13843761534.0,0.964,0.381,0.07,,0.964,,0.0,0.0,0.004,,
Palestine,PSE,1995,2636554.0,14426654108.0,0.945,0.359,0.066,,0.945,,0.0,0.0,0.004,,
Palestine,PSE,1996,2746830.0,14210402096.0,1.037,0.377,0.073,,1.037,,0.0,0.0,0.004,,
Palestine,PSE,1997,2859581.0,15853595460.0,0.865,0.302,0.055,,0.865,,0.0,0.0,0.004,,
Palestine,PSE,1998,2962895.0,17641238398.0,1.458,0.492,0.083,,1.458,,0.0,0.0,0.006,,
Palestine,PSE,1999,3056256.0,18589120867.0,1.367,0.447,0.074,,1.367,,0.0,0.0,0.006,,
Palestine,PSE,2000,3151800.0,16535485180.0,1.66,0.527,0.1,,1.66,,0.0,0.0,0.007,,
Palestine,PSE,2001,3242286.0,14595986667.0,1.345,0.415,0.092,,1.345,,0.0,0.0,0.005,,
Palestine,PSE,2002,3322369.0,12429343876.0,1.154,0.347,0.093,,1.154,,0.0,0.0,0.004,,
Palestine,PSE,2003,3398071.0,13784762233.0,1.275,0.375,0.092,,1.275,,0.0,0.0,0.005,,
Palestine,PSE,2004,3475178.0,14801525695.0,2.191,0.63,0.148,,2.191,,0.0,0.0,0.008,,
Palestine,PSE,2005,3557406.0,15962719146.0,2.737,0.769,0.171,,2.737,,0.0,0.0,0.009,,
Palestine,PSE,2006,3645096.0,14923434404.0,2.268,0.622,0.152,,2.268,,0.0,0.0,0.007,,
Palestine,PSE,2007,3736694.0,15482101098.0,2.327,0.623,0.15,,2.327,,0.0,0.0,0.007,,
Palestine,PSE,2008,3829039.0,15978427884.0,2.052,0.536,0.128,,2.052,,0.0,0.0,0.006,,
Palestine,PSE,2009,3921245.0,16895251586.0,2.088,0.533,0.124,,2.088,,0.0,0.0,0.007,,
Palestine,PSE,2010,4016918.0,17771111593.0,2.034,0.506,0.114,,2.034,,0.0,0.0,0.006,,
Palestine,PSE,2011,4115912.0,19437411000.0,2.246,0.546,0.116,,2.246,,0.0,0.0,0.007,,
Palestine,PSE,2012,4215318.0,20660752000.0,2.195,0.521,0.106,,2.195,,0.0,0.0,0.006,,
Palestine,PSE,2013,4315263.0,21115612000.0,2.437,0.565,0.115,,2.437,,0.0,0.0,0.007,,
Palestine,PSE,2014,4415887.0,21084591000.0,2.836,0.642,0.135,,2.836,,0.0,0.0,0.008,,
Palestine,PSE,2015,4521564.0,21808077000.0,3.001,0.664,0.138,,3.001,,0.0,0.0,0.008,,
Palestine,PSE,2016,4632743.0,23665914839.0,3.235,0.698,0.137,,3.235,,0.0,0.0,0.009,,
Palestine,PSE,2017,4742747.0,23886477912.0,3.265,0.688,0.137,,3.265,,0.0,0.0,0.009,,
Palestine,PSE,2018,4850593.0,24082206405.0,2.957,0.61,0.123,,2.957,,0.0,0.0,0.008,,
Palestine,PSE,2019,4957773.0,24410373377.0,3.265,0.658,0.134,,3.265,,0.0,0.0,0.009,,
Palestine,PSE,2020,5069692.0,21647493143.0,3.327,0.656,0.154,,3.327,,0.0,0.0,0.009,,
Palestine,PSE,2021,5185341.0,23165411997.0,3.635,0.701,0.157,,3.635,,0.0,0.0,0.01,,
Palestine,PSE,2022,5305274.0,24076501614.0,4.702,0.886,0.195,,4.702,,0.0,0.0,0.013,,
Palestine,PSE,2023,5409201.0,,4.755,0.879,,,4.755,,0.0,0.0,0.012,,
Palestine,PSE,2024,5495447.0,,4.78,0.87,,,4.78,,0.0,0.0,0.012,,
Panama,PAN,1990,2455588.0,17035767000.0,2.618,1.066,0.154,0.092,2.411,,0.115,,0.012,2.742,1.117
Panama,PAN,1991,2508273.0,18696766794.0,3.089,1.231,0.165,0.128,2.847,,0.114,,0.013,2.819,1.124
Panama,PAN,1992,2561342.0,20281943424.0,4.098,1.6,0.202,0.128,3.876,,0.093,,0.018,3.281,1.281
Panama,PAN,1993,2615099.0,21447805218.0,3.749,1.434,0.175,0.139,3.4,,0.21,,0.016,3.196,1.222
Panama,PAN,1994,2669545.0,22126487628.0,4.136,1.549,0.187,0.143,3.77,,0.223,0.0,0.018,3.401,1.274
Panama,PAN,1995,2724555.0,22570156089.0,3.608,1.324,0.16,0.095,3.294,,0.219,0.0,0.015,3.216,1.18
Panama,PAN,1996,2780228.0,23274084902.0,4.397,1.581,0.189,0.264,3.906,,0.227,0.0,0.018,3.674,1.321
Panama,PAN,1997,2836702.0,24846156289.0,4.572,1.612,0.184,0.15,4.18,,0.242,0.0,0.019,3.955,1.394
Panama,PAN,1998,2893918.0,26740256885.0,5.835,2.016,0.218,0.158,5.423,,0.255,0.0,0.024,4.433,1.532
Panama,PAN,1999,2951820.0,27866809468.0,5.552,1.881,0.199,0.158,5.14,,0.254,0.0,0.022,4.703,1.593
Panama,PAN,2000,3010376.0,28706485449.0,5.636,1.872,0.196,0.158,5.166,,0.312,0.0,0.022,4.415,1.467
Panama,PAN,2001,3069545.0,28943056968.0,6.909,2.251,0.239,0.169,6.438,,0.303,0.0,0.027,4.918,1.602
Panama,PAN,2002,3129343.0,29668000666.0,5.71,1.825,0.192,0.121,5.383,,0.206,0.0,0.022,4.526,1.446
Panama,PAN,2003,3189813.0,31009621095.0,5.929,1.859,0.191,,5.72,,0.209,0.0,0.021,1.747,0.548
Panama,PAN,2004,3251158.0,33428600750.0,5.505,1.693,0.165,,5.28,,0.225,0.0,0.019,1.901,0.585
Panama,PAN,2005,3313024.0,35933065263.0,6.742,2.035,0.188,,6.54,,0.202,0.0,0.023,0.869,0.262
Panama,PAN,2006,3375024.0,39099565107.0,7.282,2.158,0.186,,7.097,,0.185,0.0,0.024,,
Panama,PAN,2007,3437490.0,43958183203.0,7.134,2.075,0.162,,6.929,,0.205,0.0,0.023,0.28,0.081
Panama,PAN,2008,3500646.0,47885663330.0,6.809,1.945,0.142,,6.603,,0.207,0.0,0.021,,
Panama,PAN,2009,3564383.0,48772972500.0,8.051,2.259,0.165,,7.797,,0.254,0.0,0.026,1.053,0.295
Panama,PAN,2010,3628537.0,51741885375.0,9.06,2.497,0.175,0.0,8.482,,0.578,0.0,0.027,1.068,0.294
Panama,PAN,2011,3693509.0,57996520000.0,9.899,2.68,0.171,0.553,8.636,,0.71,0.0,0.029,0.17,0.046
Panama,PAN,2012,3759261.0,63359010000.0,9.54,2.538,0.151,0.755,8.013,,0.772,0.0,0.027,0.621,0.165
Panama,PAN,2013,3825333.0,67546261000.0,10.274,2.686,0.152,0.795,8.687,,0.791,0.0,0.029,2.566,0.671
Panama,PAN,2014,3892100.0,71636840000.0,10.689,2.746,0.149,0.821,9.075,,0.792,0.0,0.03,3.718,0.955
Panama,PAN,2015,3960034.0,75784011000.0,10.652,2.69,0.141,0.828,9.083,,0.741,0.0,0.03,4.542,1.147
Panama,PAN,2016,4029085.0,79454188125.0,10.334,2.565,0.13,0.733,8.867,,0.734,0.0,0.029,,
Panama,PAN,2017,4098704.0,83812229677.0,9.568,2.334,0.114,0.205,8.596,,0.767,0.0,0.027,19.608,4.784
Panama,PAN,2018,4167860.0,86820962356.0,9.121,2.188,0.105,0.51,7.434,0.535,0.643,0.0,0.025,19.105,4.584
Panama,PAN,2019,4234698.0,89670319909.0,12.449,2.94,0.139,2.096,8.134,1.663,0.555,0.0,0.034,18.749,4.427
Panama,PAN,2020,4293258.0,73827064971.0,6.557,1.527,0.089,2.253,3.133,0.898,0.274,0.0,0.019,18.314,4.266
Panama,PAN,2021,4345410.0,85518149482.0,10.145,2.335,0.119,2.147,6.434,1.07,0.494,0.0,0.028,19.623,4.516
Panama,PAN,2022,4400775.0,94762119668.0,11.707,2.66,0.124,2.093,8.567,0.507,0.541,0.0,0.031,19.515,4.435
Panama,PAN,2023,4458758.0,,13.002,2.916,,2.456,9.082,0.923,0.541,0.0,0.034,19.517,4.377
Panama,PAN,2024,4515576.0,,12.664,2.805,,1.754,9.432,0.937,0.541,0.0,0.033,,
Papua New Guinea,PNG,1990,3896482.0,,2.154,0.553,,0.004,2.001,0.15,0.0,,0.009,,
Papua New Guinea,PNG,1991,4021840.0,,2.173,0.54,,0.004,2.019,0.15,0.0,,0.009,,
Papua New Guinea,PNG,1992,4166702.0,,2.191,0.526,,0.004,2.037,0.15,0.0,,0.01,,
Papua New Guinea,PNG,1993,4320880.0,,2.195,0.508,,0.004,2.037,0.154,0.0,,0.01,,
Papua New Guinea,PNG,1994,4480210.0,,2.186,0.488,,0.004,2.012,0.165,0.0,0.006,0.01,,
Papua New Guinea,PNG,1995,4644282.0,,2.052,0.442,,0.004,1.858,0.19,0.0,0.0,0.009,,
Papua New Guinea,PNG,1996,4813363.0,,2.197,0.457,,0.004,1.924,0.267,0.0,0.003,0.009,,
Papua New Guinea,PNG,1997,4987887.0,,2.611,0.523,,0.004,2.341,0.227,0.0,0.039,0.011,,
Papua New Guinea,PNG,1998,5166390.0,,3.536,0.684,,0.004,2.598,0.264,0.0,0.671,0.015,,
Papua New Guinea,PNG,1999,5349333.0,,2.548,0.476,,,2.206,0.234,0.0,0.108,0.01,,
Papua New Guinea,PNG,2000,5537068.0,,2.938,0.531,,,2.418,0.246,0.0,0.274,0.012,,
Papua New Guinea,PNG,2001,5728444.0,,3.336,0.582,,,2.909,0.297,0.0,0.13,0.013,,
Papua New Guinea,PNG,2002,5924010.0,,3.666,0.619,,,3.191,0.297,0.0,0.178,0.014,,
Papua New Guinea,PNG,2003,6124005.0,,4.053,0.662,,,3.664,0.275,0.0,0.115,0.015,,
Papua New Guinea,PNG,2004,6328042.0,,4.687,0.741,,,4.225,0.253,0.0,0.21,0.016,,
Papua New Guinea,PNG,2005,6535905.0,,4.984,0.763,,,4.092,0.293,0.0,0.598,0.017,,
Papua New Guinea,PNG,2006,6747724.0,,5.051,0.749,,,4.026,0.279,0.0,0.746,0.017,,
Papua New Guinea,PNG,2007,6963353.0,,6.581,0.945,,,5.855,0.26,0.0,0.466,0.021,,
Papua New Guinea,PNG,2008,7183002.0,,5.545,0.772,,,4.503,0.289,0.0,0.752,0.017,,
Papua New Guinea,PNG,2009,7406442.0,,5.265,0.711,,,4.789,0.3,0.0,0.175,0.017,,
Papua New Guinea,PNG,2010,7633524.0,,4.715,0.618,,,4.371,0.289,0.0,0.054,0.014,,
Papua New Guinea,PNG,2011,7859349.0,,5.298,0.674,,,4.921,0.304,0.0,0.074,0.015,,
Papua New Guinea,PNG,2012,8081396.0,,4.372,0.541,,,4.019,0.26,0.0,0.093,0.013,,
Papua New Guinea,PNG,2013,8302700.0,,4.532,0.546,,,4.173,0.26,0.0,0.099,0.013,,
Papua New Guinea,PNG,2014,8523440.0,,6.125,0.719,,,4.932,0.645,0.0,0.548,0.017,,
Papua New Guinea,PNG,2015,8743247.0,,6.316,0.722,,,5.229,0.948,0.0,0.139,0.018,,
Papua New Guinea,PNG,2016,8961717.0,,7.024,0.784,,,5.766,1.081,0.0,0.176,0.02,,
Papua New Guinea,PNG,2017,9178717.0,,6.55,0.714,,,5.33,1.125,0.0,0.094,0.018,,
Papua New Guinea,PNG,2018,9394518.0,,7.596,0.809,,,6.647,0.861,0.0,0.088,0.021,,
Papua New Guinea,PNG,2019,9609014.0,,7.583,0.789,,,6.515,1.003,0.0,0.064,0.02,,
Papua New Guinea,PNG,2020,9815743.0,,7.911,0.806,,,5.841,1.967,0.0,0.103,0.023,,
Papua New Guinea,PNG,2021,10012898.0,,7.873,0.786,,,5.837,1.913,0.0,0.124,0.021,,
Papua New Guinea,PNG,2022,10203177.0,,8.436,0.827,,,6.453,1.824,0.0,0.16,0.022,,
Papua New Guinea,PNG,2023,10389638.0,,8.358,0.804,,,6.422,1.807,0.0,0.128,0.022,,
Papua New Guinea,PNG,2024,10576509.0,,8.345,0.789,,,6.716,1.612,0.0,0.017,0.022,,
Paraguay,PRY,1990,4035752.0,22196120000.0,2.13,0.528,0.096,,1.993,,0.137,,0.009,3.635,0.901
Paraguay,PRY,1991,4144370.0,22815091205.0,2.098,0.506,0.092,,1.968,,0.13,,0.009,3.707,0.894
Paraguay,PRY,1992,4253608.0,23297733832.0,2.571,0.604,0.11,,2.36,,0.211,,0.011,4.247,0.998
Paraguay,PRY,1993,4362706.0,24342699255.0,2.905,0.666,0.119,,2.704,,0.201,,0.013,4.394,1.007
Paraguay,PRY,1994,4471423.0,25180861240.0,3.393,0.759,0.135,,3.14,,0.253,0.0,0.015,4.914,1.099
Paraguay,PRY,1995,4579803.0,26637512671.0,3.925,0.857,0.147,,3.646,,0.279,0.0,0.017,5.372,1.173
Paraguay,PRY,1996,4687540.0,26835505969.0,3.706,0.791,0.138,,3.444,,0.262,0.0,0.015,5.052,1.078
Paraguay,PRY,1997,4794415.0,27717303684.0,4.092,0.853,0.148,,3.855,,0.237,0.0,0.017,5.591,1.166
Paraguay,PRY,1998,4900028.0,27958225603.0,4.374,0.893,0.156,,4.137,,0.237,0.0,0.018,5.443,1.111
Paraguay,PRY,1999,5003139.0,27635393000.0,4.362,0.872,0.158,,4.133,,0.229,0.0,0.018,5.569,1.113
Paraguay,PRY,2000,5100875.0,26799187738.0,3.592,0.704,0.134,,3.36,,0.233,0.0,0.014,5.66,1.11
Paraguay,PRY,2001,5187690.0,27438613750.0,3.687,0.711,0.134,,3.495,,0.192,0.0,0.014,5.636,1.086
Paraguay,PRY,2002,5261334.0,31664872141.0,3.853,0.732,0.122,,3.675,,0.178,0.0,0.015,5.705,1.084
Paraguay,PRY,2003,5326437.0,33135448282.0,4.026,0.756,0.121,,3.811,,0.215,0.0,0.015,5.329,1.0
Paraguay,PRY,2004,5388181.0,34591080511.0,4.058,0.753,0.117,0.0,3.855,,0.203,0.0,0.014,5.67,1.052
Paraguay,PRY,2005,5448100.0,35443580706.0,3.772,0.692,0.106,0.0,3.554,,0.218,0.0,0.013,5.539,1.017
Paraguay,PRY,2006,5505145.0,37261533412.0,3.901,0.709,0.105,0.0,3.682,,0.218,0.0,0.013,5.699,1.035
Paraguay,PRY,2007,5559385.0,39406021841.0,4.041,0.727,0.103,0.0,3.84,,0.201,0.0,0.013,6.534,1.175
Paraguay,PRY,2008,5613577.0,42050621581.0,4.27,0.761,0.102,0.0,4.049,,0.221,0.0,0.013,7.798,1.389
Paraguay,PRY,2009,5671243.0,40509009629.0,4.525,0.798,0.112,0.0,4.261,,0.264,0.0,0.014,7.058,1.244
Paraguay,PRY,2010,5737973.0,45961696292.0,5.011,0.873,0.109,0.0,4.767,,0.244,0.0,0.015,8.703,1.517
Paraguay,PRY,2011,5814632.0,48113309093.0,5.192,0.893,0.108,0.004,4.99,,0.197,0.0,0.015,9.788,1.683
Paraguay,PRY,2012,5897011.0,47772664940.0,5.159,0.875,0.108,0.004,4.873,,0.282,0.0,0.015,9.407,1.595
Paraguay,PRY,2013,5982447.0,51734453611.0,5.169,0.864,0.1,0.0,4.954,,0.215,0.0,0.015,9.859,1.648
Paraguay,PRY,2014,6069819.0,54476893712.0,5.451,0.898,0.1,0.0,5.199,,0.252,0.0,0.015,10.088,1.662
Paraguay,PRY,2015,6159106.0,56087783311.0,6.045,0.982,0.108,0.011,5.69,,0.344,0.0,0.017,10.048,1.631
Paraguay,PRY,2016,6249129.0,58481604773.0,7.187,1.15,0.123,0.004,6.8,,0.382,0.0,0.02,10.945,1.751
Paraguay,PRY,2017,6338658.0,61294571103.0,7.939,1.253,0.13,0.004,7.669,,0.267,0.0,0.022,12.42,1.959
Paraguay,PRY,2018,6427382.0,63258456042.0,8.504,1.323,0.134,0.015,8.09,,0.399,0.0,0.023,13.2,2.054
Paraguay,PRY,2019,6515059.0,63004153609.0,8.268,1.269,0.131,0.004,7.83,,0.435,0.0,0.022,13.165,2.021
Paraguay,PRY,2020,6603741.0,62487519891.0,7.444,1.127,0.119,0.004,7.108,,0.332,0.0,0.021,12.052,1.825
Paraguay,PRY,2021,6684184.0,64997640183.0,8.187,1.225,0.126,0.004,7.837,,0.346,0.0,0.022,13.797,2.064
Paraguay,PRY,2022,6760460.0,65127634644.0,7.533,1.114,0.116,0.0,7.187,,0.346,0.0,0.02,13.68,2.024
Paraguay,PRY,2023,6844150.0,,7.646,1.117,,0.0,7.3,,0.346,0.0,0.02,13.125,1.918
Paraguay,PRY,2024,6929152.0,,7.937,1.145,,0.0,7.591,,0.346,0.0,0.021,,
Peru,PER,1990,22014772.0,103572000000.0,21.401,0.972,0.207,0.542,18.144,1.308,1.025,0.381,0.094,23.189,1.053
Peru,PER,1991,22483784.0,108468600578.0,20.758,0.923,0.191,0.967,17.236,1.183,1.027,0.344,0.089,23.237,1.034
Peru,PER,1992,22946345.0,110495351335.0,20.986,0.915,0.19,1.048,17.697,1.268,0.973,,0.093,23.768,1.036
Peru,PER,1993,23413783.0,92121419172.0,23.885,1.02,0.259,1.579,19.811,1.334,1.161,,0.105,26.133,1.116
Peru,PER,1994,23881497.0,103509723878.0,24.177,1.012,0.234,1.246,19.65,1.392,1.471,0.418,0.105,26.643,1.116
Peru,PER,1995,24348922.0,111333590886.0,25.143,1.033,0.226,1.393,20.58,0.945,1.751,0.474,0.107,28.015,1.151
Peru,PER,1996,24811174.0,114659592873.0,24.717,0.996,0.216,1.315,20.115,1.022,1.771,0.493,0.102,27.54,1.11
Peru,PER,1997,25274149.0,122417899136.0,27.747,1.098,0.227,1.264,23.259,0.788,1.974,0.462,0.114,30.658,1.213
Peru,PER,1998,25738101.0,122316689368.0,28.066,1.09,0.229,1.466,23.069,1.092,1.987,0.453,0.116,31.869,1.238
Peru,PER,1999,26186499.0,124629013218.0,29.562,1.129,0.237,1.411,24.549,1.48,1.734,0.389,0.119,32.769,1.251
Peru,PER,2000,26598328.0,128561599053.0,28.678,1.078,0.223,1.971,23.167,1.396,1.778,0.366,0.112,31.722,1.193
Peru,PER,2001,26964610.0,130005019162.0,25.26,0.937,0.194,2.059,20.185,1.048,1.65,0.318,0.098,29.024,1.076
Peru,PER,2002,27288211.0,137911092694.0,25.592,0.938,0.186,2.796,19.364,1.147,1.98,0.305,0.097,30.314,1.111
Peru,PER,2003,27580485.0,144583674826.0,24.914,0.903,0.172,2.766,18.445,1.268,2.083,0.352,0.09,28.853,1.046
Peru,PER,2004,27852190.0,152840586065.0,28.504,1.023,0.186,3.25,20.698,1.982,2.302,0.272,0.1,31.358,1.126
Peru,PER,2005,28101175.0,163489485317.0,30.321,1.079,0.185,3.419,20.953,3.346,2.376,0.228,0.102,33.303,1.185
Peru,PER,2006,28324488.0,176775277493.0,28.299,0.999,0.16,2.869,18.727,3.829,2.714,0.161,0.092,32.508,1.148
Peru,PER,2007,28530704.0,192942634714.0,34.567,1.212,0.179,3.605,22.501,5.346,2.991,0.124,0.11,40.032,1.403
Peru,PER,2008,28719038.0,211009673563.0,35.572,1.239,0.169,3.389,21.423,7.431,3.213,0.116,0.111,46.777,1.629
Peru,PER,2009,28896819.0,212830474173.0,39.424,1.364,0.185,3.056,23.664,9.386,3.243,0.075,0.125,45.906,1.589
Peru,PER,2010,29086021.0,230353256282.0,42.505,1.461,0.185,3.301,23.193,12.579,3.338,0.094,0.128,52.989,1.822
Peru,PER,2011,29304083.0,244711917914.0,42.327,1.444,0.173,3.129,23.911,11.666,3.454,0.167,0.123,55.435,1.892
Peru,PER,2012,29550367.0,259737230567.0,45.509,1.54,0.175,2.898,25.696,12.945,3.731,0.239,0.13,59.919,2.028
Peru,PER,2013,29817908.0,274939626306.0,42.718,1.433,0.155,3.371,23.277,11.864,3.947,0.258,0.121,58.857,1.974
Peru,PER,2014,30115825.0,281488723310.0,49.388,1.64,0.175,3.049,24.847,16.533,4.59,0.369,0.139,63.405,2.105
Peru,PER,2015,30457598.0,290642734598.0,49.204,1.615,0.169,3.089,24.994,16.245,4.452,0.425,0.139,63.885,2.097
Peru,PER,2016,30866497.0,302131843581.0,52.698,1.707,0.174,3.213,27.861,17.089,4.305,0.23,0.149,66.467,2.153
Peru,PER,2017,31324639.0,309742529723.0,54.726,1.747,0.177,2.807,33.123,14.458,4.162,0.177,0.152,68.31,2.181
Peru,PER,2018,31897590.0,322061010919.0,56.014,1.756,0.174,2.503,33.898,14.95,4.482,0.181,0.152,70.575,2.213
Peru,PER,2019,32449302.0,329252610797.0,58.668,1.808,0.178,2.572,35.457,15.678,4.849,0.112,0.158,72.737,2.242
Peru,PER,2020,32838577.0,292988745490.0,47.237,1.438,0.161,1.883,29.235,13.172,2.791,0.156,0.134,61.272,1.866
Peru,PER,2021,33155883.0,332691638600.0,59.962,1.808,0.18,2.649,34.533,17.375,5.284,0.121,0.163,72.792,2.195
Peru,PER,2022,33475436.0,341677633395.0,64.785,1.935,0.19,2.804,36.218,19.81,5.804,0.148,0.173,78.745,2.352
Peru,PER,2023,33845616.0,,66.065,1.952,,2.619,37.248,20.266,5.804,0.127,0.173,78.884,2.331
Peru,PER,2024,34217850.0,,70.247,2.053,,2.363,39.063,22.803,5.804,0.213,0.182,,
Philippines,PHL,1990,62854668.0,227937191062.0,40.774,0.649,0.179,3.162,34.958,,2.654,,0.179,50.828,0.809
Philippines,PHL,1991,64382249.0,228436344826.0,42.874,0.666,0.188,3.69,36.321,,2.864,,0.185,52.954,0.822
Philippines,PHL,1992,65926130.0,230909837938.0,47.772,0.725,0.207,3.869,41.161,,2.741,,0.212,58.09,0.881
Philippines,PHL,1993,67530621.0,237664033762.0,48.342,0.716,0.203,3.811,41.282,,3.249,,0.212,58.417,0.865
Philippines,PHL,1994,69019297.0,250065486564.0,53.479,0.775,0.214,3.763,45.793,0.011,3.876,0.036,0.233,64.176,0.93
Philippines,PHL,1995,70546245.0,263742284726.0,59.22,0.839,0.225,4.25,50.699,0.015,4.242,0.014,0.252,69.381,0.983
Philippines,PHL,1996,72190237.0,281422828353.0,60.437,0.837,0.215,5.452,49.999,0.018,4.957,0.01,0.249,77.544,1.074
Philippines,PHL,1997,73908813.0,298360005981.0,69.147,0.936,0.232,6.338,56.98,0.011,5.811,0.008,0.284,85.846,1.162
Philippines,PHL,1998,75791031.0,299105469124.0,67.379,0.889,0.225,6.405,55.883,0.018,5.061,0.011,0.277,76.824,1.014
Philippines,PHL,1999,77753256.0,310804334612.0,67.295,0.865,0.217,11.42,50.956,0.015,4.892,0.012,0.271,83.125,1.069
Philippines,PHL,2000,79625401.0,327247671365.0,71.467,0.898,0.218,15.848,50.969,0.018,4.623,0.009,0.28,87.641,1.101
Philippines,PHL,2001,81401488.0,339580401272.0,69.799,0.857,0.206,16.184,50.054,0.26,3.279,0.022,0.272,88.465,1.087
Philippines,PHL,2002,83068889.0,354896572700.0,69.492,0.837,0.196,14.103,47.038,3.265,4.975,0.11,0.265,87.656,1.055
Philippines,PHL,2003,84731836.0,375676507230.0,69.501,0.82,0.185,14.678,45.023,4.976,4.752,0.072,0.251,90.615,1.069
Philippines,PHL,2004,86394510.0,404092179609.0,71.999,0.833,0.178,15.957,46.496,4.76,4.752,0.035,0.252,93.253,1.079
Philippines,PHL,2005,88015959.0,426864086040.0,72.334,0.822,0.169,18.631,41.971,6.302,5.398,0.031,0.244,94.108,1.069
Philippines,PHL,2006,89508992.0,452834616353.0,65.646,0.733,0.145,17.51,38.648,5.21,4.247,0.03,0.215,85.142,0.951
Philippines,PHL,2007,91075180.0,486739179739.0,70.01,0.769,0.144,21.536,36.638,7.078,4.725,0.033,0.222,92.464,1.015
Philippines,PHL,2008,92699091.0,511142140299.0,76.605,0.826,0.15,25.106,39.234,7.449,4.786,0.03,0.239,101.717,1.097
Philippines,PHL,2009,94384256.0,521163648845.0,75.581,0.801,0.145,23.963,38.652,7.504,5.344,0.118,0.24,94.544,1.002
Philippines,PHL,2010,96337127.0,565514808274.0,82.246,0.854,0.145,27.769,41.597,7.068,5.701,0.111,0.247,104.28,1.082
Philippines,PHL,2011,98248614.0,590943092007.0,82.98,0.845,0.14,30.519,38.983,7.629,5.684,0.166,0.241,111.205,1.132
Philippines,PHL,2012,100175511.0,631700459807.0,87.476,0.873,0.138,31.933,41.434,7.314,6.575,0.22,0.25,120.263,1.201
Philippines,PHL,2013,102076334.0,674346563689.0,94.825,0.929,0.141,39.509,41.319,6.738,7.018,0.242,0.269,130.123,1.275
Philippines,PHL,2014,103767127.0,717154029846.0,100.074,0.964,0.14,42.036,43.212,7.086,7.441,0.3,0.282,137.044,1.321
Philippines,PHL,2015,105312988.0,762678999551.0,111.046,1.054,0.146,45.82,49.862,6.661,8.4,0.303,0.314,144.114,1.368
Philippines,PHL,2016,106735721.0,817202925336.0,120.216,1.126,0.147,50.684,53.546,7.632,8.033,0.321,0.34,164.521,1.541
Philippines,PHL,2017,108119691.0,873843247356.0,133.576,1.235,0.153,60.931,55.787,7.529,9.081,0.248,0.371,177.022,1.637
Philippines,PHL,2018,109465284.0,929253628653.0,139.857,1.278,0.151,64.171,57.4,8.405,9.675,0.205,0.381,184.585,1.686
Philippines,PHL,2019,110804685.0,986114678778.0,142.601,1.287,0.145,68.894,55.411,8.464,9.675,0.158,0.385,186.387,1.682
Philippines,PHL,2020,112081270.0,892256290776.0,131.457,1.173,0.147,69.305,46.295,7.676,8.033,0.149,0.374,175.494,1.566
Philippines,PHL,2021,113100947.0,943141651518.0,140.27,1.24,0.149,74.705,49.391,6.581,9.43,0.163,0.38,191.753,1.695
Philippines,PHL,2022,113964343.0,1014811024029.0,150.963,1.325,0.149,75.346,59.36,6.097,10.024,0.135,0.402,205.054,1.799
Philippines,PHL,2023,114891199.0,,160.98,1.401,,84.105,60.918,5.816,10.024,0.118,0.423,211.593,1.842
Philippines,PHL,2024,115843663.0,,174.878,1.51,,92.142,64.101,8.501,10.024,0.11,0.453,,
Poland,POL,1990,38055448.0,310673160937.0,376.342,9.889,1.211,302.284,39.909,18.722,5.453,4.235,1.656,324.48,8.527
Poland,POL,1991,38152947.0,291288814472.0,373.366,9.786,1.282,303.094,40.318,17.129,5.414,2.832,1.609,340.84,8.934
Poland,POL,1992,38233636.0,301270050123.0,364.283,9.528,1.209,293.86,41.081,16.611,5.538,2.83,1.618,347.803,9.097
Poland,POL,1993,38294882.0,315272045792.0,364.958,9.53,1.158,293.178,42.687,16.836,5.147,2.69,1.604,337.484,8.813
Poland,POL,1994,38344312.0,334402893305.0,359.991,9.388,1.077,283.683,45.428,18.124,6.643,1.725,1.567,325.926,8.5
Poland,POL,1995,38364668.0,360934041475.0,362.483,9.448,1.004,282.565,46.431,19.091,6.666,2.914,1.541,324.151,8.449
Poland,POL,1996,38359164.0,386314591617.0,377.119,9.831,0.976,293.186,50.641,19.81,6.219,2.498,1.556,331.87,8.652
Poland,POL,1997,38348307.0,414942244343.0,367.199,9.575,0.885,277.516,53.636,21.004,6.739,3.203,1.506,319.836,8.34
Poland,POL,1998,38326431.0,437955026714.0,338.98,8.845,0.774,251.777,52.514,20.625,6.334,2.709,1.395,295.35,7.706
Poland,POL,1999,38287717.0,462542429541.0,329.204,8.598,0.712,239.663,54.681,20.428,6.178,3.533,1.325,307.411,8.029
Poland,POL,2000,38258077.0,488207682001.0,317.306,8.294,0.65,228.827,52.421,21.839,6.114,3.383,1.244,294.092,7.687
Poland,POL,2001,38247359.0,499086644170.0,313.267,8.191,0.628,226.152,52.183,22.636,4.957,2.871,1.219,289.021,7.557
Poland,POL,2002,38229407.0,514089670231.0,305.852,8.0,0.595,219.897,51.404,22.423,4.67,3.012,1.164,279.652,7.315
Poland,POL,2003,38203527.0,537330337680.0,318.733,8.343,0.593,226.406,54.731,24.834,4.566,3.565,1.153,289.312,7.573
Poland,POL,2004,38167568.0,570430122148.0,323.621,8.479,0.567,226.424,58.002,26.565,5.07,2.714,1.131,294.544,7.717
Poland,POL,2005,38124377.0,595958527688.0,322.577,8.461,0.541,222.638,59.595,27.404,5.057,3.387,1.09,295.504,7.751
Poland,POL,2006,38071169.0,638713864539.0,336.387,8.836,0.527,232.308,62.093,27.634,5.984,3.976,1.1,311.849,8.191
Poland,POL,2007,38020420.0,690249985288.0,335.735,8.83,0.486,227.707,65.011,27.914,7.05,3.611,1.066,318.984,8.39
Poland,POL,2008,37995902.0,726319216200.0,329.428,8.67,0.454,220.472,66.173,28.135,6.693,3.576,1.028,322.608,8.491
Poland,POL,2009,38002153.0,760579624624.0,315.886,8.312,0.415,209.074,66.945,27.274,5.757,2.872,1.002,309.65,8.148
Poland,POL,2010,38095356.0,795619859853.0,334.028,8.768,0.42,220.927,69.973,29.135,6.221,3.489,1.003,329.674,8.654
Poland,POL,2011,38208644.0,843236863910.0,333.406,8.726,0.395,218.379,69.599,29.325,7.379,4.022,0.967,325.491,8.519
Poland,POL,2012,38247867.0,856266755052.0,325.778,8.518,0.38,214.04,66.312,30.559,6.384,4.212,0.932,321.065,8.394
Poland,POL,2013,38259267.0,863601156195.0,321.757,8.41,0.373,214.314,61.681,30.808,5.874,4.802,0.912,304.125,7.949
Poland,POL,2014,38265113.0,896737189458.0,309.415,8.086,0.345,202.997,61.381,29.468,6.456,4.702,0.872,298.103,7.79
Poland,POL,2015,38266314.0,936043804062.0,312.549,8.168,0.334,201.647,64.794,30.634,6.342,4.747,0.883,299.073,7.816
Poland,POL,2016,38263260.0,963689941627.0,323.3,8.449,0.335,202.099,72.897,32.42,6.53,4.554,0.913,304.545,7.959
Poland,POL,2017,38254964.0,1013223736654.0,336.505,8.796,0.332,203.504,82.452,34.13,6.996,4.663,0.935,317.339,8.295
Poland,POL,2018,38241070.0,1073462064151.0,335.719,8.779,0.313,198.673,85.491,34.274,7.655,4.835,0.914,328.77,8.597
Poland,POL,2019,38225884.0,1121231497071.0,317.444,8.304,0.283,177.753,87.278,35.495,7.692,4.344,0.856,309.655,8.101
Poland,POL,2020,38171005.0,1098581305284.0,302.102,7.914,0.275,164.196,84.235,36.731,7.691,4.225,0.859,288.145,7.549
Poland,POL,2021,38040303.0,1173809548862.0,330.694,8.693,0.282,184.114,89.709,39.734,7.366,4.283,0.897,314.145,8.258
Poland,POL,2022,38385734.0,1231021338216.0,314.892,8.203,0.256,172.493,90.97,34.294,7.663,4.056,0.839,299.56,7.804
Poland,POL,2023,38762847.0,,283.243,7.307,,141.924,90.697,35.88,6.602,3.571,0.744,273.856,7.065
Poland,POL,2024,38539209.0,,272.862,7.08,,127.311,92.015,38.714,6.681,3.571,0.707,,
Portugal,PRT,1990,9989526.0,171225929203.0,45.311,4.536,0.265,10.984,29.564,1.0,3.176,0.057,0.199,52.788,5.284
Portugal,PRT,1991,9969181.0,177606537211.0,46.879,4.702,0.264,11.585,30.656,0.938,3.271,0.06,0.202,54.732,5.49
Portugal,PRT,1992,9960345.0,183951331948.0,50.957,5.116,0.277,11.872,34.734,0.583,3.136,0.068,0.226,60.999,6.124
Portugal,PRT,1993,9972341.0,183378088561.0,49.469,4.961,0.27,12.527,32.544,0.545,3.195,0.085,0.217,59.172,5.934
Portugal,PRT,1994,9998487.0,186788072120.0,50.243,5.025,0.269,13.179,32.446,0.433,3.292,0.279,0.219,60.207,6.022
Portugal,PRT,1995,10031756.0,191728089193.0,54.503,5.433,0.284,14.585,34.592,0.775,3.462,0.417,0.232,64.509,6.43
Portugal,PRT,1996,10067655.0,199215852007.0,51.8,5.145,0.26,13.54,32.912,0.915,3.388,0.367,0.214,61.285,6.087
Portugal,PRT,1997,10110548.0,208848444082.0,54.669,5.407,0.262,13.722,35.048,1.129,3.561,0.47,0.224,67.628,6.689
Portugal,PRT,1998,10159524.0,219709918106.0,59.211,5.828,0.269,12.297,39.703,2.445,3.537,0.441,0.244,76.287,7.509
Portugal,PRT,1999,10214877.0,229149917332.0,66.878,6.547,0.292,14.898,40.49,6.448,3.827,0.384,0.269,83.58,8.182
Portugal,PRT,2000,10283196.0,238756377443.0,65.504,6.37,0.274,14.853,39.902,5.717,3.809,0.346,0.257,88.422,8.599
Portugal,PRT,2001,10354329.0,244348167969.0,65.187,6.296,0.267,12.702,41.266,6.27,3.627,0.428,0.254,90.343,8.725
Portugal,PRT,2002,10413045.0,247190712485.0,69.583,6.682,0.281,13.709,43.318,7.35,3.91,0.419,0.265,92.226,8.857
Portugal,PRT,2003,10454246.0,245847246169.0,64.482,6.168,0.262,12.973,39.266,7.315,3.616,0.467,0.233,110.845,10.603
Portugal,PRT,2004,10481386.0,251279602163.0,67.302,6.421,0.268,13.079,39.741,9.107,4.004,0.482,0.235,111.6,10.647
Portugal,PRT,2005,10502993.0,254196923131.0,69.64,6.63,0.274,13.061,41.481,9.582,4.088,0.563,0.235,128.188,12.205
Portugal,PRT,2006,10524123.0,259159946424.0,64.856,6.163,0.25,13.065,37.34,9.071,4.0,0.536,0.212,118.412,11.252
Portugal,PRT,2007,10546822.0,266663287450.0,62.38,5.915,0.234,11.43,35.579,9.742,4.166,0.554,0.198,119.001,11.283
Portugal,PRT,2008,10564086.0,268239264717.0,60.01,5.681,0.224,9.833,34.273,10.449,4.012,0.504,0.187,117.092,11.084
Portugal,PRT,2009,10576265.0,261270596745.0,57.147,5.403,0.219,10.735,32.181,9.701,3.223,0.469,0.181,98.549,9.318
Portugal,PRT,2010,10578659.0,267277408809.0,52.89,5.0,0.198,6.424,31.346,10.409,3.376,0.566,0.159,98.842,9.344
Portugal,PRT,2011,10557050.0,263425010810.0,51.784,4.905,0.197,8.632,28.457,10.526,2.813,0.523,0.15,64.276,6.088
Portugal,PRT,2012,10513155.0,252737143203.0,49.932,4.749,0.198,11.135,25.601,9.103,2.55,0.607,0.143,51.225,4.872
Portugal,PRT,2013,10458287.0,250405237435.0,48.146,4.604,0.192,10.191,24.973,8.119,2.814,1.184,0.136,50.955,4.872
Portugal,PRT,2014,10406203.0,252388910611.0,47.942,4.607,0.19,10.316,24.989,7.661,3.096,1.016,0.135,49.872,4.793
Portugal,PRT,2015,10370264.0,256911888409.0,52.233,5.037,0.203,12.563,25.623,9.103,2.921,1.139,0.148,52.679,5.08
Portugal,PRT,2016,10346377.0,262100101273.0,50.311,4.863,0.192,10.82,25.592,9.684,2.297,1.066,0.142,55.307,5.346
Portugal,PRT,2017,10330838.0,271290329012.0,55.165,5.34,0.203,12.394,25.93,12.318,2.531,1.144,0.153,59.46,5.756
Portugal,PRT,2018,10325355.0,279020275961.0,51.34,4.972,0.184,10.376,25.501,11.242,2.251,1.048,0.14,57.405,5.56
Portugal,PRT,2019,10343218.0,286505655767.0,47.583,4.6,0.166,5.026,26.18,12.125,2.225,1.133,0.128,54.052,5.226
Portugal,PRT,2020,10370519.0,262724232089.0,41.738,4.025,0.159,2.417,23.175,12.012,2.31,1.013,0.119,48.786,4.704
Portugal,PRT,2021,10390957.0,277181288542.0,40.3,3.878,0.145,1.038,23.781,11.576,2.106,0.945,0.109,50.407,4.851
Portugal,PRT,2022,10417074.0,295712910456.0,40.722,3.909,0.138,0.245,24.878,11.357,2.229,1.175,0.109,50.87,4.883
Portugal,PRT,2023,10430735.0,,37.622,3.607,,0.133,25.265,8.422,2.076,1.024,0.099,47.46,4.55
Portugal,PRT,2024,10425291.0,,35.539,3.409,,0.16,24.653,6.925,2.076,1.024,0.092,,
Qatar,QAT,1990,440184.0,5221963495.0,11.428,25.962,2.188,0.0,2.4,8.9,0.128,,0.05,9.883,22.453
Qatar,QAT,1991,454860.0,5733970758.0,17.414,38.285,3.037,0.0,2.785,14.378,0.252,,0.075,14.961,32.891
Qatar,QAT,1992,469657.0,7176897674.0,26.816,57.097,3.736,0.0,4.503,22.054,0.259,,0.119,21.899,46.628
Qatar,QAT,1993,484553.0,7997299870.0,30.721,63.4,3.841,0.0,4.551,25.912,0.258,,0.135,25.556,52.742
Qatar,QAT,1994,499469.0,9138716419.0,32.375,64.819,3.543,0.0,4.199,25.915,0.222,2.039,0.141,27.077,54.211
Qatar,QAT,1995,514334.0,10472257097.0,33.17,64.491,3.167,0.0,5.192,25.915,0.224,1.839,0.141,28.229,54.884
Qatar,QAT,1996,529024.0,12098817027.0,34.472,65.162,2.849,0.0,5.097,26.297,0.324,2.755,0.142,29.288,55.362
Qatar,QAT,1997,550511.0,17467653871.0,42.232,76.715,2.418,0.0,8.42,28.096,0.324,5.393,0.173,34.832,63.272
Qatar,QAT,1998,580543.0,21692788085.0,36.96,63.665,1.704,0.0,11.314,20.02,0.46,5.166,0.152,30.818,53.085
Qatar,QAT,1999,612510.0,25157531177.0,36.325,59.305,1.444,0.0,7.973,22.383,0.476,5.492,0.146,16.316,26.638
Qatar,QAT,2000,644993.0,30159719266.0,40.406,62.646,1.34,0.0,9.258,24.286,0.56,6.303,0.158,15.114,23.433
Qatar,QAT,2001,677934.0,34920337897.0,45.914,67.727,1.315,0.0,15.559,24.61,0.567,5.179,0.179,18.893,27.868
Qatar,QAT,2002,711215.0,41661485450.0,45.175,63.518,1.084,0.0,14.638,24.992,0.606,4.939,0.172,21.495,30.223
Qatar,QAT,2003,744690.0,47126236240.0,46.631,62.618,0.989,0.0,13.425,26.791,0.625,5.79,0.169,23.49,31.543
Qatar,QAT,2004,773341.0,63193934807.0,47.44,61.344,0.751,0.0,8.801,32.837,0.618,5.184,0.166,23.121,29.897
Qatar,QAT,2005,825419.0,76893678098.0,47.682,57.767,0.62,0.0,10.853,31.815,0.654,4.361,0.161,26.908,32.599
Qatar,QAT,2006,972841.0,103895902583.0,59.753,61.421,0.575,0.0,18.672,36.087,0.676,4.318,0.195,36.02,37.025
Qatar,QAT,2007,1208601.0,127834802409.0,59.53,49.255,0.466,0.0,12.486,41.467,1.016,4.561,0.189,41.48,34.32
Qatar,QAT,2008,1426942.0,156781224399.0,61.871,43.359,0.395,0.0,14.414,41.564,1.594,4.298,0.193,43.429,30.435
Qatar,QAT,2009,1586052.0,186164264424.0,65.305,41.175,0.351,0.0,14.766,44.73,1.704,4.105,0.207,54.307,34.24
Qatar,QAT,2010,1709238.0,238648100494.0,73.651,43.09,0.309,0.0,15.22,53.395,1.566,3.469,0.221,52.336,30.619
Qatar,QAT,2011,1810960.0,296148824653.0,81.809,45.175,0.276,0.0,10.146,66.681,2.063,2.919,0.237,45.913,25.353
Qatar,QAT,2012,1907122.0,310156648715.0,93.738,49.152,0.302,0.0,7.449,81.667,2.253,2.369,0.268,49.871,26.15
Qatar,QAT,2013,2032650.0,327388964338.0,91.433,44.982,0.279,0.0,3.045,84.704,2.148,1.537,0.259,55.52,27.314
Qatar,QAT,2014,2218378.0,344851898869.0,91.642,41.31,0.266,0.0,4.694,82.502,2.456,1.99,0.258,62.51,28.178
Qatar,QAT,2015,2427340.0,361242719905.0,93.31,38.441,0.258,0.0,4.873,83.704,2.779,1.954,0.264,73.302,30.199
Qatar,QAT,2016,2599382.0,372311173588.0,91.378,35.154,0.245,0.0,6.211,80.794,2.706,1.667,0.258,76.407,29.394
Qatar,QAT,2017,2706716.0,366733973367.0,105.657,39.035,0.288,0.0,14.274,87.083,2.423,1.876,0.294,78.369,28.953
Qatar,QAT,2018,2761144.0,371263146890.0,102.621,37.166,0.276,0.0,11.384,87.148,2.262,1.827,0.279,75.967,27.513
Qatar,QAT,2019,2797927.0,373817411294.0,101.43,36.252,0.271,0.0,10.578,87.434,1.818,1.6,0.273,77.903,27.843
Qatar,QAT,2020,2803375.0,360517012801.0,101.329,36.145,0.281,0.0,11.095,86.822,1.616,1.797,0.288,78.948,28.162
Qatar,QAT,2021,2814988.0,366245595916.0,104.386,37.082,0.285,0.0,10.394,90.38,1.818,1.793,0.283,74.45,26.448
Qatar,QAT,2022,2892466.0,381778107010.0,109.594,37.89,0.287,0.003,17.225,88.571,1.939,1.856,0.292,69.956,24.185
Qatar,QAT,2023,2979086.0,,119.544,40.128,,0.004,18.623,96.813,1.939,2.166,0.314,82.228,27.602
Qatar,QAT,2024,3048429.0,,125.812,41.271,,0.004,19.364,102.76,1.939,1.745,0.326,,
Romania,ROU,1990,22939530.0,127957829968.0,176.535,7.696,1.38,54.862,43.889,70.456,4.445,1.177,0.777,160.759,7.008
Romania,ROU,1991,22947416.0,114884267222.0,142.258,6.199,1.238,42.963,36.511,57.281,3.201,1.008,0.613,128.728,5.61
Romania,ROU,1992,22912389.0,109843021990.0,132.003,5.761,1.202,45.194,36.013,45.767,2.906,1.034,0.586,114.652,5.004
Romania,ROU,1993,22842257.0,115101791639.0,122.709,5.372,1.066,40.523,33.76,43.571,2.833,1.048,0.539,108.41,4.746
Romania,ROU,1994,22756247.0,123373706511.0,120.868,5.311,0.98,40.997,32.704,42.39,2.771,1.053,0.526,102.24,4.493
Romania,ROU,1995,22657722.0,136457737663.0,125.675,5.547,0.921,42.23,34.15,44.039,3.146,1.084,0.534,103.43,4.565
Romania,ROU,1996,22541915.0,146513857110.0,129.117,5.728,0.881,41.873,38.347,43.587,3.2,1.08,0.533,99.885,4.431
Romania,ROU,1997,22411511.0,145416621981.0,118.115,5.27,0.812,37.198,39.969,35.89,3.005,1.078,0.484,88.379,3.943
Romania,ROU,1998,22284901.0,144240925408.0,104.783,4.702,0.726,31.524,34.242,33.487,2.916,1.462,0.431,87.171,3.912
Romania,ROU,1999,22166156.0,148247538550.0,88.899,4.011,0.6,26.093,27.475,30.364,2.645,1.309,0.358,79.3,3.578
Romania,ROU,2000,22046264.0,157839292272.0,93.206,4.228,0.591,29.552,28.166,30.804,2.656,0.954,0.365,87.814,3.983
Romania,ROU,2001,21919916.0,173763436827.0,98.928,4.513,0.569,31.919,32.908,29.556,2.768,0.552,0.385,94.694,4.32
Romania,ROU,2002,21770020.0,190219311781.0,99.069,4.551,0.521,32.966,30.783,30.758,2.642,0.731,0.377,94.195,4.327
Romania,ROU,2003,21593448.0,204513401651.0,103.707,4.803,0.507,35.896,29.4,33.636,2.65,0.909,0.375,99.848,4.624
Romania,ROU,2004,21403215.0,228570981481.0,103.233,4.823,0.452,35.875,30.308,31.856,2.992,0.899,0.361,101.425,4.739
Romania,ROU,2005,21213395.0,244044803180.0,101.337,4.777,0.415,35.572,29.807,30.46,3.175,1.151,0.342,102.628,4.838
Romania,ROU,2006,21035732.0,274969703969.0,104.29,4.958,0.379,38.262,28.353,31.31,3.656,1.453,0.341,104.616,4.973
Romania,ROU,2007,20870714.0,304650701380.0,108.497,5.199,0.356,42.116,28.304,31.249,4.054,1.26,0.344,113.767,5.451
Romania,ROU,2008,20718745.0,339689310169.0,106.997,5.164,0.315,40.69,27.638,31.756,4.143,1.385,0.334,115.184,5.559
Romania,ROU,2009,20576922.0,326954238767.0,87.806,4.267,0.269,32.365,24.691,25.559,3.093,1.077,0.279,91.606,4.452
Romania,ROU,2010,20432575.0,335489566640.0,84.488,4.135,0.252,29.403,23.252,26.805,2.778,1.159,0.254,90.813,4.445
Romania,ROU,2011,20282009.0,350086824382.0,92.391,4.555,0.264,34.091,24.273,28.944,3.089,0.88,0.268,94.415,4.655
Romania,ROU,2012,20158451.0,356825919340.0,89.848,4.457,0.252,31.523,25.511,27.774,3.15,0.839,0.257,87.857,4.358
Romania,ROU,2013,20062913.0,357789262640.0,78.795,3.927,0.22,25.269,23.728,25.248,2.695,0.841,0.223,77.382,3.857
Romania,ROU,2014,19968179.0,372532510801.0,79.335,3.973,0.213,25.006,24.887,24.429,2.944,0.825,0.224,80.249,4.019
Romania,ROU,2015,19871018.0,384306463712.0,78.046,3.928,0.203,25.128,24.146,23.493,3.337,0.785,0.22,78.765,3.964
Romania,ROU,2016,19777049.0,395288226514.0,76.587,3.873,0.194,22.147,25.899,23.304,3.181,0.835,0.216,79.58,4.024
Romania,ROU,2017,19689405.0,456012361225.0,79.432,4.034,0.174,21.774,27.908,24.355,3.31,0.776,0.221,83.429,4.237
Romania,ROU,2018,19597874.0,473122658487.0,79.874,4.076,0.169,20.766,28.456,24.966,3.505,0.861,0.217,88.132,4.497
Romania,ROU,2019,19501542.0,456564507688.0,76.69,3.933,0.168,18.362,29.781,22.675,3.828,0.862,0.207,85.146,4.366
Romania,ROU,2020,19392467.0,483499378450.0,73.946,3.813,0.153,14.298,29.063,25.009,3.905,0.794,0.21,80.982,4.176
Romania,ROU,2021,19248159.0,505119539256.0,77.501,4.026,0.153,15.53,30.971,25.271,3.962,0.753,0.21,85.949,4.465
Romania,ROU,2022,19166776.0,504741667296.0,73.186,3.818,0.145,13.752,32.428,21.612,3.723,0.808,0.195,83.556,4.359
Romania,ROU,2023,19118482.0,,67.866,3.55,,9.754,32.81,20.15,3.721,0.796,0.178,78.251,4.093
Romania,ROU,2024,19015096.0,,68.551,3.605,,8.042,34.462,20.895,3.721,0.796,0.178,,
Russia,RUS,1990,148979537.0,1834865200000.0,2536.284,17.024,1.382,750.959,889.901,788.209,34.609,34.83,11.157,2043.036,13.714
Russia,RUS,1991,149448433.0,1782589449407.0,2407.642,16.11,1.351,702.966,846.034,755.038,32.837,35.283,10.375,2058.147,13.772
Russia,RUS,1992,148915993.0,1557839202683.0,1963.458,13.185,1.26,515.78,586.419,774.418,26.717,29.048,8.719,732.783,4.921
Russia,RUS,1993,148135419.0,1453308047704.0,1866.525,12.6,1.284,504.624,510.838,781.884,21.995,23.69,8.205,1095.216,7.393
Russia,RUS,1994,148200734.0,1297672618325.0,1646.876,11.112,1.269,451.573,407.268,733.163,16.475,20.282,7.168,1162.945,7.847
Russia,RUS,1995,148291406.0,1274033410385.0,1618.286,10.913,1.27,475.626,387.021,699.742,16.646,21.564,6.881,1152.805,7.774
Russia,RUS,1996,148084580.0,1256336600822.0,1586.633,10.714,1.263,474.697,361.704,700.379,12.723,21.758,6.547,1252.742,8.46
Russia,RUS,1997,147853769.0,1303661447743.0,1481.964,10.023,1.137,409.786,353.158,669.45,12.273,23.353,6.079,1187.015,8.028
Russia,RUS,1998,147635543.0,1263722609285.0,1465.859,9.929,1.16,399.043,345.998,673.595,11.923,23.419,6.033,1044.287,7.073
Russia,RUS,1999,147241973.0,1375023643662.0,1494.088,10.147,1.087,405.097,350.867,686.812,13.173,25.201,6.015,1000.628,6.796
Russia,RUS,2000,146717784.0,1547057523527.0,1480.576,10.091,0.957,425.71,318.265,682.078,15.113,25.301,5.804,986.224,6.722
Russia,RUS,2001,146117290.0,1662886727147.0,1518.081,10.389,0.913,444.52,324.29,694.105,15.863,25.865,5.909,1102.567,7.546
Russia,RUS,2002,145939502.0,1781424730851.0,1508.33,10.335,0.847,422.617,315.523,703.449,17.116,36.361,5.743,1111.054,7.613
Russia,RUS,2003,145794230.0,1955875991276.0,1539.006,10.556,0.787,424.648,309.457,736.345,18.666,36.131,5.565,1170.114,8.026
Russia,RUS,2004,145180091.0,2143914665541.0,1545.353,10.644,0.721,414.711,309.808,744.37,20.915,41.244,5.401,1194.777,8.23
Russia,RUS,2005,144597886.0,2331247104465.0,1563.98,10.816,0.671,416.446,320.286,747.169,22.256,43.154,5.284,1205.735,8.339
Russia,RUS,2006,144102948.0,2576148450528.0,1623.428,11.266,0.63,436.04,335.318,767.75,24.545,43.818,5.306,1235.916,8.577
Russia,RUS,2007,143859767.0,2858759376272.0,1624.315,11.291,0.568,421.199,326.253,780.313,27.645,52.501,5.157,1306.613,9.083
Russia,RUS,2008,143811837.0,3078094367564.0,1652.731,11.492,0.537,449.833,343.679,780.849,23.625,38.283,5.157,1327.253,9.229
Russia,RUS,2009,143869128.0,2903690263125.0,1545.236,10.741,0.532,417.327,322.578,733.658,19.746,39.699,4.903,1231.676,8.561
Russia,RUS,2010,143934468.0,3105249267337.0,1633.147,11.346,0.526,417.855,333.202,795.448,22.723,49.47,4.902,1301.842,9.045
Russia,RUS,2011,144043751.0,3306765993750.0,1684.989,11.698,0.51,428.317,344.934,818.427,25.129,53.21,4.887,1360.817,9.447
Russia,RUS,2012,144291025.0,3439833075673.0,1700.104,11.782,0.494,443.293,352.425,807.719,26.332,54.515,4.864,1421.476,9.851
Russia,RUS,2013,144604105.0,3500216789791.0,1637.547,11.324,0.468,405.805,354.879,782.899,27.281,50.437,4.642,1382.789,9.563
Russia,RUS,2014,144925639.0,3525987597216.0,1637.311,11.298,0.464,394.974,383.699,775.514,26.453,39.981,4.617,1347.928,9.301
Russia,RUS,2015,145307612.0,3456429719677.0,1635.244,11.254,0.473,414.854,406.41,739.417,23.171,34.493,4.619,1269.23,8.735
Russia,RUS,2016,145778668.0,3463123938280.0,1629.328,11.177,0.47,402.76,400.525,752.164,20.432,37.689,4.604,1272.512,8.729
Russia,RUS,2017,146186798.0,3526353842599.0,1661.012,11.362,0.471,386.28,414.626,779.798,20.512,43.537,4.617,1303.499,8.917
Russia,RUS,2018,146430146.0,3625347362801.0,1709.91,11.677,0.472,399.665,392.624,828.794,20.091,51.136,4.655,1250.8,8.542
Russia,RUS,2019,146533063.0,3705035583500.0,1704.459,11.632,0.46,395.976,400.012,807.034,20.306,64.373,4.596,1286.324,8.778
Russia,RUS,2020,146371295.0,3606716578675.0,1631.902,11.149,0.452,368.047,381.968,784.255,20.581,60.716,4.642,1278.605,8.735
Russia,RUS,2021,145836172.0,3809571453737.0,1674.524,11.482,0.44,375.442,375.4,822.695,22.158,61.997,4.542,1238.141,8.49
Russia,RUS,2022,145579889.0,3731440829579.0,1675.461,11.509,0.449,369.694,391.392,811.088,22.598,64.037,4.465,1279.409,8.788
Russia,RUS,2023,145440502.0,,1733.135,11.916,,382.395,427.178,815.148,24.315,67.359,4.55,1405.982,9.667
Russia,RUS,2024,144820421.0,,1780.524,12.295,,375.647,437.887,857.674,25.217,67.359,4.613,,
Rwanda,RWA,1990,7375313.0,9760500152.0,0.524,0.071,0.054,,0.498,0.0,0.026,0.0,0.002,0.629,0.085
Rwanda,RWA,1991,7526964.0,9167410895.0,0.472,0.063,0.052,,0.447,0.0,0.025,0.0,0.002,0.58,0.077
Rwanda,RWA,1992,7683266.0,9540351727.0,0.479,0.062,0.05,,0.451,0.0,0.025,0.004,0.002,0.593,0.077
Rwanda,RWA,1993,7981142.0,8498078373.0,0.483,0.061,0.057,,0.454,0.0,0.025,0.004,0.002,0.598,0.075
Rwanda,RWA,1994,6792358.0,4238308069.0,0.462,0.068,0.109,,0.454,0.0,0.004,0.004,0.002,0.587,0.086
Rwanda,RWA,1995,5674118.0,5523726463.0,0.451,0.08,0.082,,0.443,0.0,0.004,0.004,0.002,0.587,0.103
Rwanda,RWA,1996,6708767.0,6185436762.0,0.464,0.069,0.075,,0.443,0.0,0.017,0.004,0.002,0.508,0.076
Rwanda,RWA,1997,7755237.0,6891736436.0,0.483,0.062,0.07,,0.454,0.0,0.025,0.004,0.002,0.489,0.063
Rwanda,RWA,1998,8081688.0,7337662385.0,0.482,0.06,0.066,,0.458,0.0,0.024,0.0,0.002,0.497,0.062
Rwanda,RWA,1999,8147917.0,7619522357.0,0.502,0.062,0.066,,0.473,0.004,0.026,0.0,0.002,0.504,0.062
Rwanda,RWA,2000,8213936.0,8053572290.0,0.515,0.063,0.064,,0.484,0.004,0.028,0.0,0.002,0.711,0.087
Rwanda,RWA,2001,8287091.0,8517814124.0,0.519,0.063,0.061,,0.484,0.0,0.035,0.0,0.002,0.501,0.06
Rwanda,RWA,2002,8400185.0,9398566544.0,0.512,0.061,0.054,,0.473,0.0,0.039,0.0,0.002,0.48,0.057
Rwanda,RWA,2003,8586878.0,9366054447.0,0.505,0.059,0.054,,0.465,0.0,0.04,0.0,0.002,0.498,0.058
Rwanda,RWA,2004,8816849.0,9814510529.0,0.516,0.058,0.053,,0.476,0.0,0.039,0.0,0.002,0.568,0.064
Rwanda,RWA,2005,9054532.0,10465323107.0,0.514,0.057,0.049,,0.476,0.0,0.038,0.0,0.002,0.506,0.056
Rwanda,RWA,2006,9299251.0,11146496514.0,0.514,0.055,0.046,,0.476,0.0,0.038,0.0,0.002,0.518,0.056
Rwanda,RWA,2007,9549940.0,11698650639.0,0.542,0.057,0.046,,0.505,0.0,0.037,0.0,0.002,0.558,0.058
Rwanda,RWA,2008,9804268.0,12678494332.0,0.531,0.054,0.042,,0.495,0.0,0.037,0.0,0.002,0.578,0.059
Rwanda,RWA,2009,10060438.0,13135703239.0,0.555,0.055,0.042,,0.524,0.0,0.031,0.0,0.002,0.544,0.054
Rwanda,RWA,2010,10317560.0,13742192522.0,0.581,0.056,0.042,,0.55,0.0,0.031,0.0,0.002,0.602,0.058
Rwanda,RWA,2011,10573742.0,14451195383.0,0.643,0.061,0.045,,0.608,0.004,0.031,0.0,0.002,0.682,0.064
Rwanda,RWA,2012,10829904.0,15700063621.0,0.718,0.066,0.046,,0.685,0.004,0.03,0.0,0.002,0.795,0.073
Rwanda,RWA,2013,11093340.0,16440168692.0,0.779,0.07,0.047,,0.744,0.004,0.031,0.0,0.002,0.782,0.071
Rwanda,RWA,2014,11364758.0,17455015690.0,0.83,0.073,0.048,,0.784,0.007,0.039,0.0,0.002,0.9,0.079
Rwanda,RWA,2015,11640026.0,19000488690.0,0.967,0.083,0.051,0.004,0.85,0.048,0.065,0.0,0.003,1.054,0.091
Rwanda,RWA,2016,11919183.0,20135193148.0,1.052,0.088,0.052,0.018,0.843,0.084,0.107,0.0,0.003,1.097,0.092
Rwanda,RWA,2017,12202062.0,20935170126.0,1.17,0.096,0.056,0.022,0.934,0.084,0.129,0.0,0.003,1.892,0.155
Rwanda,RWA,2018,12488000.0,22730987759.0,1.313,0.105,0.058,0.044,1.041,0.095,0.133,0.0,0.004,2.521,0.202
Rwanda,RWA,2019,12776102.0,24883378782.0,1.413,0.111,0.057,0.059,1.114,0.092,0.149,0.0,0.004,2.701,0.211
Rwanda,RWA,2020,13065838.0,24048043469.0,1.394,0.107,0.058,0.037,1.107,0.088,0.163,0.0,0.004,2.509,0.192
Rwanda,RWA,2021,13355260.0,26663035281.0,1.699,0.127,0.064,0.059,1.326,0.092,0.222,0.0,0.005,2.98,0.223
Rwanda,RWA,2022,13651025.0,28466253314.0,1.957,0.143,0.069,0.187,1.367,0.091,0.312,0.0,0.005,3.4,0.249
Rwanda,RWA,2023,13954473.0,,2.016,0.144,,0.216,1.394,0.094,0.312,0.0,0.005,3.517,0.252
Rwanda,RWA,2024,14256573.0,,2.034,0.143,,0.22,1.419,0.083,0.312,0.0,0.005,,
Saint Helena,SHN,1990,6639.0,,0.007,1.104,,,0.007,,0.0,,0.0,,
Saint Helena,SHN,1991,6601.0,,0.007,1.11,,,0.007,,0.0,,0.0,,
Saint Helena,SHN,1992,6545.0,,0.007,1.12,,,0.007,,0.0,,0.0,,
Saint Helena,SHN,1993,6495.0,,0.011,1.692,,,0.011,,0.0,,0.0,,
Saint Helena,SHN,1994,6433.0,,0.011,1.709,,,0.011,,0.0,0.0,0.0,,
Saint Helena,SHN,1995,6373.0,,0.011,1.725,,,0.011,,0.0,0.0,0.0,,
Saint Helena,SHN,1996,6309.0,,0.011,1.742,,,0.011,,0.0,0.0,0.0,,
Saint Helena,SHN,1997,6249.0,,0.011,1.759,,,0.011,,0.0,0.0,0.0,,
Saint Helena,SHN,1998,6184.0,,0.011,1.777,,,0.011,,0.0,0.0,0.0,,
Saint Helena,SHN,1999,6113.0,,0.011,1.798,,,0.011,,0.0,0.0,0.0,,
Saint Helena,SHN,2000,6045.0,,0.011,1.818,,,0.011,,0.0,0.0,0.0,,
Saint Helena,SHN,2001,5963.0,,0.011,1.843,,,0.011,,0.0,0.0,0.0,,
Saint Helena,SHN,2002,5879.0,,0.011,1.87,,,0.011,,0.0,0.0,0.0,,
Saint Helena,SHN,2003,5775.0,,0.011,1.903,,,0.011,,0.0,0.0,0.0,,
Saint Helena,SHN,2004,5678.0,,0.007,1.291,,,0.007,,0.0,0.0,0.0,,
Saint Helena,SHN,2005,5570.0,,0.011,1.973,,,0.011,,0.0,0.0,0.0,,
Saint Helena,SHN,2006,5457.0,,0.011,2.014,,,0.011,,0.0,0.0,0.0,,
Saint Helena,SHN,2007,5346.0,,0.011,2.056,,,0.011,,0.0,0.0,0.0,,
Saint Helena,SHN,2008,5295.0,,0.011,2.076,,,0.011,,0.0,0.0,0.0,,
Saint Helena,SHN,2009,5320.0,,0.011,2.066,,,0.011,,0.0,0.0,0.0,,
Saint Helena,SHN,2010,5352.0,,0.011,2.054,,,0.011,,0.0,0.0,0.0,,
Saint Helena,SHN,2011,5385.0,,0.011,2.041,,,0.011,,0.0,0.0,0.0,,
Saint Helena,SHN,2012,5428.0,,0.011,2.025,,,0.011,,0.0,0.0,0.0,,
Saint Helena,SHN,2013,5462.0,,0.011,2.012,,,0.011,,0.0,0.0,0.0,,
Saint Helena,SHN,2014,5493.0,,0.011,2.001,,,0.011,,0.0,0.0,0.0,,
Saint Helena,SHN,2015,5529.0,,0.011,1.988,,,0.011,,0.0,0.0,0.0,,
Saint Helena,SHN,2016,5544.0,,0.015,2.644,,,0.015,,0.0,0.0,0.0,,
Saint Helena,SHN,2017,5528.0,,0.011,1.988,,,0.011,,0.0,0.0,0.0,,
Saint Helena,SHN,2018,5507.0,,0.011,1.996,,,0.011,,0.0,0.0,0.0,,
Saint Helena,SHN,2019,5485.0,,0.015,2.672,,,0.015,,0.0,0.0,0.0,,
Saint Helena,SHN,2020,5451.0,,0.011,2.017,,,0.011,,0.0,0.0,0.0,,
Saint Helena,SHN,2021,5415.0,,0.007,1.353,,,0.007,,0.0,0.0,0.0,,
Saint Helena,SHN,2022,5369.0,,0.011,2.047,,,0.011,,0.0,0.0,0.0,,
Saint Helena,SHN,2023,5316.0,,0.011,2.064,,,0.011,,0.0,0.0,0.0,,
Saint Helena,SHN,2024,5262.0,,0.011,2.165,,,0.011,,0.0,0.0,0.0,,
Saint Kitts and Nevis,KNA,1990,40456.0,,0.106,2.626,,,0.106,,0.0,,0.0,,
Saint Kitts and Nevis,KNA,1991,40382.0,,0.106,2.631,,,0.106,,0.0,,0.0,,
Saint Kitts and Nevis,KNA,1992,40740.0,,0.11,2.698,,,0.11,,0.0,,0.0,,
Saint Kitts and Nevis,KNA,1993,41266.0,,0.114,2.752,,,0.114,,0.0,,0.0,,
Saint Kitts and Nevis,KNA,1994,41798.0,,0.121,2.893,,,0.121,,0.0,0.0,0.001,,
Saint Kitts and Nevis,KNA,1995,42347.0,,0.125,2.942,,,0.125,,0.0,0.0,0.001,,
Saint Kitts and Nevis,KNA,1996,42903.0,,0.132,3.074,,,0.132,,0.0,0.0,0.001,,
Saint Kitts and Nevis,KNA,1997,43453.0,,0.139,3.204,,,0.139,,0.0,0.0,0.001,,
Saint Kitts and Nevis,KNA,1998,44018.0,,0.15,3.413,,,0.15,,0.0,0.0,0.001,,
Saint Kitts and Nevis,KNA,1999,44625.0,,0.158,3.531,,,0.158,,0.0,0.0,0.001,,
Saint Kitts and Nevis,KNA,2000,45272.0,,0.172,3.804,,,0.172,,0.0,0.0,0.001,,
Saint Kitts and Nevis,KNA,2001,45785.0,,0.176,3.841,,,0.176,,0.0,0.0,0.001,,
Saint Kitts and Nevis,KNA,2002,46048.0,,0.194,4.217,,,0.194,,0.0,0.0,0.001,,
Saint Kitts and Nevis,KNA,2003,46200.0,,0.194,4.203,,,0.194,,0.0,0.0,0.001,,
Saint Kitts and Nevis,KNA,2004,46337.0,,0.209,4.507,,,0.209,,0.0,0.0,0.001,,
Saint Kitts and Nevis,KNA,2005,46459.0,,0.194,4.18,,,0.194,,0.0,0.0,0.001,,
Saint Kitts and Nevis,KNA,2006,46592.0,,0.202,4.325,,,0.202,,0.0,0.0,0.001,,
Saint Kitts and Nevis,KNA,2007,46734.0,,0.216,4.626,,,0.216,,0.0,0.0,0.001,,
Saint Kitts and Nevis,KNA,2008,46857.0,,0.216,4.614,,,0.216,,0.0,0.0,0.001,,
Saint Kitts and Nevis,KNA,2009,46941.0,,0.22,4.683,,,0.22,,0.0,0.0,0.001,,
Saint Kitts and Nevis,KNA,2010,46871.0,,0.22,4.69,,,0.22,,0.0,0.0,0.001,,
Saint Kitts and Nevis,KNA,2011,46917.0,,0.227,4.842,,,0.227,,0.0,0.0,0.001,,
Saint Kitts and Nevis,KNA,2012,47056.0,,0.224,4.75,,,0.224,,0.0,0.0,0.001,,
Saint Kitts and Nevis,KNA,2013,47092.0,,0.224,4.746,,,0.224,,0.0,0.0,0.001,,
Saint Kitts and Nevis,KNA,2014,47112.0,,0.227,4.822,,,0.227,,0.0,0.0,0.001,,
Saint Kitts and Nevis,KNA,2015,47108.0,,0.231,4.9,,,0.231,,0.0,0.0,0.001,,
Saint Kitts and Nevis,KNA,2016,47099.0,,0.238,5.057,,,0.238,,0.0,0.0,0.001,,
Saint Kitts and Nevis,KNA,2017,47075.0,,0.242,5.137,,,0.242,,0.0,0.0,0.001,,
Saint Kitts and Nevis,KNA,2018,47032.0,,0.249,5.297,,,0.249,,0.0,0.0,0.001,,
Saint Kitts and Nevis,KNA,2019,46976.0,,0.26,5.538,,,0.26,,0.0,0.0,0.001,,
Saint Kitts and Nevis,KNA,2020,46896.0,,0.242,5.157,,,0.242,,0.0,0.0,0.001,,
Saint Kitts and Nevis,KNA,2021,46786.0,,0.234,5.012,,,0.234,,0.0,0.0,0.001,,
Saint Kitts and Nevis,KNA,2022,46732.0,,0.251,5.364,,,0.251,,0.0,0.0,0.001,,
Saint Kitts and Nevis,KNA,2023,46783.0,,0.25,5.347,,,0.25,,0.0,0.0,0.001,,
Saint Kitts and Nevis,KNA,2024,46867.0,,0.26,5.542,,,0.26,,0.0,0.0,0.001,,
Saint Lucia,LCA,1990,137874.0,718014000.0,0.18,1.302,0.25,,0.18,,0.0,,0.001,,
Saint Lucia,LCA,1991,139536.0,732565360.0,0.187,1.339,0.255,,0.187,,0.0,,0.001,,
Saint Lucia,LCA,1992,141629.0,808957688.0,0.213,1.5,0.263,,0.213,,0.0,,0.001,,
Saint Lucia,LCA,1993,143735.0,829979959.0,0.234,1.631,0.283,,0.234,,0.0,,0.001,,
Saint Lucia,LCA,1994,145901.0,862136440.0,0.26,1.783,0.302,,0.26,,0.0,0.0,0.001,,
Saint Lucia,LCA,1995,148227.0,889991191.0,0.275,1.854,0.309,,0.275,,0.0,0.0,0.001,,
Saint Lucia,LCA,1996,150453.0,936978316.0,0.293,1.948,0.313,,0.293,,0.0,0.0,0.001,,
Saint Lucia,LCA,1997,152584.0,951717700.0,0.293,1.921,0.308,,0.293,,0.0,0.0,0.001,,
Saint Lucia,LCA,1998,154688.0,1031515653.0,0.322,2.084,0.313,,0.322,,0.0,0.0,0.001,,
Saint Lucia,LCA,1999,156719.0,1081004035.0,0.337,2.151,0.312,,0.337,,0.0,0.0,0.001,,
Saint Lucia,LCA,2000,158624.0,1100265060.0,0.341,2.148,0.31,,0.341,,0.0,0.0,0.001,,
Saint Lucia,LCA,2001,160247.0,1080200365.0,0.359,2.241,0.332,,0.359,,0.0,0.0,0.001,,
Saint Lucia,LCA,2002,161655.0,1106971931.0,0.355,2.199,0.321,,0.355,,0.0,0.0,0.001,,
Saint Lucia,LCA,2003,162985.0,1185932109.0,0.377,2.316,0.318,,0.377,,0.0,0.0,0.001,,
Saint Lucia,LCA,2004,164250.0,1306608275.0,0.399,2.432,0.306,,0.399,,0.0,0.0,0.001,,
Saint Lucia,LCA,2005,165460.0,1321769047.0,0.392,2.369,0.297,,0.392,,0.0,0.0,0.001,,
Saint Lucia,LCA,2006,166657.0,1443383695.0,0.414,2.484,0.287,,0.414,,0.0,0.0,0.001,,
Saint Lucia,LCA,2007,167766.0,1491085385.0,0.421,2.512,0.283,,0.421,,0.0,0.0,0.001,,
Saint Lucia,LCA,2008,168816.0,1589069531.0,0.425,2.518,0.267,,0.425,,0.0,0.0,0.001,,
Saint Lucia,LCA,2009,169880.0,1609861406.0,0.425,2.502,0.264,,0.425,,0.0,0.0,0.001,,
Saint Lucia,LCA,2010,170921.0,1619438310.0,0.484,2.83,0.299,,0.484,,0.0,0.0,0.001,,
Saint Lucia,LCA,2011,171814.0,1661310000.0,0.484,2.815,0.291,,0.484,,0.0,0.0,0.001,,
Saint Lucia,LCA,2012,172595.0,1630854000.0,0.487,2.823,0.299,,0.487,,0.0,0.0,0.001,,
Saint Lucia,LCA,2013,173380.0,1636031000.0,0.487,2.811,0.298,,0.487,,0.0,0.0,0.001,,
Saint Lucia,LCA,2014,174145.0,1635705000.0,0.487,2.798,0.298,,0.487,,0.0,0.0,0.001,,
Saint Lucia,LCA,2015,174919.0,1670340000.0,0.48,2.744,0.287,,0.48,,0.0,0.0,0.001,,
Saint Lucia,LCA,2016,175651.0,1719860632.0,0.473,2.691,0.275,,0.473,,0.0,0.0,0.001,,
Saint Lucia,LCA,2017,176352.0,1781316024.0,0.495,2.805,0.278,,0.495,,0.0,0.0,0.001,,
Saint Lucia,LCA,2018,177032.0,1830625072.0,0.509,2.877,0.278,,0.509,,0.0,0.0,0.001,,
Saint Lucia,LCA,2019,177675.0,1824037649.0,0.502,2.825,0.275,,0.502,,0.0,0.0,0.001,,
Saint Lucia,LCA,2020,178261.0,1361621707.0,0.487,2.734,0.358,,0.487,,0.0,0.0,0.001,,
Saint Lucia,LCA,2021,178540.0,1515672504.0,0.506,2.832,0.334,,0.506,,0.0,0.0,0.001,,
Saint Lucia,LCA,2022,178794.0,1749086152.0,0.518,2.898,0.296,,0.518,,0.0,0.0,0.001,,
Saint Lucia,LCA,2023,179291.0,,0.517,2.884,,,0.517,,0.0,0.0,0.001,,
Saint Lucia,LCA,2024,179751.0,,0.537,2.987,,,0.537,,0.0,0.0,0.001,,
Saint Pierre and Miquelon,SPM,1990,6377.0,,0.092,14.364,,,0.092,,,,0.0,,
Saint Pierre and Miquelon,SPM,1991,6400.0,,0.103,16.03,,,0.103,,,,0.0,,
Saint Pierre and Miquelon,SPM,1992,6428.0,,0.095,14.82,,,0.095,,,,0.0,,
Saint Pierre and Miquelon,SPM,1993,6440.0,,0.073,11.379,,,0.073,,,,0.0,,
Saint Pierre and Miquelon,SPM,1994,6455.0,,0.07,10.785,,,0.07,,,0.0,0.0,,
Saint Pierre and Miquelon,SPM,1995,6459.0,,0.07,10.778,,,0.07,,,0.0,0.0,,
Saint Pierre and Miquelon,SPM,1996,6451.0,,0.07,10.792,,,0.07,,,0.0,0.0,,
Saint Pierre and Miquelon,SPM,1997,6438.0,,0.048,7.399,,,0.048,,,0.0,0.0,,
Saint Pierre and Miquelon,SPM,1998,6392.0,,0.055,8.598,,,0.055,,,0.0,0.0,,
Saint Pierre and Miquelon,SPM,1999,6338.0,,0.055,8.672,,,0.055,,,0.0,0.0,,
Saint Pierre and Miquelon,SPM,2000,6317.0,,0.055,8.7,,,0.055,,,0.0,0.0,,
Saint Pierre and Miquelon,SPM,2001,6299.0,,0.055,8.725,,,0.055,,,0.0,0.0,,
Saint Pierre and Miquelon,SPM,2002,6273.0,,0.059,9.345,,,0.059,,,0.0,0.0,,
Saint Pierre and Miquelon,SPM,2003,6234.0,,0.062,9.992,,,0.062,,,0.0,0.0,,
Saint Pierre and Miquelon,SPM,2004,6191.0,,0.059,9.469,,,0.059,,,0.0,0.0,,
Saint Pierre and Miquelon,SPM,2005,6139.0,,0.062,10.146,,,0.062,,,0.0,0.0,,
Saint Pierre and Miquelon,SPM,2006,6094.0,,0.062,10.221,,,0.062,,,0.0,0.0,,
Saint Pierre and Miquelon,SPM,2007,6074.0,,0.062,10.255,,,0.062,,,0.0,0.0,,
Saint Pierre and Miquelon,SPM,2008,6063.0,,0.062,10.273,,,0.062,,,0.0,0.0,,
Saint Pierre and Miquelon,SPM,2009,6054.0,,0.062,10.289,,,0.062,,,0.0,0.0,,
Saint Pierre and Miquelon,SPM,2010,6047.0,,0.062,10.301,,,0.062,,,0.0,0.0,,
Saint Pierre and Miquelon,SPM,2011,6036.0,,0.066,10.926,,,0.066,,,0.0,0.0,,
Saint Pierre and Miquelon,SPM,2012,6019.0,,0.066,10.957,,,0.066,,,0.0,0.0,,
Saint Pierre and Miquelon,SPM,2013,5999.0,,0.066,10.994,,,0.066,,,0.0,0.0,,
Saint Pierre and Miquelon,SPM,2014,5984.0,,0.066,11.021,,,0.066,,,0.0,0.0,,
Saint Pierre and Miquelon,SPM,2015,5971.0,,0.066,11.045,,,0.066,,,0.0,0.0,,
Saint Pierre and Miquelon,SPM,2016,5957.0,,0.066,11.071,,,0.066,,,0.0,0.0,,
Saint Pierre and Miquelon,SPM,2017,5946.0,,0.066,11.092,,,0.066,,,0.0,0.0,,
Saint Pierre and Miquelon,SPM,2018,5932.0,,0.059,9.883,,,0.059,,,0.0,0.0,,
Saint Pierre and Miquelon,SPM,2019,5899.0,,0.066,11.18,,,0.066,,,0.0,0.0,,
Saint Pierre and Miquelon,SPM,2020,5852.0,,0.062,10.644,,,0.062,,,0.0,0.0,,
Saint Pierre and Miquelon,SPM,2021,5802.0,,0.055,9.473,,,0.055,,,0.0,0.0,,
Saint Pierre and Miquelon,SPM,2022,5760.0,,0.053,9.268,,,0.053,,,0.0,0.0,,
Saint Pierre and Miquelon,SPM,2023,5707.0,,0.053,9.335,,,0.053,,,0.0,0.0,,
Saint Pierre and Miquelon,SPM,2024,5652.0,,0.055,9.788,,,0.055,,,0.0,0.0,,
Saint Vincent and the Grenadines,VCT,1990,111825.0,,0.081,0.721,,,0.081,,0.0,,0.0,,
Saint Vincent and the Grenadines,VCT,1991,112236.0,,0.084,0.751,,,0.084,,0.0,,0.0,,
Saint Vincent and the Grenadines,VCT,1992,112524.0,,0.084,0.749,,,0.084,,0.0,,0.0,,
Saint Vincent and the Grenadines,VCT,1993,112753.0,,0.103,0.91,,,0.103,,0.0,,0.0,,
Saint Vincent and the Grenadines,VCT,1994,112933.0,,0.121,1.071,,,0.121,,0.0,0.0,0.001,,
Saint Vincent and the Grenadines,VCT,1995,113064.0,,0.128,1.134,,,0.128,,0.0,0.0,0.001,,
Saint Vincent and the Grenadines,VCT,1996,113136.0,,0.132,1.166,,,0.132,,0.0,0.0,0.001,,
Saint Vincent and the Grenadines,VCT,1997,113158.0,,0.132,1.166,,,0.132,,0.0,0.0,0.001,,
Saint Vincent and the Grenadines,VCT,1998,113195.0,,0.161,1.424,,,0.161,,0.0,0.0,0.001,,
Saint Vincent and the Grenadines,VCT,1999,113384.0,,0.165,1.454,,,0.165,,0.0,0.0,0.001,,
Saint Vincent and the Grenadines,VCT,2000,113561.0,,0.143,1.258,,,0.143,,0.0,0.0,0.001,,
Saint Vincent and the Grenadines,VCT,2001,113506.0,,0.176,1.549,,,0.176,,0.0,0.0,0.001,,
Saint Vincent and the Grenadines,VCT,2002,113365.0,,0.187,1.648,,,0.187,,0.0,0.0,0.001,,
Saint Vincent and the Grenadines,VCT,2003,113149.0,,0.202,1.781,,,0.202,,0.0,0.0,0.001,,
Saint Vincent and the Grenadines,VCT,2004,112856.0,,0.22,1.948,,,0.22,,0.0,0.0,0.001,,
Saint Vincent and the Grenadines,VCT,2005,112465.0,,0.22,1.955,,,0.22,,0.0,0.0,0.001,,
Saint Vincent and the Grenadines,VCT,2006,112027.0,,0.22,1.962,,,0.22,,0.0,0.0,0.001,,
Saint Vincent and the Grenadines,VCT,2007,111544.0,,0.238,2.135,,,0.238,,0.0,0.0,0.001,,
Saint Vincent and the Grenadines,VCT,2008,111047.0,,0.22,1.98,,,0.22,,0.0,0.0,0.001,,
Saint Vincent and the Grenadines,VCT,2009,110521.0,,0.278,2.52,,,0.278,,0.0,0.0,0.001,,
Saint Vincent and the Grenadines,VCT,2010,109974.0,,0.224,2.032,,,0.224,,0.0,0.0,0.001,,
Saint Vincent and the Grenadines,VCT,2011,109367.0,,0.216,1.977,,,0.216,,0.0,0.0,0.001,,
Saint Vincent and the Grenadines,VCT,2012,108753.0,,0.231,2.123,,,0.231,,0.0,0.0,0.001,,
Saint Vincent and the Grenadines,VCT,2013,108156.0,,0.216,1.999,,,0.216,,0.0,0.0,0.001,,
Saint Vincent and the Grenadines,VCT,2014,107555.0,,0.256,2.385,,,0.256,,0.0,0.0,0.001,,
Saint Vincent and the Grenadines,VCT,2015,106975.0,,0.234,2.192,,,0.234,,0.0,0.0,0.001,,
Saint Vincent and the Grenadines,VCT,2016,106365.0,,0.242,2.274,,,0.242,,0.0,0.0,0.001,,
Saint Vincent and the Grenadines,VCT,2017,105674.0,,0.213,2.011,,,0.213,,0.0,0.0,0.001,,
Saint Vincent and the Grenadines,VCT,2018,104939.0,,0.242,2.304,,,0.242,,0.0,0.0,0.001,,
Saint Vincent and the Grenadines,VCT,2019,104183.0,,0.22,2.11,,,0.22,,0.0,0.0,0.001,,
Saint Vincent and the Grenadines,VCT,2020,103540.0,,0.238,2.3,,,0.238,,0.0,0.0,0.001,,
Saint Vincent and the Grenadines,VCT,2021,102848.0,,0.234,2.28,,,0.234,,0.0,0.0,0.001,,
Saint Vincent and the Grenadines,VCT,2022,102063.0,,0.247,2.417,,,0.247,,0.0,0.0,0.001,,
Saint Vincent and the Grenadines,VCT,2023,101331.0,,0.246,2.43,,,0.246,,0.0,0.0,0.001,,
Saint Vincent and the Grenadines,VCT,2024,100630.0,,0.256,2.541,,,0.256,,0.0,0.0,0.001,,
Samoa,WSM,1990,169061.0,,0.092,0.542,,,0.092,,0.0,,0.0,,
Samoa,WSM,1991,169378.0,,0.095,0.562,,,0.095,,0.0,,0.0,,
Samoa,WSM,1992,170340.0,,0.099,0.581,,,0.099,,0.0,,0.0,,
Samoa,WSM,1993,171786.0,,0.106,0.619,,,0.106,,0.0,,0.0,,
Samoa,WSM,1994,173167.0,,0.099,0.571,,,0.099,,0.0,0.0,0.0,,
Samoa,WSM,1995,174585.0,,0.11,0.63,,,0.11,,0.0,0.0,0.0,,
Samoa,WSM,1996,176086.0,,0.125,0.707,,,0.125,,0.0,0.0,0.001,,
Samoa,WSM,1997,177561.0,,0.125,0.702,,,0.125,,0.0,0.0,0.001,,
Samoa,WSM,1998,178921.0,,0.139,0.778,,,0.139,,0.0,0.0,0.001,,
Samoa,WSM,1999,180279.0,,0.139,0.772,,,0.139,,0.0,0.0,0.001,,
Samoa,WSM,2000,181695.0,,0.143,0.786,,,0.143,,0.0,0.0,0.001,,
Samoa,WSM,2001,183174.0,,0.154,0.84,,,0.154,,0.0,0.0,0.001,,
Samoa,WSM,2002,184482.0,,0.161,0.874,,,0.161,,0.0,0.0,0.001,,
Samoa,WSM,2003,185447.0,,0.161,0.869,,,0.161,,0.0,0.0,0.001,,
Samoa,WSM,2004,186265.0,,0.169,0.905,,,0.169,,0.0,0.0,0.001,,
Samoa,WSM,2005,186993.0,,0.172,0.921,,,0.172,,0.0,0.0,0.001,,
Samoa,WSM,2006,187724.0,,0.169,0.898,,,0.169,,0.0,0.0,0.001,,
Samoa,WSM,2007,188766.0,,0.18,0.951,,,0.18,,0.0,0.0,0.001,,
Samoa,WSM,2008,190117.0,,0.161,0.848,,,0.161,,0.0,0.0,0.001,,
Samoa,WSM,2009,191530.0,,0.169,0.88,,,0.169,,0.0,0.0,0.001,,
Samoa,WSM,2010,193035.0,,0.187,0.968,,,0.187,,0.0,0.0,0.001,,
Samoa,WSM,2011,194726.0,,0.191,0.978,,,0.191,,0.0,0.0,0.001,,
Samoa,WSM,2012,196518.0,,0.191,0.97,,,0.191,,0.0,0.0,0.001,,
Samoa,WSM,2013,198284.0,,0.191,0.961,,,0.191,,0.0,0.0,0.001,,
Samoa,WSM,2014,200051.0,,0.202,1.007,,,0.202,,0.0,0.0,0.001,,
Samoa,WSM,2015,201794.0,,0.227,1.126,,,0.227,,0.0,0.0,0.001,,
Samoa,WSM,2016,203509.0,,0.238,1.17,,,0.238,,0.0,0.0,0.001,,
Samoa,WSM,2017,205423.0,,0.234,1.142,,,0.234,,0.0,0.0,0.001,,
Samoa,WSM,2018,207595.0,,0.234,1.13,,,0.234,,0.0,0.0,0.001,,
Samoa,WSM,2019,209794.0,,0.26,1.24,,,0.26,,0.0,0.0,0.001,,
Samoa,WSM,2020,211957.0,,0.234,1.106,,,0.234,,0.0,0.0,0.001,,
Samoa,WSM,2021,213792.0,,0.267,1.251,,,0.267,,0.0,0.0,0.001,,
Samoa,WSM,2022,215270.0,,0.236,1.096,,,0.236,,0.0,0.0,0.001,,
Samoa,WSM,2023,216673.0,,0.235,1.084,,,0.235,,0.0,0.0,0.001,,
Samoa,WSM,2024,218031.0,,0.246,1.126,,,0.246,,0.0,0.0,0.001,,
San Marino,SMR,1990,23501.0,,,,,,,,,,,,
San Marino,SMR,1991,23823.0,,,,,,,,,,,,
San Marino,SMR,1992,24149.0,,,,,,,,,,,,
San Marino,SMR,1993,24499.0,,,,,,,,,,,,
San Marino,SMR,1994,24853.0,,,,,,,,,,,,
San Marino,SMR,1995,25183.0,,,,,,,,,,,,
San Marino,SMR,1996,25503.0,,,,,,,,,,,,
San Marino,SMR,1997,25821.0,,,,,,,,,,,,
San Marino,SMR,1998,26149.0,,,,,,,,,,,,
San Marino,SMR,1999,26485.0,,,,,,,,,,,,
San Marino,SMR,2000,26823.0,,,,,,,,,,,,
San Marino,SMR,2001,27173.0,,,,,,,,,,,,
San Marino,SMR,2002,27515.0,,,,,,,,,,,,
San Marino,SMR,2003,27871.0,,,,,,,,,,,,
San Marino,SMR,2004,28230.0,,,,,,,,,,,,
San Marino,SMR,2005,28600.0,,,,,,,,,,,,
San Marino,SMR,2006,28966.0,,,,,,,,,,,,
San Marino,SMR,2007,29334.0,,,,,,,,,,,,
San Marino,SMR,2008,29721.0,,,,,,,,,,,,
San Marino,SMR,2009,30115.0,,,,,,,,,,,,
San Marino,SMR,2010,30648.0,,,,,,,,,,,,
San Marino,SMR,2011,32194.0,,,,,,,,,,,,
San Marino,SMR,2012,33494.0,,,,,,,,,,,,
San Marino,SMR,2013,33641.0,,,,,,,,,,,,
San Marino,SMR,2014,33753.0,,,,,,,,,,,,
San Marino,SMR,2015,33927.0,,,,,,,,,,,,
San Marino,SMR,2016,34188.0,,,,,,,,,,,,
San Marino,SMR,2017,34405.0,,,,,,,,,,,,
San Marino,SMR,2018,34557.0,,,,,,,,,,,,
San Marino,SMR,2019,34674.0,,,,,,,,,,,,
San Marino,SMR,2020,34796.0,,,,,,,,,,,,
San Marino,SMR,2021,34599.0,,,,,,,,,,,,
San Marino,SMR,2022,34113.0,,,,,,,,,,,,
San Marino,SMR,2023,33761.0,,,,,,,,,,,,
San Marino,SMR,2024,33606.0,,,,,,,,,,,,
Sao Tome and Principe,STP,1990,122993.0,257172000.0,0.048,0.387,0.185,,0.048,,0.0,,0.0,,
Sao Tome and Principe,STP,1991,125711.0,262157958.0,0.048,0.379,0.182,,0.048,,0.0,,0.0,,
Sao Tome and Principe,STP,1992,128127.0,264441187.0,0.048,0.372,0.18,,0.048,,0.0,,0.0,,
Sao Tome and Principe,STP,1993,130478.0,268616534.0,0.048,0.365,0.177,,0.048,,0.0,,0.0,,
Sao Tome and Principe,STP,1994,132745.0,275609588.0,0.048,0.359,0.173,,0.048,,0.0,0.0,0.0,,
Sao Tome and Principe,STP,1995,134905.0,281874143.0,0.048,0.353,0.169,,0.048,,0.0,0.0,0.0,,
Sao Tome and Principe,STP,1996,136974.0,288736950.0,0.048,0.348,0.165,,0.048,,0.0,0.0,0.0,,
Sao Tome and Principe,STP,1997,138935.0,291643204.0,0.048,0.343,0.163,,0.048,,0.0,0.0,0.0,,
Sao Tome and Principe,STP,1998,140765.0,300902178.0,0.048,0.338,0.158,,0.048,,0.0,0.0,0.0,,
Sao Tome and Principe,STP,1999,142459.0,310102879.0,0.048,0.334,0.154,,0.048,,0.0,0.0,0.0,,
Sao Tome and Principe,STP,2000,144029.0,312853560.0,0.051,0.356,0.164,,0.051,,0.0,0.0,0.0,,
Sao Tome and Principe,STP,2001,146386.0,323367292.0,0.051,0.35,0.159,,0.051,,0.0,0.0,0.0,,
Sao Tome and Principe,STP,2002,149932.0,330763135.0,0.055,0.367,0.166,,0.055,,0.0,0.0,0.0,,
Sao Tome and Principe,STP,2003,153824.0,356840538.0,0.062,0.405,0.175,,0.062,,0.0,0.0,0.0,,
Sao Tome and Principe,STP,2004,157721.0,370949154.0,0.073,0.465,0.198,,0.073,,0.0,0.0,0.0,,
Sao Tome and Principe,STP,2005,161650.0,400193555.0,0.077,0.476,0.192,,0.077,,0.0,0.0,0.0,,
Sao Tome and Principe,STP,2006,165651.0,436915676.0,0.081,0.487,0.184,,0.081,,0.0,0.0,0.0,,
Sao Tome and Principe,STP,2007,169709.0,454094461.0,0.081,0.475,0.178,,0.081,,0.0,0.0,0.0,,
Sao Tome and Principe,STP,2008,173808.0,491548804.0,0.084,0.485,0.171,,0.084,,0.0,0.0,0.0,,
Sao Tome and Principe,STP,2009,177866.0,507380515.0,0.092,0.515,0.181,,0.092,,0.0,0.0,0.0,,
Sao Tome and Principe,STP,2010,181810.0,544428757.0,0.106,0.584,0.195,,0.106,,0.0,0.0,0.0,,
Sao Tome and Principe,STP,2011,185665.0,572220000.0,0.099,0.533,0.173,,0.099,,0.0,0.0,0.0,,
Sao Tome and Principe,STP,2012,189452.0,588711000.0,0.11,0.58,0.187,,0.11,,0.0,0.0,0.0,,
Sao Tome and Principe,STP,2013,193158.0,619718000.0,0.11,0.569,0.177,,0.11,,0.0,0.0,0.0,,
Sao Tome and Principe,STP,2014,196780.0,660060000.0,0.128,0.652,0.194,,0.128,,0.0,0.0,0.0,,
Sao Tome and Principe,STP,2015,200308.0,687730000.0,0.136,0.677,0.197,,0.136,,0.0,0.0,0.0,,
Sao Tome and Principe,STP,2016,203702.0,718608950.0,0.147,0.719,0.204,,0.147,,0.0,0.0,0.0,,
Sao Tome and Principe,STP,2017,206986.0,745271993.0,0.139,0.673,0.187,,0.139,,0.0,0.0,0.0,,
Sao Tome and Principe,STP,2018,210198.0,768095622.0,0.139,0.662,0.181,,0.139,,0.0,0.0,0.0,,
Sao Tome and Principe,STP,2019,213405.0,784993764.0,0.147,0.687,0.187,,0.147,,0.0,0.0,0.0,,
Sao Tome and Principe,STP,2020,217450.0,809328569.0,0.143,0.657,0.177,,0.143,,0.0,0.0,0.0,,
Sao Tome and Principe,STP,2021,221975.0,824700110.0,0.143,0.644,0.173,,0.143,,0.0,0.0,0.0,,
Sao Tome and Principe,STP,2022,226313.0,825238400.0,0.136,0.599,0.164,,0.136,,0.0,0.0,0.0,,
Sao Tome and Principe,STP,2023,230882.0,,0.14,0.606,,,0.14,,0.0,0.0,0.0,,
Sao Tome and Principe,STP,2024,235548.0,,0.142,0.602,,,0.142,,0.0,0.0,0.0,,
Saudi Arabia,SAU,1990,10640697.0,230231005239.0,181.971,17.101,0.79,0.0,111.4,64.344,5.766,0.462,0.801,173.175,16.275
Saudi Arabia,SAU,1991,11160752.0,279266370692.0,244.534,21.91,0.876,0.024,170.679,67.51,5.456,0.865,1.054,225.712,20.224
Saudi Arabia,SAU,1992,11686682.0,306102220149.0,276.011,23.618,0.902,0.007,194.701,73.423,7.342,0.539,1.226,254.284,21.758
Saudi Arabia,SAU,1993,12215864.0,318013026200.0,297.754,24.374,0.936,0.052,212.794,76.86,7.32,0.729,1.309,277.476,22.714
Saudi Arabia,SAU,1994,12750037.0,336457977370.0,291.208,22.84,0.866,0.068,195.159,82.099,7.166,6.717,1.268,271.996,21.333
Saudi Arabia,SAU,1995,13289246.0,354296184185.0,274.604,20.664,0.775,0.05,178.451,82.407,7.524,6.172,1.168,255.867,19.254
Saudi Arabia,SAU,1996,13831002.0,381675255575.0,269.498,19.485,0.706,0.046,169.343,85.441,7.829,6.839,1.112,252.747,18.274
Saudi Arabia,SAU,1997,14374948.0,404619673714.0,227.149,15.802,0.561,0.061,124.004,87.991,7.325,7.768,0.932,214.099,14.894
Saudi Arabia,SAU,1998,14922188.0,436367217571.0,218.915,14.67,0.502,0.075,114.916,89.682,7.498,6.745,0.901,227.735,15.262
Saudi Arabia,SAU,1999,15472076.0,440370701905.0,237.716,15.364,0.54,0.059,135.143,88.683,7.737,6.094,0.957,188.237,12.166
Saudi Arabia,SAU,2000,16177733.0,488272422255.0,309.639,19.14,0.634,0.001,198.371,95.613,8.575,7.078,1.214,203.123,12.556
Saudi Arabia,SAU,2001,17041405.0,506978101388.0,324.374,19.034,0.64,0.005,205.004,103.061,9.745,6.558,1.262,226.051,13.265
Saudi Arabia,SAU,2002,17910909.0,518347038548.0,346.93,19.37,0.669,0.028,219.46,110.029,10.996,6.417,1.321,236.019,13.177
Saudi Arabia,SAU,2003,18786771.0,607244594721.0,351.228,18.695,0.578,0.029,216.839,115.288,11.368,7.704,1.27,317.278,16.888
Saudi Arabia,SAU,2004,19669486.0,690846607941.0,407.702,20.728,0.59,0.036,263.196,126.075,11.542,6.853,1.425,354.688,18.032
Saudi Arabia,SAU,2005,20559886.0,768984265306.0,412.234,20.05,0.536,0.07,256.689,136.748,11.35,7.378,1.393,355.557,17.294
Saudi Arabia,SAU,2006,21459141.0,833723402383.0,444.977,20.736,0.534,0.038,283.766,141.013,12.2,7.961,1.454,386.622,18.017
Saudi Arabia,SAU,2007,22368313.0,896025266041.0,423.314,18.925,0.472,0.055,258.466,142.852,13.961,7.98,1.344,382.242,17.089
Saudi Arabia,SAU,2008,23287884.0,1005243539213.0,469.43,20.158,0.467,0.108,288.817,154.41,18.088,8.007,1.465,425.846,18.286
Saudi Arabia,SAU,2009,24217656.0,1040467027041.0,503.97,20.81,0.484,0.067,326.067,150.59,19.875,7.371,1.599,479.851,19.814
Saudi Arabia,SAU,2010,25157134.0,1156842077931.0,555.64,22.087,0.48,0.17,359.645,168.268,20.669,6.888,1.668,519.983,20.669
Saudi Arabia,SAU,2011,26105636.0,1347950226660.0,540.236,20.694,0.401,0.17,335.71,177.099,21.989,5.267,1.567,502.413,19.245
Saudi Arabia,SAU,2012,27062447.0,1421109142119.0,605.712,22.382,0.426,0.193,386.219,190.671,24.984,3.646,1.733,574.291,21.221
Saudi Arabia,SAU,2013,28026825.0,1461615692896.0,583.178,20.808,0.399,0.239,359.381,192.011,27.789,3.758,1.653,569.988,20.337
Saudi Arabia,SAU,2014,28998127.0,1520484201383.0,585.109,20.177,0.385,0.257,355.28,196.522,29.396,3.655,1.65,590.763,20.372
Saudi Arabia,SAU,2015,29974944.0,1591797027903.0,624.547,20.836,0.392,0.26,390.526,200.499,29.214,4.048,1.764,653.75,21.81
Saudi Arabia,SAU,2016,30717804.0,1629412617614.0,641.174,20.873,0.394,0.33,395.724,212.8,28.436,3.884,1.812,639.906,20.832
Saudi Arabia,SAU,2017,30782400.0,1628276592787.0,644.487,20.937,0.396,0.52,393.125,222.859,23.63,4.352,1.792,623.797,20.265
Saudi Arabia,SAU,2018,30365119.0,1673253984473.0,652.204,21.479,0.39,0.462,391.612,231.045,24.749,4.337,1.775,616.009,20.287
Saudi Arabia,SAU,2019,30472809.0,1687180073621.0,708.335,23.245,0.42,0.484,446.993,233.225,23.684,3.949,1.91,672.193,22.059
Saudi Arabia,SAU,2020,30991206.0,1613932868835.0,653.565,21.089,0.405,0.425,388.279,234.953,25.651,4.257,1.859,648.849,20.937
Saudi Arabia,SAU,2021,31328374.0,1677226744197.0,695.394,22.197,0.415,0.517,420.649,241.864,28.373,3.992,1.886,669.285,21.364
Saudi Arabia,SAU,2022,32175351.0,1823886192336.0,666.994,20.73,0.366,0.509,435.507,197.945,29.536,3.496,1.777,627.814,19.512
Saudi Arabia,SAU,2023,33264289.0,,677.442,20.365,,0.63,443.735,198.971,29.428,4.677,1.778,654.104,19.664
Saudi Arabia,SAU,2024,33962751.0,,692.133,20.379,,0.701,451.461,205.969,29.38,4.622,1.793,,
Senegal,SEN,1990,7720524.0,15993263040.0,2.93,0.38,0.183,,2.726,0.011,0.193,,0.013,3.281,0.425
Senegal,SEN,1991,7943091.0,16307693057.0,3.108,0.391,0.191,,2.895,0.007,0.206,,0.013,3.464,0.436
Senegal,SEN,1992,8168396.0,16415224652.0,3.166,0.388,0.193,,2.916,0.004,0.246,,0.014,3.585,0.439
Senegal,SEN,1993,8396289.0,16528654543.0,3.286,0.391,0.199,,3.019,0.026,0.241,,0.014,3.696,0.44
Senegal,SEN,1994,8624077.0,16427310135.0,3.636,0.422,0.221,,3.32,0.037,0.28,0.0,0.016,3.911,0.454
Senegal,SEN,1995,8848112.0,17207967928.0,2.99,0.338,0.174,,2.616,0.092,0.283,0.0,0.013,3.444,0.389
Senegal,SEN,1996,9067018.0,17463290035.0,3.243,0.358,0.186,,2.829,0.084,0.33,0.0,0.013,4.029,0.444
Senegal,SEN,1997,9283505.0,17899120921.0,3.182,0.343,0.178,,2.791,0.044,0.347,0.0,0.013,3.959,0.426
Senegal,SEN,1998,9502951.0,18841602978.0,3.334,0.351,0.177,,2.888,0.04,0.406,0.0,0.014,4.043,0.425
Senegal,SEN,1999,9730897.0,19920223117.0,3.604,0.37,0.181,,3.188,0.011,0.405,0.0,0.015,4.459,0.458
Senegal,SEN,2000,9968262.0,20439620643.0,3.902,0.391,0.191,,3.36,0.0,0.542,0.0,0.015,5.099,0.512
Senegal,SEN,2001,10212941.0,21256566387.0,4.258,0.417,0.2,,3.638,0.0,0.62,0.0,0.017,5.128,0.502
Senegal,SEN,2002,10466216.0,21289209696.0,4.437,0.424,0.208,0.271,3.495,0.007,0.663,0.0,0.017,5.558,0.531
Senegal,SEN,2003,10721176.0,22622569107.0,4.928,0.46,0.218,0.282,3.947,0.022,0.677,0.0,0.018,5.951,0.555
Senegal,SEN,2004,10975711.0,23858338191.0,5.238,0.477,0.22,0.37,3.891,0.026,0.951,0.0,0.018,6.353,0.579
Senegal,SEN,2005,11235473.0,25111741099.0,5.539,0.493,0.221,0.37,4.104,0.026,1.04,0.0,0.019,6.994,0.622
Senegal,SEN,2006,11500094.0,25681645040.0,4.43,0.385,0.172,0.447,2.829,0.022,1.132,0.0,0.014,6.222,0.541
Senegal,SEN,2007,11770348.0,26900866878.0,5.196,0.441,0.193,0.707,3.246,0.022,1.221,0.0,0.016,7.353,0.625
Senegal,SEN,2008,12048963.0,27862112568.0,4.74,0.393,0.17,0.597,2.935,0.022,1.186,0.0,0.015,7.264,0.603
Senegal,SEN,2009,12337390.0,28495333178.0,5.258,0.426,0.185,0.74,3.206,0.033,1.279,0.0,0.017,6.627,0.537
Senegal,SEN,2010,12635418.0,29674469620.0,6.862,0.543,0.231,0.674,4.573,0.048,1.568,0.0,0.021,7.841,0.621
Senegal,SEN,2011,12958902.0,30201416523.0,7.819,0.603,0.259,0.942,5.051,0.037,1.789,0.0,0.023,9.745,0.752
Senegal,SEN,2012,13310499.0,31410375400.0,7.362,0.553,0.234,0.817,4.697,0.055,1.793,0.0,0.021,9.815,0.737
Senegal,SEN,2013,13710857.0,32167998974.0,7.853,0.573,0.244,0.814,4.934,0.084,2.021,0.0,0.022,10.908,0.796
Senegal,SEN,2014,14152103.0,34170131826.0,8.724,0.616,0.255,1.099,5.654,0.073,1.898,0.0,0.025,12.444,0.879
Senegal,SEN,2015,14593335.0,36345743124.0,9.845,0.675,0.271,1.15,6.859,0.048,1.788,0.0,0.028,13.283,0.91
Senegal,SEN,2016,15034517.0,38655882471.0,10.013,0.666,0.259,1.205,6.769,0.044,1.995,0.0,0.028,14.373,0.956
Senegal,SEN,2017,15475001.0,41519118886.0,10.757,0.695,0.259,1.439,7.256,0.037,2.014,0.011,0.03,15.135,0.978
Senegal,SEN,2018,15914495.0,44097044770.0,11.33,0.712,0.257,2.261,6.951,0.022,2.097,0.0,0.031,16.515,1.038
Senegal,SEN,2019,16352926.0,46131678369.0,12.711,0.777,0.276,2.089,7.971,0.026,2.625,0.0,0.034,17.174,1.05
Senegal,SEN,2020,16789217.0,46743389453.0,10.82,0.644,0.231,1.349,6.718,0.026,2.727,0.0,0.031,15.601,0.929
Senegal,SEN,2021,17220866.0,49579310412.0,12.319,0.715,0.248,1.971,7.427,0.015,2.906,0.0,0.033,17.478,1.015
Senegal,SEN,2022,17651099.0,51913993763.0,14.133,0.801,0.272,2.089,8.933,0.011,3.1,0.0,0.038,19.061,1.08
Senegal,SEN,2023,18077573.0,,14.082,0.779,,2.429,8.542,0.011,3.1,0.0,0.037,19.033,1.053
Senegal,SEN,2024,18501988.0,,14.092,0.762,,1.991,8.875,0.012,3.1,0.114,0.037,,
Serbia,SRB,1990,7874595.0,75948516071.0,57.538,7.307,0.758,41.692,9.208,5.203,1.34,0.095,0.253,,
Serbia,SRB,1991,7867067.0,68073341363.0,40.577,5.158,0.596,26.326,8.227,4.77,1.191,0.063,0.175,,
Serbia,SRB,1992,7859811.0,50213316006.0,43.636,5.552,0.869,32.63,4.815,5.184,1.006,0.0,0.194,,
Serbia,SRB,1993,7849723.0,35705127092.0,37.997,4.841,1.064,30.443,3.621,3.396,0.538,0.0,0.167,,
Serbia,SRB,1994,7837157.0,37491186647.0,36.967,4.717,0.986,31.216,3.43,1.525,0.797,0.0,0.161,,
Serbia,SRB,1995,7823281.0,40606796137.0,39.047,4.991,0.962,32.554,3.611,2.044,0.838,0.0,0.166,,
Serbia,SRB,1996,7807720.0,43633612702.0,45.696,5.853,1.047,32.25,7.231,5.125,1.089,0.0,0.189,,
Serbia,SRB,1997,7789186.0,47961715204.0,49.098,6.303,1.024,32.932,10.076,5.097,0.994,0.0,0.201,,
Serbia,SRB,1998,7765929.0,50248494231.0,51.691,6.656,1.029,37.162,8.841,4.576,1.113,0.0,0.213,,
Serbia,SRB,1999,7734367.0,42108008598.0,35.652,4.609,0.847,27.388,4.18,3.306,0.778,0.0,0.144,,
Serbia,SRB,2000,7694608.0,45972177454.0,39.606,5.147,0.862,31.14,3.923,3.498,1.046,0.0,0.155,,
Serbia,SRB,2001,7651927.0,49551965376.0,42.541,5.56,0.859,30.168,7.226,3.952,1.194,0.0,0.166,,
Serbia,SRB,2002,7616741.0,54169287385.0,45.486,5.972,0.84,31.887,8.439,3.977,1.184,0.0,0.173,,
Serbia,SRB,2003,7590946.0,57670215281.0,48.649,6.409,0.844,33.984,9.478,4.161,1.025,0.0,0.176,,
Serbia,SRB,2004,7565843.0,64122161308.0,52.942,6.998,0.826,35.464,11.088,5.284,1.107,0.0,0.185,,
Serbia,SRB,2005,7539139.0,69083768076.0,50.058,6.64,0.725,31.795,12.687,4.452,1.124,0.0,0.169,,
Serbia,SRB,2006,7511395.0,74079355840.0,53.721,7.152,0.725,34.45,13.446,4.558,1.267,0.0,0.176,,
Serbia,SRB,2007,7482996.0,80235729936.0,52.16,6.97,0.65,34.174,12.062,4.602,1.322,0.0,0.166,,
Serbia,SRB,2008,7454285.0,86433151884.0,51.737,6.941,0.599,35.479,10.274,4.58,1.404,0.0,0.161,,
Serbia,SRB,2009,7425346.0,85543117613.0,45.92,6.184,0.537,31.476,10.154,3.192,1.098,0.0,0.146,,
Serbia,SRB,2010,7395872.0,88047936265.0,45.694,6.178,0.519,30.814,9.585,4.243,1.052,0.0,0.137,,
Serbia,SRB,2011,7364858.0,91032746041.0,48.956,6.647,0.538,34.273,9.296,4.353,1.035,0.0,0.142,,
Serbia,SRB,2012,7324624.0,90412315334.0,43.764,5.975,0.484,30.107,8.893,3.84,0.904,0.02,0.125,,
Serbia,SRB,2013,7276183.0,93027618312.0,44.576,6.126,0.479,31.28,8.215,4.272,0.786,0.023,0.126,,
Serbia,SRB,2014,7227203.0,91548933459.0,37.331,5.165,0.408,24.622,8.215,3.682,0.793,0.019,0.105,,
Serbia,SRB,2015,7177257.0,93202353035.0,43.897,6.116,0.471,30.558,8.489,4.005,0.817,0.028,0.124,,
Serbia,SRB,2016,7126083.0,96313997829.0,45.193,6.342,0.469,31.077,8.89,4.328,0.89,0.009,0.128,,
Serbia,SRB,2017,7073507.0,98337716405.0,45.673,6.457,0.464,31.012,8.874,4.844,0.942,0.0,0.127,,
Serbia,SRB,2018,7020014.0,102758122729.0,44.478,6.336,0.433,29.595,8.969,4.88,1.034,0.0,0.121,,
Serbia,SRB,2019,6966155.0,107209329080.0,44.445,6.38,0.415,29.597,9.223,4.562,1.063,0.0,0.12,,
Serbia,SRB,2020,6907814.0,106240984752.0,45.356,6.566,0.427,31.032,8.602,4.554,1.168,0.0,0.129,,
Serbia,SRB,2021,6835429.0,114262090563.0,43.886,6.42,0.384,27.463,9.65,5.481,1.289,0.003,0.119,,
Serbia,SRB,2022,6791215.0,116834638171.0,44.462,6.547,0.381,27.112,10.755,5.298,1.297,0.001,0.118,,
Serbia,SRB,2023,6773204.0,,42.907,6.335,,25.68,10.617,5.314,1.297,0.0,0.113,,
Serbia,SRB,2024,6736217.0,,42.019,6.238,,24.752,10.791,5.18,1.297,0.0,0.109,,
Seychelles,SYC,1990,74000.0,584969000.0,0.15,2.03,0.257,,0.15,,0.0,,0.001,,
Seychelles,SYC,1991,74838.0,617088515.0,0.172,2.301,0.279,,0.172,,0.0,,0.001,,
Seychelles,SYC,1992,75630.0,679250956.0,0.172,2.277,0.254,,0.172,,0.0,,0.001,,
Seychelles,SYC,1993,76420.0,730723726.0,0.183,2.397,0.251,,0.183,,0.0,,0.001,,
Seychelles,SYC,1994,77279.0,744501064.0,0.202,2.608,0.271,,0.202,,0.0,0.0,0.001,,
Seychelles,SYC,1995,78144.0,760132177.0,0.198,2.532,0.26,,0.198,,0.0,0.0,0.001,,
Seychelles,SYC,1996,78901.0,795643257.0,0.234,2.972,0.295,,0.234,,0.0,0.0,0.001,,
Seychelles,SYC,1997,79670.0,929711785.0,0.271,3.403,0.292,,0.271,,0.0,0.0,0.001,,
Seychelles,SYC,1998,80738.0,1062691437.0,0.289,3.585,0.272,,0.289,,0.0,0.0,0.001,,
Seychelles,SYC,1999,82033.0,1110391394.0,0.304,3.707,0.274,,0.304,,0.0,0.0,0.001,,
Seychelles,SYC,2000,83339.0,1136006730.0,0.319,3.825,0.281,,0.319,,0.0,0.0,0.001,,
Seychelles,SYC,2001,84621.0,1137693046.0,0.341,4.027,0.3,,0.341,,0.0,0.0,0.001,,
Seychelles,SYC,2002,85878.0,1181094301.0,0.348,4.053,0.295,,0.348,,0.0,0.0,0.001,,
Seychelles,SYC,2003,87056.0,1134551439.0,0.341,3.914,0.3,,0.341,,0.0,0.0,0.001,,
Seychelles,SYC,2004,88175.0,1140079489.0,0.377,4.28,0.331,,0.377,,0.0,0.0,0.001,,
Seychelles,SYC,2005,89288.0,1274495332.0,0.381,4.268,0.299,,0.381,,0.0,0.0,0.001,,
Seychelles,SYC,2006,90391.0,1430092128.0,0.385,4.256,0.269,,0.385,,0.0,0.0,0.001,,
Seychelles,SYC,2007,91483.0,1619623050.0,0.403,4.406,0.249,,0.403,,0.0,0.0,0.001,,
Seychelles,SYC,2008,92563.0,1625802984.0,0.414,4.473,0.255,,0.414,,0.0,0.0,0.001,,
Seychelles,SYC,2009,93644.0,1630727660.0,0.443,4.734,0.272,,0.443,,0.0,0.0,0.001,,
Seychelles,SYC,2010,94993.0,1772951640.0,0.44,4.629,0.248,,0.44,,0.0,0.0,0.001,,
Seychelles,SYC,2011,97041.0,1917505000.0,0.403,4.153,0.21,,0.403,,0.0,0.0,0.001,,
Seychelles,SYC,2012,99565.0,1991700000.0,0.418,4.195,0.21,,0.418,,0.0,0.0,0.001,,
Seychelles,SYC,2013,102108.0,2096276000.0,0.414,4.055,0.198,,0.414,,0.0,0.0,0.001,,
Seychelles,SYC,2014,104663.0,2231000000.0,0.458,4.376,0.205,,0.458,,0.0,0.0,0.001,,
Seychelles,SYC,2015,107247.0,2363480000.0,0.498,4.646,0.211,,0.498,,0.0,0.0,0.001,,
Seychelles,SYC,2016,109836.0,2658740126.0,0.553,5.037,0.208,,0.553,,0.0,0.0,0.002,,
Seychelles,SYC,2017,112443.0,2824383463.0,0.575,5.116,0.204,,0.575,,0.0,0.0,0.002,,
Seychelles,SYC,2018,115053.0,2983293782.0,0.597,5.191,0.2,,0.597,,0.0,0.0,0.002,,
Seychelles,SYC,2019,117662.0,3137071789.0,0.59,5.014,0.188,,0.59,,0.0,0.0,0.002,,
Seychelles,SYC,2020,120299.0,2871729130.0,0.597,4.965,0.208,,0.597,,0.0,0.0,0.002,,
Seychelles,SYC,2021,123000.0,2944095268.0,0.612,4.975,0.208,,0.612,,0.0,0.0,0.002,,
Seychelles,SYC,2022,125533.0,3053368129.0,0.629,5.01,0.206,,0.629,,0.0,0.0,0.002,,
Seychelles,SYC,2023,127961.0,,0.641,5.012,,,0.641,,0.0,0.0,0.002,,
Seychelles,SYC,2024,130436.0,,0.653,5.003,,,0.653,,0.0,0.0,0.002,,
Sierra Leone,SLE,1990,4196834.0,6912780000.0,0.498,0.119,0.072,,0.498,,0.0,,0.002,,
Sierra Leone,SLE,1991,4246268.0,6361130421.0,0.557,0.131,0.088,,0.557,,0.0,,0.002,,
Sierra Leone,SLE,1992,4166368.0,5753194720.0,0.282,0.068,0.049,,0.282,,0.0,,0.001,,
Sierra Leone,SLE,1993,4157128.0,5761167651.0,0.264,0.063,0.046,,0.264,,0.0,,0.001,,
Sierra Leone,SLE,1994,4173111.0,5967832311.0,0.275,0.066,0.046,,0.275,,0.0,0.0,0.001,,
Sierra Leone,SLE,1995,4179178.0,5367842746.0,0.224,0.053,0.042,,0.224,,0.0,0.0,0.001,,
Sierra Leone,SLE,1996,4199215.0,4041803222.0,0.231,0.055,0.057,,0.231,,0.0,0.0,0.001,,
Sierra Leone,SLE,1997,4253710.0,3333148709.0,0.205,0.048,0.062,,0.205,,0.0,0.0,0.001,,
Sierra Leone,SLE,1998,4295783.0,3306704220.0,0.22,0.051,0.066,,0.22,,0.0,0.0,0.001,,
Sierra Leone,SLE,1999,4318047.0,3041564615.0,0.176,0.041,0.058,,0.176,,0.0,0.0,0.001,,
Sierra Leone,SLE,2000,4423615.0,3156875905.0,0.271,0.061,0.086,,0.271,,0.0,0.0,0.001,,
Sierra Leone,SLE,2001,4692715.0,3731874073.0,0.374,0.08,0.1,,0.374,,0.0,0.0,0.001,,
Sierra Leone,SLE,2002,4971435.0,4723203819.0,0.502,0.101,0.106,0.015,0.487,,0.0,0.0,0.002,,
Sierra Leone,SLE,2003,5177686.0,5165014591.0,0.539,0.104,0.104,0.0,0.539,,0.0,0.0,0.002,,
Sierra Leone,SLE,2004,5355715.0,5509297894.0,0.52,0.097,0.094,0.0,0.52,,0.0,0.0,0.002,,
Sierra Leone,SLE,2005,5501707.0,5761186841.0,0.432,0.079,0.075,,0.432,,0.0,0.0,0.001,,
Sierra Leone,SLE,2006,5624464.0,6009264027.0,0.575,0.102,0.096,,0.575,,0.0,0.0,0.002,,
Sierra Leone,SLE,2007,5749353.0,6495486321.0,0.487,0.085,0.075,,0.487,,0.0,0.0,0.002,,
Sierra Leone,SLE,2008,5894728.0,6848797957.0,0.506,0.086,0.074,,0.506,,0.0,0.0,0.002,,
Sierra Leone,SLE,2009,6055655.0,7073732794.0,0.502,0.083,0.071,,0.502,,0.0,0.0,0.002,,
Sierra Leone,SLE,2010,6222715.0,7455363914.0,0.546,0.088,0.073,,0.546,,0.0,0.0,0.002,,
Sierra Leone,SLE,2011,6387258.0,7933356000.0,0.714,0.112,0.09,,0.714,,0.0,0.0,0.002,,
Sierra Leone,SLE,2012,6551078.0,9134190000.0,0.832,0.127,0.091,,0.832,,0.0,0.0,0.002,,
Sierra Leone,SLE,2013,6714057.0,11029545000.0,1.052,0.157,0.095,,1.052,,0.0,0.0,0.003,,
Sierra Leone,SLE,2014,6876385.0,11528208000.0,1.129,0.164,0.098,,1.129,,0.0,0.0,0.003,,
Sierra Leone,SLE,2015,7037660.0,9188877000.0,1.084,0.154,0.118,,1.084,,0.0,0.0,0.003,,
Sierra Leone,SLE,2016,7205339.0,9765347713.0,1.14,0.158,0.117,,1.14,,0.0,0.0,0.003,,
Sierra Leone,SLE,2017,7379300.0,10128155156.0,1.096,0.148,0.108,,1.096,,0.0,0.0,0.003,,
Sierra Leone,SLE,2018,7554568.0,10480967104.0,1.037,0.137,0.099,,1.037,,0.0,0.0,0.003,,
Sierra Leone,SLE,2019,7731994.0,11031662186.0,1.118,0.145,0.101,,1.118,,0.0,0.0,0.003,,
Sierra Leone,SLE,2020,7912557.0,10814455084.0,1.187,0.15,0.11,,1.187,,0.0,0.0,0.003,,
Sierra Leone,SLE,2021,8094603.0,11258356071.0,1.484,0.183,0.132,,1.484,,0.0,0.0,0.004,,
Sierra Leone,SLE,2022,8276809.0,11681270534.0,1.444,0.174,0.124,,1.444,,0.0,0.0,0.004,,
Sierra Leone,SLE,2023,8460523.0,,1.38,0.163,,,1.38,,0.0,0.0,0.004,,
Sierra Leone,SLE,2024,8642029.0,,1.434,0.166,,,1.434,,0.0,0.0,0.004,,
Singapore,SGP,1990,3039593.0,69065570813.0,43.536,14.323,0.63,0.077,43.459,,0.0,,0.192,61.751,20.315
Singapore,SGP,1991,3136294.0,74103369043.0,44.235,14.104,0.597,0.044,44.192,,0.0,,0.191,62.838,20.036
Singapore,SGP,1992,3226461.0,80052595653.0,47.441,14.704,0.593,0.066,46.46,0.916,0.0,,0.211,75.015,23.25
Singapore,SGP,1993,3317892.0,89698198294.0,49.662,14.968,0.554,0.073,46.863,2.726,0.0,,0.218,73.456,22.139
Singapore,SGP,1994,3417818.0,100708565980.0,60.086,17.58,0.597,0.088,56.748,3.25,0.0,0.0,0.262,78.313,22.913
Singapore,SGP,1995,3533624.0,109097198275.0,40.546,11.474,0.372,0.04,37.124,3.382,0.0,0.0,0.172,77.722,21.995
Singapore,SGP,1996,3664566.0,120135527253.0,48.013,13.102,0.4,0.0,44.997,3.016,0.0,0.0,0.198,79.712,21.752
Singapore,SGP,1997,3796629.0,132363368332.0,56.737,14.944,0.429,0.0,53.762,2.975,0.0,0.0,0.233,86.468,22.775
Singapore,SGP,1998,3901418.0,131914179626.0,47.412,12.153,0.359,0.0,44.155,3.257,0.0,0.0,0.195,64.384,16.503
Singapore,SGP,1999,3966562.0,139187634120.0,49.2,12.404,0.353,0.0,46.547,2.653,0.0,0.0,0.198,84.437,21.287
Singapore,SGP,2000,4035251.0,152153574500.0,37.369,9.261,0.246,0.0,34.661,2.708,0.0,0.0,0.146,157.952,39.143
Singapore,SGP,2001,4116169.0,152550774197.0,38.525,9.359,0.253,0.0,34.437,4.089,0.0,0.0,0.15,143.524,34.868
Singapore,SGP,2002,4146898.0,157982989858.0,40.208,9.696,0.255,0.0,33.573,6.636,0.0,0.0,0.153,152.247,36.714
Singapore,SGP,2003,4138241.0,160287778605.0,39.534,9.553,0.247,0.029,29.241,10.264,0.0,0.0,0.143,100.491,24.284
Singapore,SGP,2004,4172767.0,175483138246.0,41.0,9.826,0.234,0.04,28.861,12.099,0.0,0.0,0.143,118.472,28.392
Singapore,SGP,2005,4268363.0,190691514722.0,39.6,9.278,0.208,0.04,28.084,11.476,0.0,0.0,0.134,127.246,29.811
Singapore,SGP,2006,4407064.0,211578605777.0,40.6,9.212,0.192,0.033,28.194,12.373,0.0,0.0,0.133,133.703,30.338
Singapore,SGP,2007,4596516.0,237920174358.0,41.1,8.942,0.173,0.055,27.794,13.251,0.0,0.0,0.13,127.906,27.827
Singapore,SGP,2008,4806742.0,252508208683.0,40.2,8.363,0.159,0.033,26.603,13.564,0.0,0.0,0.125,175.118,36.432
Singapore,SGP,2009,4968574.0,256114472232.0,40.8,8.212,0.159,0.026,27.064,13.711,0.0,0.0,0.129,101.475,20.423
Singapore,SGP,2010,5077020.0,297586792174.0,44.4,8.745,0.149,0.051,29.49,14.859,0.0,0.0,0.133,105.456,20.771
Singapore,SGP,2011,5182242.0,319718127421.0,47.0,9.069,0.147,0.029,31.963,15.008,0.0,0.0,0.136,199.044,38.409
Singapore,SGP,2012,5293345.0,333899221028.0,46.1,8.709,0.138,0.095,29.73,16.274,0.0,0.0,0.132,205.419,38.807
Singapore,SGP,2013,5385589.0,349985256634.0,47.0,8.727,0.134,1.0,27.676,18.324,0.0,0.0,0.133,241.815,44.9
Singapore,SGP,2014,5457899.0,363759075569.0,47.6,8.721,0.131,1.473,26.912,19.215,0.0,0.0,0.134,189.474,34.716
Singapore,SGP,2015,5525343.0,374587437267.0,49.4,8.941,0.132,1.539,28.305,19.556,0.0,0.0,0.14,162.943,29.49
Singapore,SGP,2016,5577936.0,388078809982.0,49.1,8.803,0.127,1.616,27.438,20.046,0.0,0.0,0.139,161.749,28.998
Singapore,SGP,2017,5604087.0,405715948493.0,50.1,8.94,0.123,3.404,26.542,20.155,0.0,0.0,0.139,169.493,30.245
Singapore,SGP,2018,5634366.0,420221993120.0,50.3,8.927,0.12,1.81,27.907,20.583,0.0,0.0,0.137,176.682,31.358
Singapore,SGP,2019,5669562.0,425816263950.0,49.0,8.643,0.115,1.737,26.375,20.888,0.0,0.0,0.132,175.659,30.983
Singapore,SGP,2020,5620151.0,409204971045.0,46.7,8.309,0.114,1.641,23.943,21.116,0.0,0.0,0.133,155.603,27.687
Singapore,SGP,2021,5546291.0,445551993008.0,50.1,9.033,0.112,1.759,26.789,21.553,0.0,0.0,0.136,177.054,31.923
Singapore,SGP,2022,5649888.0,461801118473.0,48.934,8.661,0.106,1.572,26.282,21.08,0.0,0.0,0.13,195.578,34.616
Singapore,SGP,2023,5789092.0,,51.068,8.821,,1.275,29.888,19.905,0.0,0.0,0.134,186.926,32.289
Singapore,SGP,2024,5832387.0,,53.919,9.245,,1.143,31.822,20.955,0.0,0.0,0.14,,
Sint Maarten (Dutch part),SXM,1990,28079.0,,0.534,19.024,,0.0,0.534,0.0,0.0,0.0,0.002,,
Sint Maarten (Dutch part),SXM,1991,30063.0,,0.426,14.178,,0.0,0.426,0.0,0.0,0.0,0.002,,
Sint Maarten (Dutch part),SXM,1992,31589.0,,0.351,11.117,,0.0,0.351,0.0,0.0,0.0,0.002,,
Sint Maarten (Dutch part),SXM,1993,32050.0,,0.542,16.914,,0.0,0.542,0.0,0.0,0.0,0.002,,
Sint Maarten (Dutch part),SXM,1994,31941.0,,0.52,16.271,,0.0,0.52,0.0,0.0,0.0,0.002,,
Sint Maarten (Dutch part),SXM,1995,31796.0,,0.514,16.175,,0.0,0.514,0.0,0.0,0.0,0.002,,
Sint Maarten (Dutch part),SXM,1996,31622.0,,0.481,15.214,,0.0,0.481,0.0,0.0,0.0,0.002,,
Sint Maarten (Dutch part),SXM,1997,31421.0,,0.503,16.024,,0.0,0.503,0.0,0.0,0.0,0.002,,
Sint Maarten (Dutch part),SXM,1998,31215.0,,0.028,0.89,,0.0,0.028,0.0,0.0,0.0,0.0,,
Sint Maarten (Dutch part),SXM,1999,30998.0,,0.208,6.718,,0.0,0.208,0.0,0.0,0.0,0.001,,
Sint Maarten (Dutch part),SXM,2000,30796.0,,0.553,17.943,,0.0,0.553,0.0,0.0,0.0,0.002,,
Sint Maarten (Dutch part),SXM,2001,30751.0,,0.563,18.298,,0.0,0.563,0.0,0.0,0.0,0.002,,
Sint Maarten (Dutch part),SXM,2002,30986.0,,0.542,17.507,,0.0,0.542,0.0,0.0,0.0,0.002,,
Sint Maarten (Dutch part),SXM,2003,31346.0,,0.543,17.317,,0.0,0.543,0.0,0.0,0.0,0.002,,
Sint Maarten (Dutch part),SXM,2004,31714.0,,0.57,17.958,,0.0,0.57,0.0,0.0,0.0,0.002,,
Sint Maarten (Dutch part),SXM,2005,32083.0,,0.564,17.594,,0.0,0.564,0.0,0.0,0.0,0.002,,
Sint Maarten (Dutch part),SXM,2006,32448.0,,0.588,18.131,,0.0,0.588,0.0,0.0,0.0,0.002,,
Sint Maarten (Dutch part),SXM,2007,32811.0,,0.662,20.185,,0.0,0.662,0.0,0.0,0.0,0.002,,
Sint Maarten (Dutch part),SXM,2008,33165.0,,0.637,19.208,,0.0,0.637,0.0,0.0,0.0,0.002,,
Sint Maarten (Dutch part),SXM,2009,33514.0,,0.652,19.449,,0.0,0.652,0.0,0.0,0.0,0.002,,
Sint Maarten (Dutch part),SXM,2010,33814.0,,0.449,13.278,,0.0,0.449,0.0,0.0,0.0,0.001,,
Sint Maarten (Dutch part),SXM,2011,34288.0,,0.573,16.705,,0.0,0.573,0.0,0.0,0.0,0.002,,
Sint Maarten (Dutch part),SXM,2012,35040.0,,0.7,19.972,,,0.7,,0.0,0.0,0.002,,
Sint Maarten (Dutch part),SXM,2013,35871.0,,0.714,19.918,,,0.714,,0.0,0.0,0.002,,
Sint Maarten (Dutch part),SXM,2014,36695.0,,0.725,19.77,,,0.725,,0.0,0.0,0.002,,
Sint Maarten (Dutch part),SXM,2015,37490.0,,0.744,19.84,,,0.744,,0.0,0.0,0.002,,
Sint Maarten (Dutch part),SXM,2016,38274.0,,0.747,19.529,,,0.747,,0.0,0.0,0.002,,
Sint Maarten (Dutch part),SXM,2017,39012.0,,0.703,18.033,,,0.703,,0.0,0.0,0.002,,
Sint Maarten (Dutch part),SXM,2018,39736.0,,0.685,17.243,,,0.685,,0.0,0.0,0.002,,
Sint Maarten (Dutch part),SXM,2019,40410.0,,0.689,17.046,,,0.689,,0.0,0.0,0.002,,
Sint Maarten (Dutch part),SXM,2020,41027.0,,0.652,15.897,,,0.652,,0.0,0.0,0.002,,
Sint Maarten (Dutch part),SXM,2021,41593.0,,0.682,16.385,,,0.682,,0.0,0.0,0.002,,
Sint Maarten (Dutch part),SXM,2022,42163.0,,0.692,16.424,,,0.692,,0.0,0.0,0.002,,
Sint Maarten (Dutch part),SXM,2023,42775.0,,0.691,16.157,,,0.691,,0.0,0.0,0.002,,
Sint Maarten (Dutch part),SXM,2024,43372.0,,0.718,16.546,,,0.718,,0.0,0.0,0.002,,
Slovakia,SVK,1990,5266077.0,65119612994.0,61.529,11.684,0.945,33.59,12.778,12.317,1.464,0.077,0.271,70.981,13.479
Slovakia,SVK,1991,5284876.0,55297380289.0,53.334,10.092,0.964,28.848,10.413,12.032,1.038,0.069,0.23,56.487,10.688
Slovakia,SVK,1992,5306445.0,51864851101.0,48.931,9.221,0.943,25.832,8.85,12.131,1.307,0.066,0.217,54.004,10.177
Slovakia,SVK,1993,5326363.0,55439229551.0,46.394,8.71,0.837,24.649,8.14,11.678,1.029,0.064,0.204,50.008,9.389
Slovakia,SVK,1994,5343230.0,58762730616.0,43.804,8.198,0.745,22.188,8.311,11.278,1.115,0.069,0.191,43.978,8.231
Slovakia,SVK,1995,5354287.0,63261333115.0,44.194,8.254,0.699,21.334,8.156,12.516,1.155,0.073,0.188,45.826,8.559
Slovakia,SVK,1996,5362430.0,67378056744.0,44.076,8.219,0.654,20.727,8.089,13.136,1.1,0.074,0.182,44.374,8.275
Slovakia,SVK,1997,5369781.0,71311497148.0,44.147,8.221,0.619,20.47,8.072,13.399,1.215,0.073,0.181,43.276,8.059
Slovakia,SVK,1998,5374801.0,74015465370.0,43.878,8.164,0.593,19.133,8.012,13.792,1.822,0.074,0.181,45.716,8.506
Slovakia,SVK,1999,5378105.0,73695869861.0,43.088,8.012,0.585,18.345,7.753,14.002,1.827,0.074,0.173,44.147,8.209
Slovakia,SVK,2000,5380001.0,74595099937.0,41.187,7.656,0.552,17.69,7.346,13.809,1.19,0.07,0.161,42.104,7.826
Slovakia,SVK,2001,5379439.0,76744257548.0,43.273,8.044,0.564,18.319,7.964,14.544,1.209,0.07,0.168,44.161,8.209
Slovakia,SVK,2002,5377685.0,80059373942.0,42.034,7.816,0.525,17.89,7.94,13.724,1.165,0.071,0.16,42.541,7.911
Slovakia,SVK,2003,5376197.0,84281952821.0,42.359,7.879,0.503,18.818,8.016,13.375,0.922,0.075,0.153,41.547,7.728
Slovakia,SVK,2004,5376038.0,88594621302.0,42.857,7.972,0.484,18.865,8.238,13.16,1.217,0.08,0.15,42.577,7.92
Slovakia,SVK,2005,5376697.0,94444699022.0,42.857,7.971,0.454,17.631,9.202,13.389,1.256,0.075,0.145,40.191,7.475
Slovakia,SVK,2006,5376847.0,102275719553.0,42.639,7.93,0.417,18.644,8.811,12.475,1.389,0.085,0.139,43.205,8.035
Slovakia,SVK,2007,5376993.0,113160253049.0,41.032,7.631,0.363,17.428,9.165,11.648,1.485,0.075,0.13,47.846,8.898
Slovakia,SVK,2008,5379127.0,119380219073.0,41.425,7.701,0.347,16.928,9.497,12.035,1.604,0.075,0.129,51.005,9.482
Slovakia,SVK,2009,5385074.0,112760232233.0,37.681,6.997,0.334,15.909,8.886,10.646,1.213,0.074,0.12,44.314,8.229
Slovakia,SVK,2010,5391857.0,118344324253.0,38.464,7.134,0.325,15.945,9.229,11.259,0.86,0.072,0.115,48.012,8.905
Slovakia,SVK,2011,5398105.0,120554965758.0,38.045,7.048,0.316,16.191,8.75,10.649,1.262,0.072,0.11,48.149,8.92
Slovakia,SVK,2012,5404877.0,122144694992.0,35.961,6.654,0.294,14.461,9.003,10.299,1.096,0.064,0.103,41.474,7.673
Slovakia,SVK,2013,5410422.0,122917618179.0,35.622,6.584,0.29,14.153,8.868,10.482,1.135,0.068,0.101,39.968,7.387
Slovakia,SVK,2014,5415238.0,126232947119.0,33.708,6.225,0.267,13.966,8.748,8.721,1.267,0.074,0.095,37.637,6.95
Slovakia,SVK,2015,5420278.0,132755573802.0,34.528,6.37,0.26,13.797,9.528,8.957,1.309,0.072,0.098,38.277,7.062
Slovakia,SVK,2016,5427262.0,135336424966.0,34.978,6.445,0.258,13.701,9.897,9.105,1.341,0.082,0.099,40.647,7.489
Slovakia,SVK,2017,5435702.0,139312659832.0,36.184,6.657,0.26,14.158,10.011,9.642,1.367,0.09,0.101,39.53,7.272
Slovakia,SVK,2018,5443229.0,144927513498.0,36.184,6.648,0.25,14.095,10.124,9.581,1.347,0.095,0.099,40.754,7.487
Slovakia,SVK,2019,5450627.0,148579167627.0,33.853,6.211,0.228,11.674,10.222,9.578,1.404,0.084,0.091,38.807,7.12
Slovakia,SVK,2020,5455028.0,143565091421.0,31.176,5.715,0.217,9.854,9.518,9.492,1.443,0.08,0.089,35.936,6.588
Slovakia,SVK,2021,5442766.0,147892579134.0,35.251,6.477,0.238,12.076,10.145,10.609,1.453,0.077,0.096,39.887,7.328
Slovakia,SVK,2022,5473195.0,150360426456.0,31.589,5.772,0.21,9.926,10.349,8.886,1.49,0.088,0.084,37.691,6.887
Slovakia,SVK,2023,5518057.0,,30.766,5.576,,10.152,10.119,8.403,1.294,0.082,0.081,35.035,6.349
Slovakia,SVK,2024,5506759.0,,29.091,5.283,,8.203,10.099,8.696,1.294,0.082,0.075,,
Slovenia,SVN,1990,1998010.0,36026961823.0,15.097,7.556,0.419,7.128,5.386,1.74,0.47,0.101,0.066,21.5,10.761
Slovenia,SVN,1991,1999191.0,32795388629.0,13.977,6.991,0.426,6.36,5.123,1.768,0.417,0.093,0.06,20.082,10.045
Slovenia,SVN,1992,1995862.0,30913203776.0,13.886,6.957,0.449,6.818,4.91,1.478,0.385,0.12,0.062,22.278,11.162
Slovenia,SVN,1993,1990815.0,31743130038.0,14.254,7.16,0.449,6.298,5.908,1.477,0.289,0.108,0.063,20.928,10.512
Slovenia,SVN,1994,1988262.0,33346742100.0,14.639,7.363,0.439,5.965,6.475,1.519,0.383,0.104,0.064,19.942,10.03
Slovenia,SVN,1995,1988098.0,35684022325.0,15.357,7.724,0.43,6.07,7.06,1.532,0.406,0.118,0.065,20.923,10.524
Slovenia,SVN,1996,1986792.0,36825997171.0,16.003,8.054,0.435,5.591,8.071,1.634,0.436,0.115,0.066,21.125,10.633
Slovenia,SVN,1997,1984404.0,38526556210.0,16.513,8.321,0.429,6.022,8.203,1.567,0.441,0.123,0.068,21.663,10.917
Slovenia,SVN,1998,1980071.0,39631442356.0,16.045,8.103,0.405,6.181,7.505,1.627,0.46,0.116,0.066,22.005,11.113
Slovenia,SVN,1999,1981198.0,41542298475.0,15.419,7.782,0.371,5.563,7.45,1.669,0.465,0.117,0.062,19.004,9.592
Slovenia,SVN,2000,1986817.0,43078787444.0,15.06,7.58,0.35,5.819,6.795,1.705,0.491,0.118,0.059,19.399,9.764
Slovenia,SVN,2001,1989684.0,44148368411.0,16.309,8.197,0.369,6.488,7.289,1.75,0.505,0.135,0.063,20.389,10.247
Slovenia,SVN,2002,1991571.0,45659924240.0,16.571,8.321,0.363,6.897,7.239,1.714,0.443,0.144,0.063,19.637,9.86
Slovenia,SVN,2003,1992499.0,46758348275.0,16.278,8.17,0.348,6.484,7.161,1.884,0.451,0.158,0.059,19.8,9.937
Slovenia,SVN,2004,1993548.0,48578174459.0,16.711,8.382,0.344,6.686,7.357,1.898,0.473,0.161,0.058,20.47,10.268
Slovenia,SVN,2005,1996915.0,50309132737.0,16.942,8.484,0.337,6.649,7.543,1.928,0.487,0.166,0.057,20.69,10.361
Slovenia,SVN,2006,2003116.0,52944721543.0,17.184,8.579,0.325,6.697,7.71,1.902,0.512,0.18,0.056,21.101,10.534
Slovenia,SVN,2007,2014159.0,56590130937.0,17.349,8.614,0.307,6.941,7.608,1.886,0.543,0.187,0.055,23.102,11.47
Slovenia,SVN,2008,2025090.0,57981920900.0,18.285,9.029,0.315,6.68,8.785,1.878,0.593,0.172,0.057,23.692,11.699
Slovenia,SVN,2009,2035610.0,53266134006.0,16.209,7.963,0.304,6.141,7.57,1.785,0.422,0.173,0.051,19.112,9.389
Slovenia,SVN,2010,2044611.0,53649775101.0,16.466,8.053,0.307,6.284,7.622,1.882,0.358,0.174,0.049,19.809,9.688
Slovenia,SVN,2011,2048805.0,53761447942.0,16.364,7.987,0.304,6.327,7.654,1.751,0.306,0.187,0.047,20.899,10.201
Slovenia,SVN,2012,2053322.0,52342432631.0,15.765,7.678,0.301,5.992,7.459,1.684,0.316,0.19,0.045,18.946,9.227
Slovenia,SVN,2013,2056452.0,51803647300.0,15.137,7.361,0.292,5.741,7.085,1.646,0.391,0.155,0.043,17.838,8.674
Slovenia,SVN,2014,2058395.0,53237651266.0,13.568,6.592,0.255,4.505,6.924,1.491,0.418,0.111,0.038,17.216,8.364
Slovenia,SVN,2015,2059946.0,54414237086.0,13.659,6.631,0.251,4.615,6.844,1.587,0.367,0.117,0.039,17.638,8.563
Slovenia,SVN,2016,2061379.0,56151179265.0,14.468,7.019,0.258,4.964,7.216,1.689,0.344,0.13,0.041,18.059,8.761
Slovenia,SVN,2017,2062410.0,58855036945.0,14.637,7.097,0.249,4.907,7.284,1.769,0.41,0.139,0.041,19.423,9.418
Slovenia,SVN,2018,2069484.0,61476689663.0,14.563,7.037,0.237,4.792,7.331,1.732,0.45,0.131,0.04,20.555,9.932
Slovenia,SVN,2019,2083438.0,63598215879.0,14.053,6.745,0.221,4.53,7.034,1.761,0.478,0.125,0.038,20.036,9.617
Slovenia,SVN,2020,2102421.0,60849951865.0,12.873,6.123,0.212,4.391,5.996,1.763,0.475,0.125,0.037,18.427,8.765
Slovenia,SVN,2021,2113495.0,65846342756.0,13.076,6.187,0.199,3.99,6.515,1.857,0.469,0.113,0.035,20.182,9.549
Slovenia,SVN,2022,2115231.0,69385349463.0,12.728,6.017,0.183,3.242,7.117,1.67,0.49,0.087,0.034,20.619,9.748
Slovenia,SVN,2023,2118394.0,,12.012,5.67,,3.101,6.619,1.617,0.455,0.099,0.032,19.735,9.316
Slovenia,SVN,2024,2118692.0,,12.751,6.018,,3.755,6.57,1.751,0.455,0.099,0.033,,
Solomon Islands,SLB,1990,331448.0,,0.147,0.442,,,0.147,,0.0,,0.001,,
Solomon Islands,SLB,1991,341743.0,,0.154,0.45,,,0.154,,0.0,,0.001,,
Solomon Islands,SLB,1992,352215.0,,0.161,0.458,,,0.161,,0.0,,0.001,,
Solomon Islands,SLB,1993,362850.0,,0.172,0.475,,,0.172,,0.0,,0.001,,
Solomon Islands,SLB,1994,373685.0,,0.183,0.49,,,0.183,,0.0,0.0,0.001,,
Solomon Islands,SLB,1995,384744.0,,0.191,0.495,,,0.191,,0.0,0.0,0.001,,
Solomon Islands,SLB,1996,396017.0,,0.198,0.5,,,0.198,,0.0,0.0,0.001,,
Solomon Islands,SLB,1997,407480.0,,0.205,0.504,,,0.205,,0.0,0.0,0.001,,
Solomon Islands,SLB,1998,419078.0,,0.213,0.507,,,0.213,,0.0,0.0,0.001,,
Solomon Islands,SLB,1999,430511.0,,0.22,0.511,,,0.22,,0.0,0.0,0.001,,
Solomon Islands,SLB,2000,440481.0,,0.227,0.516,,,0.227,,0.0,0.0,0.001,,
Solomon Islands,SLB,2001,449137.0,,0.238,0.53,,,0.238,,0.0,0.0,0.001,,
Solomon Islands,SLB,2002,457676.0,,0.245,0.536,,,0.245,,0.0,0.0,0.001,,
Solomon Islands,SLB,2003,466164.0,,0.256,0.55,,,0.256,,0.0,0.0,0.001,,
Solomon Islands,SLB,2004,474618.0,,0.275,0.579,,,0.275,,0.0,0.0,0.001,,
Solomon Islands,SLB,2005,483090.0,,0.282,0.584,,,0.282,,0.0,0.0,0.001,,
Solomon Islands,SLB,2006,491602.0,,0.293,0.596,,,0.293,,0.0,0.0,0.001,,
Solomon Islands,SLB,2007,500168.0,,0.3,0.601,,,0.3,,0.0,0.0,0.001,,
Solomon Islands,SLB,2008,508802.0,,0.311,0.612,,,0.311,,0.0,0.0,0.001,,
Solomon Islands,SLB,2009,518150.0,,0.322,0.622,,,0.322,,0.0,0.0,0.001,,
Solomon Islands,SLB,2010,532976.0,,0.333,0.626,,,0.333,,0.0,0.0,0.001,,
Solomon Islands,SLB,2011,552958.0,,0.348,0.629,,,0.348,,0.0,0.0,0.001,,
Solomon Islands,SLB,2012,573623.0,,0.344,0.6,,,0.344,,0.0,0.0,0.001,,
Solomon Islands,SLB,2013,594952.0,,0.377,0.634,,,0.377,,0.0,0.0,0.001,,
Solomon Islands,SLB,2014,616915.0,,0.33,0.535,,,0.33,,0.0,0.0,0.001,,
Solomon Islands,SLB,2015,639423.0,,0.297,0.464,,,0.297,,0.0,0.0,0.001,,
Solomon Islands,SLB,2016,662387.0,,0.293,0.443,,,0.293,,0.0,0.0,0.001,,
Solomon Islands,SLB,2017,685677.0,,0.289,0.422,,,0.289,,0.0,0.0,0.001,,
Solomon Islands,SLB,2018,709109.0,,0.293,0.413,,,0.293,,0.0,0.0,0.001,,
Solomon Islands,SLB,2019,728156.0,,0.297,0.408,,,0.297,,0.0,0.0,0.001,,
Solomon Islands,SLB,2020,744505.0,,0.293,0.394,,,0.293,,0.0,0.0,0.001,,
Solomon Islands,SLB,2021,762594.0,,0.289,0.38,,,0.289,,0.0,0.0,0.001,,
Solomon Islands,SLB,2022,781075.0,,0.283,0.362,,,0.283,,0.0,0.0,0.001,,
Solomon Islands,SLB,2023,800014.0,,0.282,0.352,,,0.282,,0.0,0.0,0.001,,
Solomon Islands,SLB,2024,819206.0,,0.295,0.36,,,0.295,,0.0,0.0,0.001,,
Somalia,SOM,1990,7082816.0,,0.782,0.11,,,0.766,,0.016,,0.003,,
Somalia,SOM,1991,6813762.0,,0.708,0.104,,,0.703,,0.004,,0.003,,
Somalia,SOM,1992,6495109.0,,0.666,0.103,,,0.656,,0.01,,0.003,,
Somalia,SOM,1993,6681406.0,,0.626,0.094,,,0.616,,0.01,,0.003,,
Somalia,SOM,1994,7026804.0,,0.618,0.088,,,0.608,,0.01,0.0,0.003,,
Somalia,SOM,1995,7285013.0,,0.585,0.08,,,0.575,,0.01,0.0,0.002,,
Somalia,SOM,1996,7554476.0,,0.575,0.076,,,0.575,,0.0,0.0,0.002,,
Somalia,SOM,1997,7824531.0,,0.535,0.068,,,0.535,,0.0,0.0,0.002,,
Somalia,SOM,1998,8155414.0,,0.506,0.062,,,0.506,,0.0,0.0,0.002,,
Somalia,SOM,1999,8492066.0,,0.487,0.057,,,0.487,,0.0,0.0,0.002,,
Somalia,SOM,2000,8838714.0,,0.509,0.058,,,0.509,,0.0,0.0,0.002,,
Somalia,SOM,2001,9198495.0,,0.542,0.059,,,0.542,,0.0,0.0,0.002,,
Somalia,SOM,2002,9550069.0,,0.575,0.06,,,0.575,,0.0,0.0,0.002,,
Somalia,SOM,2003,9909161.0,,0.605,0.061,,,0.605,,0.0,0.0,0.002,,
Somalia,SOM,2004,10281001.0,,0.627,0.061,,,0.627,,0.0,0.0,0.002,,
Somalia,SOM,2005,10644234.0,,0.649,0.061,,,0.649,,0.0,0.0,0.002,,
Somalia,SOM,2006,10975502.0,,0.671,0.061,,,0.671,,0.0,0.0,0.002,,
Somalia,SOM,2007,11322581.0,,0.692,0.061,,,0.692,,0.0,0.0,0.002,,
Somalia,SOM,2008,11663090.0,,0.722,0.062,,,0.722,,0.0,0.0,0.002,,
Somalia,SOM,2009,11961205.0,,0.744,0.062,,,0.744,,0.0,0.0,0.002,,
Somalia,SOM,2010,12261761.0,,0.777,0.063,,,0.777,,0.0,0.0,0.002,,
Somalia,SOM,2011,12348829.0,,0.81,0.066,,,0.81,,0.0,0.0,0.002,,
Somalia,SOM,2012,12461163.0,,0.832,0.067,,,0.832,,0.0,0.0,0.002,,
Somalia,SOM,2013,12869599.0,,0.857,0.067,,,0.857,,0.0,0.0,0.002,,
Somalia,SOM,2014,13339497.0,,0.887,0.066,,,0.887,,0.0,0.0,0.003,,
Somalia,SOM,2015,13806969.0,,0.923,0.067,,,0.923,,0.0,0.0,0.003,,
Somalia,SOM,2016,14348741.0,,0.956,0.067,,,0.956,,0.0,0.0,0.003,,
Somalia,SOM,2017,14916630.0,,0.993,0.067,,,0.993,,0.0,0.0,0.003,,
Somalia,SOM,2018,15452489.0,,1.033,0.067,,,1.033,,0.0,0.0,0.003,,
Somalia,SOM,2019,16030969.0,,1.07,0.067,,,1.07,,0.0,0.0,0.003,,
Somalia,SOM,2020,16651200.0,,1.14,0.068,,,1.14,,0.0,0.0,0.003,,
Somalia,SOM,2021,17271435.0,,1.154,0.067,,,1.154,,0.0,0.0,0.003,,
Somalia,SOM,2022,17801895.0,,1.271,0.071,,,1.271,,0.0,0.0,0.003,,
Somalia,SOM,2023,18358622.0,,1.296,0.071,,,1.296,,0.0,0.0,0.003,,
Somalia,SOM,2024,19009155.0,,1.319,0.069,,,1.319,,0.0,0.0,0.003,,
South Africa,ZAF,1990,40746274.0,235128506976.0,312.934,7.68,1.331,265.101,40.615,3.444,3.773,,1.377,312.934,7.68
South Africa,ZAF,1991,41687903.0,237880804016.0,326.03,7.821,1.371,277.717,41.238,3.492,3.584,,1.405,326.03,7.821
South Africa,ZAF,1992,42443510.0,238567245851.0,301.329,7.1,1.263,259.671,34.753,3.517,3.387,,1.338,301.329,7.1
South Africa,ZAF,1993,43297155.0,247203444018.0,320.353,7.399,1.296,289.731,23.156,3.924,3.541,,1.408,320.353,7.399
South Africa,ZAF,1994,44004140.0,261851802567.0,338.701,7.697,1.293,299.206,31.646,3.924,3.801,0.124,1.474,338.701,7.697
South Africa,ZAF,1995,44541557.0,277583803133.0,361.712,8.121,1.303,319.548,33.767,3.924,4.357,0.115,1.538,361.712,8.121
South Africa,ZAF,1996,45123023.0,296908021392.0,363.732,8.061,1.225,324.11,31.65,3.532,4.318,0.123,1.501,363.732,8.061
South Africa,ZAF,1997,45666835.0,311987478453.0,385.215,8.435,1.235,333.288,44.243,3.155,4.324,0.206,1.58,385.215,8.435
South Africa,ZAF,1998,46223888.0,320149741740.0,377.273,8.162,1.178,325.832,44.587,2.656,3.952,0.246,1.553,377.273,8.162
South Africa,ZAF,1999,46730331.0,334638442219.0,374.869,8.022,1.12,336.725,30.69,3.473,3.777,0.204,1.509,374.869,8.022
South Africa,ZAF,2000,47159715.0,356072104365.0,378.333,8.022,1.063,337.909,33.302,3.199,3.672,0.251,1.483,286.893,6.083
South Africa,ZAF,2001,47566805.0,374889022813.0,371.602,7.812,0.991,337.671,25.886,4.155,3.636,0.254,1.446,274.24,5.765
South Africa,ZAF,2002,48019414.0,396137571619.0,356.501,7.424,0.9,325.506,22.449,4.122,4.205,0.218,1.357,255.065,5.312
South Africa,ZAF,2003,48500351.0,413710071358.0,404.406,8.338,0.978,357.442,39.743,2.47,4.458,0.293,1.462,275.13,5.673
South Africa,ZAF,2004,48991420.0,439265862379.0,449.322,9.171,1.023,384.101,54.238,6.364,4.335,0.283,1.571,319.145,6.514
South Africa,ZAF,2005,49490041.0,470188845104.0,416.205,8.41,0.885,376.721,27.832,6.313,5.068,0.271,1.406,295.963,5.98
South Africa,ZAF,2006,49998271.0,505574497707.0,446.744,8.935,0.884,381.99,53.08,6.126,5.333,0.215,1.46,334.326,6.687
South Africa,ZAF,2007,50528575.0,542976204451.0,465.034,9.203,0.856,392.159,59.334,7.892,5.491,0.158,1.476,341.294,6.754
South Africa,ZAF,2008,51114595.0,571660802378.0,494.673,9.678,0.865,418.275,62.764,8.119,5.343,0.171,1.543,340.698,6.665
South Africa,ZAF,2009,51728518.0,574768021657.0,474.512,9.173,0.826,390.664,71.07,7.038,5.571,0.169,1.506,353.559,6.835
South Africa,ZAF,2010,52344047.0,607601612432.0,467.353,8.928,0.769,406.924,46.324,8.867,5.045,0.193,1.403,349.931,6.685
South Africa,ZAF,2011,52995212.0,645388107070.0,474.273,8.949,0.735,400.454,60.247,8.801,4.638,0.133,1.376,353.285,6.666
South Africa,ZAF,2012,53782570.0,660853021773.0,461.438,8.58,0.698,398.009,49.468,9.255,4.633,0.073,1.32,350.409,6.515
South Africa,ZAF,2013,54678789.0,677278303675.0,456.188,8.343,0.674,392.345,49.515,9.384,4.893,0.051,1.293,356.985,6.529
South Africa,ZAF,2014,55594840.0,686853872664.0,481.638,8.663,0.701,413.196,54.539,8.94,4.911,0.052,1.358,361.875,6.509
South Africa,ZAF,2015,56723536.0,695933197143.0,457.473,8.065,0.657,387.494,54.688,9.827,5.419,0.045,1.292,350.292,6.175
South Africa,ZAF,2016,57259550.0,700558003750.0,457.05,7.982,0.652,384.489,59.012,7.815,5.691,0.042,1.291,354.367,6.189
South Africa,ZAF,2017,57635158.0,708670169977.0,440.01,7.634,0.621,369.903,57.257,7.339,5.481,0.03,1.223,347.442,6.028
South Africa,ZAF,2018,58613001.0,719458334697.0,453.766,7.742,0.631,384.222,54.275,9.746,5.466,0.057,1.235,355.369,6.063
South Africa,ZAF,2019,59587880.0,721641639539.0,470.727,7.9,0.652,405.224,50.167,9.842,5.453,0.042,1.269,367.481,6.167
South Africa,ZAF,2020,60562374.0,675871755463.0,435.298,7.188,0.644,374.003,46.606,9.563,5.071,0.055,1.238,335.338,5.537
South Africa,ZAF,2021,61502602.0,709077881289.0,439.464,7.145,0.62,366.528,59.91,7.104,5.869,0.052,1.192,328.04,5.334
South Africa,ZAF,2022,62378417.0,723559323969.0,428.782,6.874,0.593,357.02,59.159,6.931,5.634,0.038,1.143,318.323,5.103
South Africa,ZAF,2023,63212386.0,,436.604,6.907,,363.604,59.618,7.703,5.634,0.044,1.146,325.381,5.147
South Africa,ZAF,2024,64007187.0,,439.831,6.872,,371.358,55.087,7.746,5.634,0.005,1.139,,
South Korea,KOR,1990,44081425.0,594764506000.0,250.511,5.683,0.421,94.308,130.947,6.433,15.873,,1.102,330.985,7.508
South Korea,KOR,1991,44439146.0,651871510125.0,275.688,6.204,0.423,94.094,151.671,7.441,18.962,,1.188,353.921,7.964
South Korea,KOR,1992,44653699.0,687368661445.0,299.905,6.716,0.436,91.32,173.971,9.733,21.129,,1.332,420.232,9.411
South Korea,KOR,1993,44887721.0,729369247675.0,330.174,7.356,0.453,99.62,189.427,12.159,24.7,,1.451,421.051,9.38
South Korea,KOR,1994,45130842.0,791073852664.0,355.695,7.881,0.45,101.801,206.573,16.186,26.84,0.0,1.548,440.175,9.753
South Korea,KOR,1995,45368425.0,860793752056.0,383.665,8.457,0.446,105.3,226.079,19.574,28.105,0.0,1.631,466.352,10.279
South Korea,KOR,1996,45638701.0,919812618896.0,420.996,9.225,0.458,122.689,239.471,25.859,28.309,0.0,1.737,503.152,11.025
South Korea,KOR,1997,45941541.0,967604910890.0,444.968,9.686,0.46,133.313,246.07,31.427,29.32,0.0,1.825,499.59,10.874
South Korea,KOR,1998,46230885.0,908368091121.0,378.038,8.177,0.416,137.598,183.586,29.399,22.879,0.0,1.556,367.469,7.949
South Korea,KOR,1999,46500382.0,1004162502333.0,410.519,8.828,0.409,145.635,200.628,35.797,23.719,0.0,1.653,436.005,9.376
South Korea,KOR,2000,46766660.0,1086261690312.0,439.981,9.408,0.405,163.883,206.229,40.204,24.756,0.0,1.725,502.22,10.739
South Korea,KOR,2001,47043467.0,1127616204375.0,455.631,9.685,0.404,174.626,206.083,44.163,25.665,0.0,1.773,503.917,10.712
South Korea,KOR,2002,47299118.0,1203066586464.0,476.065,10.065,0.396,187.637,207.116,49.069,27.107,0.0,1.813,540.71,11.432
South Korea,KOR,2003,47514158.0,1229830453921.0,485.213,10.212,0.395,195.319,205.372,51.401,27.92,0.0,1.755,549.243,11.56
South Korea,KOR,2004,47697076.0,1281243847324.0,491.389,10.302,0.384,203.138,196.256,60.234,26.124,0.0,1.718,563.015,11.804
South Korea,KOR,2005,47851646.0,1322354601142.0,498.688,10.422,0.377,209.293,195.069,65.27,23.326,0.0,1.685,594.376,12.421
South Korea,KOR,2006,48006518.0,1381281470156.0,503.478,10.488,0.365,216.428,190.054,67.995,23.14,0.0,1.646,612.365,12.756
South Korea,KOR,2007,48178122.0,1446721509093.0,521.709,10.829,0.361,228.427,187.258,73.37,26.275,0.0,1.656,642.07,13.327
South Korea,KOR,2008,48356485.0,1477425172333.0,532.651,11.015,0.361,253.041,171.088,75.924,26.08,0.0,1.662,644.422,13.326
South Korea,KOR,2009,48546690.0,1477640571750.0,537.82,11.078,0.364,262.395,172.708,72.171,24.553,0.0,1.707,573.885,11.821
South Korea,KOR,2010,48769329.0,1562822824921.0,594.339,12.187,0.38,295.05,176.156,91.541,24.297,0.0,1.784,654.579,13.422
South Korea,KOR,2011,49127640.0,1609219825000.0,623.443,12.69,0.387,320.169,171.469,98.513,24.721,0.0,1.808,683.119,13.905
South Korea,KOR,2012,49599580.0,1647889319531.0,627.943,12.66,0.381,316.99,170.817,106.566,24.849,0.0,1.796,665.029,13.408
South Korea,KOR,2013,50071168.0,1700045113031.0,634.581,12.674,0.373,320.644,168.582,111.531,25.05,0.0,1.799,669.755,13.376
South Korea,KOR,2014,50539055.0,1754480590300.0,629.366,12.453,0.359,331.304,161.534,101.445,25.412,0.0,1.775,694.705,13.746
South Korea,KOR,2015,50983909.0,1803763858886.0,634.177,12.439,0.352,335.411,170.594,92.589,25.779,0.0,1.791,676.277,13.265
South Korea,KOR,2016,51297836.0,1856920794289.0,637.914,12.435,0.344,320.697,184.034,96.655,26.672,0.0,1.802,669.418,13.05
South Korea,KOR,2017,51486268.0,1915599559593.0,654.537,12.713,0.342,337.669,179.413,100.861,26.351,0.0,1.819,701.816,13.631
South Korea,KOR,2018,51640894.0,1971285914824.0,670.169,12.977,0.34,340.348,177.633,117.173,24.702,0.0,1.824,749.231,14.508
South Korea,KOR,2019,51767844.0,2015521635585.0,646.102,12.481,0.321,321.606,175.797,113.586,24.93,0.0,1.742,735.546,14.209
South Korea,KOR,2020,51858481.0,2001231642062.0,597.634,11.524,0.299,282.883,165.068,116.635,22.866,0.0,1.7,682.038,13.152
South Korea,KOR,2021,51848401.0,2084182684453.0,616.075,11.882,0.296,283.908,171.484,126.79,23.704,0.006,1.671,717.592,13.84
South Korea,KOR,2022,51782515.0,2137558645699.0,606.877,11.72,0.284,272.884,173.664,126.732,23.409,0.006,1.617,722.67,13.956
South Korea,KOR,2023,51748744.0,,589.178,11.385,,263.886,170.359,122.051,22.694,0.006,1.547,708.865,13.698
South Korea,KOR,2024,51717587.0,,583.679,11.286,,247.465,176.143,129.312,20.571,0.006,1.512,,
South Sudan,SSD,1990,4737637.0,,0.419,0.089,,0.0,0.419,0.0,0.0,0.0,0.002,,
South Sudan,SSD,1991,4836686.0,,0.393,0.081,,0.0,0.393,0.0,0.0,0.0,0.002,,
South Sudan,SSD,1992,4909746.0,,0.351,0.072,,0.0,0.351,0.0,0.0,0.0,0.002,,
South Sudan,SSD,1993,4956006.0,,0.242,0.049,,0.0,0.242,0.0,0.0,0.0,0.001,,
South Sudan,SSD,1994,5071191.0,,0.333,0.066,,0.0,0.333,0.0,0.0,0.0,0.001,,
South Sudan,SSD,1995,5225840.0,,0.344,0.066,,0.0,0.344,0.0,0.0,0.0,0.001,,
South Sudan,SSD,1996,5356925.0,,0.355,0.066,,0.0,0.355,0.0,0.0,0.0,0.001,,
South Sudan,SSD,1997,5509142.0,,0.435,0.079,,0.0,0.435,0.0,0.0,0.0,0.002,,
South Sudan,SSD,1998,5620077.0,,0.377,0.067,,0.0,0.377,0.0,0.0,0.0,0.002,,
South Sudan,SSD,1999,5771632.0,,0.409,0.071,,0.0,0.409,0.0,0.0,0.0,0.002,,
South Sudan,SSD,2000,6032274.0,,0.445,0.074,,0.0,0.445,0.0,0.0,0.0,0.002,,
South Sudan,SSD,2001,6308399.0,,0.511,0.081,,0.0,0.511,0.0,0.0,0.0,0.002,,
South Sudan,SSD,2002,6596810.0,,0.652,0.099,,0.0,0.652,0.0,0.0,0.0,0.002,,
South Sudan,SSD,2003,6903129.0,,0.728,0.106,,0.0,0.728,0.0,0.0,0.0,0.003,,
South Sudan,SSD,2004,7233040.0,,0.92,0.127,,0.0,0.92,0.0,0.0,0.0,0.003,,
South Sudan,SSD,2005,7590147.0,,0.882,0.116,,0.0,0.882,0.0,0.0,0.0,0.003,,
South Sudan,SSD,2006,7976532.0,,0.965,0.121,,0.0,0.965,0.0,0.0,0.0,0.003,,
South Sudan,SSD,2007,8388785.0,,1.134,0.135,,0.0,1.134,0.0,0.0,0.0,0.004,,
South Sudan,SSD,2008,8817645.0,,1.198,0.136,,0.0,1.198,0.0,0.0,0.0,0.004,,
South Sudan,SSD,2009,9243560.0,,1.248,0.135,,0.0,1.248,0.0,0.0,0.0,0.004,,
South Sudan,SSD,2010,9745955.0,,1.27,0.13,,0.0,1.27,0.0,0.0,0.0,0.004,,
South Sudan,SSD,2011,10288112.0,,1.239,0.12,,0.0,1.239,0.0,0.0,0.0,0.004,,
South Sudan,SSD,2012,10756245.0,,1.33,0.124,,,1.33,,0.0,0.0,0.004,,
South Sudan,SSD,2013,11166280.0,,1.444,0.129,,,1.444,,0.0,0.0,0.004,,
South Sudan,SSD,2014,11235071.0,,1.499,0.133,,,1.499,,0.0,0.0,0.004,,
South Sudan,SSD,2015,11107569.0,,1.913,0.172,,,1.913,,0.0,0.0,0.005,,
South Sudan,SSD,2016,10830108.0,,1.704,0.157,,,1.704,,0.0,0.0,0.005,,
South Sudan,SSD,2017,10259150.0,,1.455,0.142,,,1.455,,0.0,0.0,0.004,,
South Sudan,SSD,2018,10122983.0,,1.737,0.172,,,1.737,,0.0,0.0,0.005,,
South Sudan,SSD,2019,10423382.0,,1.77,0.17,,,1.77,,0.0,0.0,0.005,,
South Sudan,SSD,2020,10698471.0,,1.707,0.16,,,1.707,,0.0,0.0,0.005,,
South Sudan,SSD,2021,10865786.0,,1.74,0.16,,,1.74,,0.0,0.0,0.005,,
South Sudan,SSD,2022,11021175.0,,1.634,0.148,,,1.634,,0.0,0.0,0.004,,
South Sudan,SSD,2023,11483370.0,,1.666,0.145,,,1.666,,0.0,0.0,0.004,,
South Sudan,SSD,2024,11943410.0,,1.696,0.142,,,1.696,,0.0,0.0,0.004,,
Spain,ESP,1990,39084975.0,756125036542.0,229.383,5.869,0.303,79.032,121.129,12.061,12.279,1.756,1.009,270.928,6.932
Spain,ESP,1991,39201750.0,786757895205.0,239.291,6.104,0.304,81.631,127.647,13.462,11.701,1.804,1.031,277.582,7.081
Spain,ESP,1992,39420344.0,803260934603.0,247.687,6.283,0.308,84.817,132.92,14.57,10.438,1.968,1.1,301.963,7.66
Spain,ESP,1993,39651627.0,794221319057.0,239.099,6.03,0.301,81.632,128.46,14.168,9.914,1.953,1.051,278.515,7.024
Spain,ESP,1994,39858721.0,820138301435.0,251.388,6.307,0.307,82.225,137.068,15.212,11.499,2.153,1.094,282.325,7.083
Spain,ESP,1995,40052733.0,855020227557.0,265.069,6.618,0.31,85.124,143.411,18.878,12.365,1.915,1.127,294.875,7.362
Spain,ESP,1996,40237375.0,885027554238.0,252.562,6.277,0.285,71.959,141.98,21.289,12.115,1.827,1.042,280.279,6.966
Spain,ESP,1997,40423823.0,925901360531.0,264.899,6.553,0.286,74.57,144.648,27.489,12.752,1.916,1.087,283.364,7.01
Spain,ESP,1998,40617436.0,976805803240.0,273.65,6.737,0.28,72.72,152.912,28.462,13.809,2.017,1.126,296.126,7.291
Spain,ESP,1999,40812855.0,1031651264612.0,297.025,7.278,0.288,82.676,161.338,32.502,14.432,2.108,1.196,317.353,7.776
Spain,ESP,2000,41019772.0,1094998702299.0,309.26,7.539,0.282,87.404,163.449,37.153,14.728,2.243,1.212,333.645,8.134
Spain,ESP,2001,41245602.0,1147959133197.0,311.031,7.541,0.271,80.276,169.381,39.97,15.014,2.088,1.211,334.915,8.12
Spain,ESP,2002,41755703.0,1191323484900.0,331.028,7.928,0.278,89.977,173.902,45.027,15.53,2.093,1.26,357.047,8.551
Spain,ESP,2003,42506540.0,1239651963472.0,335.539,7.894,0.271,83.433,178.237,51.279,16.038,1.973,1.213,368.91,8.679
Spain,ESP,2004,43234562.0,1289831715789.0,352.139,8.145,0.273,86.472,183.588,58.727,16.292,2.275,1.231,392.291,9.074
Spain,ESP,2005,43958883.0,1348839731490.0,367.447,8.359,0.272,86.873,187.742,68.893,16.792,2.324,1.241,422.104,9.602
Spain,ESP,2006,44695446.0,1415738502534.0,358.869,8.029,0.253,77.171,183.435,73.998,16.745,2.436,1.173,423.492,9.475
Spain,ESP,2007,45516501.0,1481143208580.0,366.469,8.051,0.247,83.696,182.931,75.616,16.824,2.586,1.163,433.407,9.522
Spain,ESP,2008,46235055.0,1510615290401.0,335.284,7.252,0.222,58.726,173.2,82.518,14.389,2.321,1.046,401.917,8.693
Spain,ESP,2009,46635182.0,1468765814163.0,296.159,6.351,0.202,44.668,161.09,73.68,11.402,2.273,0.94,344.496,7.387
Spain,ESP,2010,46840469.0,1480376411582.0,282.585,6.033,0.191,35.997,156.331,73.623,11.197,2.289,0.848,328.733,7.018
Spain,ESP,2011,46998040.0,1477187548437.0,283.275,6.027,0.192,53.685,146.012,68.024,9.523,2.75,0.822,321.442,6.839
Spain,ESP,2012,47018323.0,1433478645419.0,277.432,5.901,0.194,62.626,134.672,65.077,8.754,3.383,0.794,288.902,6.144
Spain,ESP,2013,46860394.0,1413362053623.0,252.109,5.38,0.178,48.724,129.976,59.055,7.642,3.839,0.715,311.148,6.64
Spain,ESP,2014,46720187.0,1433089409797.0,253.658,5.429,0.177,53.621,129.905,54.251,8.897,4.059,0.715,278.615,5.963
Spain,ESP,2015,46683683.0,1488098863146.0,270.248,5.789,0.182,61.246,136.365,56.603,9.216,3.777,0.763,281.378,6.027
Spain,ESP,2016,46732768.0,1533303930046.0,259.555,5.554,0.169,45.478,140.305,57.653,9.414,3.831,0.733,275.687,5.899
Spain,ESP,2017,46868594.0,1578931492849.0,273.484,5.835,0.173,53.499,141.123,62.512,9.449,3.852,0.76,294.286,6.279
Spain,ESP,2018,47092817.0,1615001473949.0,268.521,5.702,0.166,47.904,142.106,61.825,9.667,3.914,0.731,299.116,6.352
Spain,ESP,2019,47435121.0,1647042667976.0,250.674,5.285,0.152,23.528,140.044,71.16,9.064,3.844,0.676,284.092,5.989
Spain,ESP,2020,47679482.0,1460507935923.0,211.765,4.441,0.145,14.23,118.78,64.231,8.192,3.622,0.602,251.864,5.282
Spain,ESP,2021,47735670.0,1541121952313.0,228.806,4.793,0.148,16.011,129.714,68.103,8.472,3.563,0.621,275.255,5.766
Spain,ESP,2022,47828386.0,1625139888517.0,234.223,4.897,0.144,17.703,135.029,67.262,7.715,3.875,0.624,278.598,5.825
Spain,ESP,2023,47911583.0,,215.461,4.497,,12.536,131.246,58.169,7.48,3.532,0.566,260.615,5.44
Spain,ESP,2024,47910533.0,,220.341,4.599,,11.299,139.475,55.699,7.838,3.532,0.571,,
Sri Lanka,LKA,1990,16352460.0,67098669421.0,3.802,0.233,0.057,0.004,3.664,,0.134,,0.017,3.247,0.199
Sri Lanka,LKA,1991,16475354.0,73808548639.0,4.107,0.249,0.056,0.007,3.968,,0.131,,0.018,3.569,0.217
Sri Lanka,LKA,1992,16739297.0,71237383826.0,5.036,0.301,0.071,0.004,4.771,,0.262,,0.022,4.207,0.251
Sri Lanka,LKA,1993,17025924.0,76317434648.0,4.912,0.289,0.064,0.004,4.697,,0.211,,0.022,4.082,0.24
Sri Lanka,LKA,1994,17275777.0,82083780545.0,5.342,0.309,0.065,0.007,5.053,,0.282,0.0,0.023,4.411,0.255
Sri Lanka,LKA,1995,17564065.0,86882842988.0,5.717,0.325,0.066,0.004,5.448,,0.265,0.0,0.024,4.657,0.265
Sri Lanka,LKA,1996,17905020.0,96972233018.0,6.863,0.383,0.071,0.004,6.591,,0.268,0.0,0.028,5.541,0.309
Sri Lanka,LKA,1997,18248205.0,106468157343.0,7.401,0.406,0.07,0.007,7.123,,0.271,0.0,0.03,5.49,0.301
Sri Lanka,LKA,1998,18596006.0,104039873858.0,7.621,0.41,0.073,0.004,7.379,,0.238,0.0,0.031,5.653,0.304
Sri Lanka,LKA,1999,18944734.0,106224336044.0,8.381,0.442,0.079,0.004,8.119,,0.258,0.0,0.034,16.072,0.848
Sri Lanka,LKA,2000,19293056.0,114541758869.0,9.99,0.518,0.087,0.004,9.728,,0.259,0.0,0.039,17.814,0.923
Sri Lanka,LKA,2001,19600361.0,111509565283.0,10.158,0.518,0.091,0.004,9.878,,0.276,0.0,0.04,19.202,0.98
Sri Lanka,LKA,2002,19805750.0,114770992462.0,10.787,0.545,0.094,0.004,10.538,,0.245,0.0,0.041,22.649,1.144
Sri Lanka,LKA,2003,19951521.0,121043287225.0,10.761,0.539,0.089,0.231,10.259,,0.271,0.0,0.039,18.135,0.909
Sri Lanka,LKA,2004,20087608.0,127113013921.0,11.908,0.593,0.094,0.231,11.362,,0.315,0.0,0.042,20.728,1.032
Sri Lanka,LKA,2005,20216531.0,134388316813.0,11.67,0.577,0.087,0.231,11.113,,0.326,0.0,0.039,20.98,1.038
Sri Lanka,LKA,2006,20352416.0,144414690368.0,11.503,0.565,0.08,0.227,10.941,,0.335,0.0,0.038,21.56,1.059
Sri Lanka,LKA,2007,20492546.0,153829219297.0,11.844,0.578,0.077,0.161,11.34,,0.343,0.0,0.038,20.165,0.984
Sri Lanka,LKA,2008,20629377.0,162474916511.0,11.648,0.565,0.072,0.22,11.08,,0.348,0.0,0.036,21.423,1.038
Sri Lanka,LKA,2009,20756438.0,167647716585.0,12.572,0.606,0.075,0.223,11.996,,0.353,0.0,0.04,20.32,0.979
Sri Lanka,LKA,2010,20879092.0,180642805306.0,12.697,0.608,0.07,0.227,12.161,,0.309,0.0,0.038,23.61,1.131
Sri Lanka,LKA,2011,21009054.0,195461606183.0,14.476,0.689,0.074,1.132,13.007,,0.337,0.0,0.042,32.364,1.54
Sri Lanka,LKA,2012,21169461.0,212333854625.0,15.389,0.727,0.072,1.92,13.102,,0.367,0.0,0.044,31.312,1.479
Sri Lanka,LKA,2013,21358829.0,220937614421.0,14.143,0.662,0.064,2.019,11.761,,0.363,0.0,0.04,33.552,1.571
Sri Lanka,LKA,2014,21547454.0,235029015924.0,17.076,0.792,0.073,3.877,12.827,,0.372,0.0,0.048,37.094,1.721
Sri Lanka,LKA,2015,21729975.0,244914328998.0,19.179,0.883,0.078,5.218,13.593,,0.368,0.0,0.054,38.776,1.784
Sri Lanka,LKA,2016,21910763.0,257292293131.0,22.339,1.02,0.087,5.524,16.438,,0.377,0.0,0.063,43.508,1.986
Sri Lanka,LKA,2017,22087525.0,273915973018.0,22.168,1.004,0.081,5.722,16.079,,0.367,0.0,0.062,43.138,1.953
Sri Lanka,LKA,2018,22253116.0,280243422762.0,20.137,0.905,0.072,5.53,14.241,,0.366,0.0,0.055,42.632,1.916
Sri Lanka,LKA,2019,22410552.0,279626891521.0,21.106,0.942,0.075,5.903,14.832,,0.371,0.0,0.057,43.166,1.926
Sri Lanka,LKA,2020,22561808.0,269918239631.0,20.412,0.905,0.076,7.094,12.956,,0.363,0.0,0.058,41.853,1.855
Sri Lanka,LKA,2021,22700377.0,278898406287.0,20.823,0.917,0.075,6.185,14.268,,0.371,0.0,0.056,45.742,2.015
Sri Lanka,LKA,2022,22834965.0,254748598293.0,18.377,0.805,0.072,5.882,11.997,,0.498,0.0,0.049,45.854,2.008
Sri Lanka,LKA,2023,22971615.0,,19.166,0.834,,5.282,13.386,,0.498,0.0,0.05,46.439,2.022
Sri Lanka,LKA,2024,23103561.0,,20.826,0.901,,6.232,14.095,,0.498,0.0,0.054,,
Sudan,SDN,1990,22021484.0,,4.783,0.217,,0.0,4.713,0.0,0.07,0.0,0.021,,
Sudan,SDN,1991,22470676.0,,4.48,0.199,,0.0,4.41,0.0,0.07,0.0,0.019,,
Sudan,SDN,1992,22927356.0,,4.001,0.175,,0.0,3.898,0.0,0.103,0.0,0.018,,
Sudan,SDN,1993,23445599.0,,2.755,0.117,,0.0,2.652,0.0,0.103,0.0,0.012,,
Sudan,SDN,1994,24043951.0,,3.838,0.16,,0.0,3.73,0.0,0.067,0.041,0.017,,
Sudan,SDN,1995,24672144.0,,3.963,0.161,,0.0,3.755,0.0,0.16,0.048,0.017,,
Sudan,SDN,1996,25231534.0,,4.096,0.162,,0.0,3.883,0.0,0.157,0.056,0.017,,
Sudan,SDN,1997,25799826.0,,5.023,0.195,,0.0,4.841,0.0,0.114,0.068,0.021,,
Sudan,SDN,1998,26458999.0,,4.372,0.165,,0.0,4.217,0.0,0.081,0.074,0.018,,
Sudan,SDN,1999,27130619.0,,4.753,0.175,,0.0,4.566,0.0,0.093,0.094,0.019,,
Sudan,SDN,2000,27816748.0,,5.292,0.19,,0.0,5.011,0.0,0.06,0.221,0.021,,
Sudan,SDN,2001,28516774.0,,6.018,0.211,,0.0,5.757,0.0,0.078,0.183,0.023,,
Sudan,SDN,2002,29228728.0,,7.634,0.261,,0.0,7.357,0.0,0.083,0.193,0.029,,
Sudan,SDN,2003,29896038.0,,8.515,0.285,,0.0,8.2,0.0,0.11,0.206,0.031,,
Sudan,SDN,2004,30556641.0,,10.866,0.356,,0.0,10.378,0.0,0.124,0.363,0.038,,
Sudan,SDN,2005,31262447.0,,10.558,0.338,,0.0,9.926,0.0,0.132,0.5,0.036,,
Sudan,SDN,2006,31992438.0,,11.545,0.361,,0.0,10.938,0.0,0.079,0.528,0.038,,
Sudan,SDN,2007,32764139.0,,13.564,0.414,,0.0,12.817,0.0,0.127,0.62,0.043,,
Sudan,SDN,2008,33623980.0,,14.179,0.422,,0.0,13.578,0.0,0.097,0.504,0.044,,
Sudan,SDN,2009,34569114.0,,14.805,0.428,,0.0,13.989,0.0,0.243,0.573,0.047,,
Sudan,SDN,2010,35414403.0,,15.07,0.426,,0.0,13.695,0.0,0.747,0.628,0.045,,
Sudan,SDN,2011,36140808.0,,14.711,0.407,,0.0,12.911,0.0,1.149,0.652,0.043,,
Sudan,SDN,2012,36923175.0,,15.763,0.427,,,13.747,,1.341,0.675,0.045,,
Sudan,SDN,2013,37785852.0,,17.374,0.46,,,15.165,,1.377,0.832,0.049,,
Sudan,SDN,2014,38823324.0,,13.095,0.337,,,10.856,,1.348,0.891,0.037,,
Sudan,SDN,2015,40024433.0,,14.247,0.356,,,11.787,,1.436,1.023,0.04,,
Sudan,SDN,2016,41259892.0,,19.737,0.478,,,17.455,,1.556,0.726,0.056,,
Sudan,SDN,2017,42714311.0,,20.306,0.475,,,18.031,,1.556,0.72,0.056,,
Sudan,SDN,2018,44230597.0,,20.516,0.464,,,18.276,,1.556,0.684,0.056,,
Sudan,SDN,2019,45548179.0,,22.007,0.483,,,19.928,,1.556,0.523,0.059,,
Sudan,SDN,2020,46789237.0,,19.8,0.423,,,19.346,,,0.454,0.056,,
Sudan,SDN,2021,48066930.0,,19.208,0.4,,,18.752,,,0.456,0.052,,
Sudan,SDN,2022,49383344.0,,17.529,0.355,,,17.129,,,0.399,0.047,,
Sudan,SDN,2023,50042800.0,,17.716,0.354,,,17.466,,,0.249,0.047,,
Sudan,SDN,2024,50448960.0,,17.795,0.353,,,17.773,,,0.022,0.046,,
Suriname,SUR,1990,412500.0,,1.738,4.214,,,1.715,,0.024,,0.008,,
Suriname,SUR,1991,415021.0,,2.024,4.877,,,2.001,,0.023,,0.009,,
Suriname,SUR,1992,417602.0,,2.031,4.864,,,2.008,,0.023,,0.009,,
Suriname,SUR,1993,419357.0,,2.039,4.861,,,2.015,,0.023,,0.009,,
Suriname,SUR,1994,422382.0,,2.043,4.837,,,2.015,,0.028,0.0,0.009,,
Suriname,SUR,1995,429611.0,,2.061,4.798,,,2.034,,0.028,0.0,0.009,,
Suriname,SUR,1996,438834.0,,2.083,4.747,,,2.056,,0.028,0.0,0.009,,
Suriname,SUR,1997,448068.0,,2.105,4.698,,,2.077,,0.028,0.0,0.009,,
Suriname,SUR,1998,457413.0,,2.105,4.602,,,2.077,,0.028,0.0,0.009,,
Suriname,SUR,1999,466925.0,,2.123,4.547,,,2.096,,0.027,0.0,0.009,,
Suriname,SUR,2000,476647.0,,2.193,4.601,,,2.165,,0.027,0.0,0.009,,
Suriname,SUR,2001,486566.0,,2.363,4.857,,,2.327,0.007,0.029,0.0,0.009,,
Suriname,SUR,2002,496566.0,,1.561,3.143,,0.0,1.524,0.007,0.029,0.0,0.006,,
Suriname,SUR,2003,506421.0,,1.539,3.038,,0.0,1.502,0.007,0.029,0.0,0.006,,
Suriname,SUR,2004,513928.0,,1.553,3.022,,0.0,1.517,0.007,0.029,0.0,0.005,,
Suriname,SUR,2005,519321.0,,1.586,3.054,,0.0,1.55,0.007,0.029,0.0,0.005,,
Suriname,SUR,2006,525003.0,,1.74,3.314,,0.0,1.704,0.007,0.029,0.0,0.006,,
Suriname,SUR,2007,531026.0,,1.758,3.311,,0.0,1.722,0.007,0.029,0.0,0.006,,
Suriname,SUR,2008,537252.0,,1.941,3.613,,0.0,1.905,0.007,0.028,0.0,0.006,,
Suriname,SUR,2009,543580.0,,1.989,3.659,,0.0,1.96,0.007,0.022,0.0,0.006,,
Suriname,SUR,2010,549931.0,,2.375,4.319,,,2.349,0.007,0.019,0.0,0.007,,
Suriname,SUR,2011,556279.0,,2.758,4.958,,,2.719,0.007,0.032,0.0,0.008,,
Suriname,SUR,2012,562640.0,,2.494,4.432,,,2.44,0.007,0.046,0.0,0.007,,
Suriname,SUR,2013,569024.0,,3.151,5.538,,,3.092,0.007,0.052,0.0,0.009,,
Suriname,SUR,2014,575380.0,,3.201,5.563,,,3.166,0.007,0.028,0.0,0.009,,
Suriname,SUR,2015,581634.0,,2.714,4.666,,,2.678,0.007,0.028,0.0,0.008,,
Suriname,SUR,2016,587765.0,,2.914,4.957,,,2.898,0.007,0.008,0.0,0.008,,
Suriname,SUR,2017,593720.0,,2.43,4.093,,,2.411,0.007,0.012,0.0,0.007,,
Suriname,SUR,2018,599519.0,,2.093,3.491,,,2.07,0.011,0.012,0.0,0.006,,
Suriname,SUR,2019,605779.0,,2.632,4.345,,,2.601,0.011,0.02,0.0,0.007,,
Suriname,SUR,2020,612320.0,,2.922,4.772,,,2.887,0.015,0.02,0.0,0.008,,
Suriname,SUR,2021,617905.0,,2.647,4.284,,,2.616,0.011,0.02,0.0,0.007,,
Suriname,SUR,2022,623172.0,,2.828,4.537,,,2.789,0.015,0.02,0.004,0.008,,
Suriname,SUR,2023,628892.0,,2.869,4.561,,,2.832,0.016,0.02,0.0,0.008,,
Suriname,SUR,2024,634438.0,,2.988,4.709,,,2.945,0.022,0.02,0.0,0.008,,
Sweden,SWE,1990,8558571.0,240234012000.0,57.417,6.709,0.239,11.759,41.886,1.589,1.272,0.336,0.253,112.169,13.106
Sweden,SWE,1991,8616955.0,237950140941.0,57.664,6.692,0.242,11.845,42.145,1.717,1.137,0.284,0.248,105.881,12.287
Sweden,SWE,1992,8667576.0,235756851945.0,57.51,6.635,0.244,11.1,42.541,1.995,1.089,0.311,0.255,114.79,13.244
Sweden,SWE,1993,8718038.0,231558425903.0,57.517,6.597,0.248,11.046,42.452,2.067,1.092,0.345,0.253,107.528,12.334
Sweden,SWE,1994,8780190.0,241524284977.0,59.997,6.833,0.248,11.233,44.718,2.029,1.109,0.295,0.261,107.153,12.204
Sweden,SWE,1995,8826298.0,251741126533.0,59.487,6.74,0.236,11.221,44.007,2.063,1.296,0.337,0.253,107.772,12.21
Sweden,SWE,1996,8840330.0,256498914326.0,63.349,7.166,0.247,12.384,46.605,2.226,1.225,0.322,0.261,95.505,10.803
Sweden,SWE,1997,8845525.0,264171121939.0,58.355,6.597,0.221,10.78,43.256,2.255,1.105,0.358,0.239,83.05,9.389
Sweden,SWE,1998,8850606.0,276040695651.0,58.767,6.64,0.213,11.104,43.277,2.231,1.133,0.365,0.242,86.49,9.772
Sweden,SWE,1999,8857691.0,289702793085.0,55.937,6.315,0.193,10.043,41.542,2.174,1.139,0.375,0.225,79.631,8.99
Sweden,SWE,2000,8872099.0,303452362920.0,54.892,6.187,0.181,10.104,40.406,2.082,1.288,0.374,0.215,84.337,9.506
Sweden,SWE,2001,8896018.0,308398096624.0,55.782,6.27,0.181,10.944,40.116,2.4,1.332,0.373,0.217,76.989,8.654
Sweden,SWE,2002,8925045.0,317463771012.0,56.634,6.345,0.178,11.422,40.439,2.444,1.28,0.368,0.216,80.262,8.993
Sweden,SWE,2003,8958434.0,326402407102.0,57.221,6.387,0.175,11.545,41.14,2.269,1.206,0.396,0.207,84.578,9.441
Sweden,SWE,2004,8993805.0,341901244849.0,56.428,6.274,0.165,11.811,40.088,2.198,1.284,0.387,0.197,84.395,9.384
Sweden,SWE,2005,9029771.0,354496929423.0,53.787,5.957,0.152,10.949,38.542,1.869,1.315,0.364,0.182,86.706,9.602
Sweden,SWE,2006,9080628.0,372234670461.0,53.651,5.908,0.144,10.681,37.987,2.056,1.442,0.812,0.175,88.073,9.699
Sweden,SWE,2007,9148280.0,387881844813.0,52.879,5.78,0.136,10.765,37.014,2.165,1.339,0.848,0.168,88.952,9.723
Sweden,SWE,2008,9219903.0,388980516356.0,50.765,5.506,0.131,10.334,35.579,1.893,1.396,0.862,0.158,86.715,9.405
Sweden,SWE,2009,9298738.0,373026350439.0,47.143,5.07,0.126,7.365,34.615,2.487,1.263,0.865,0.15,74.164,7.976
Sweden,SWE,2010,9378234.0,399838964466.0,53.029,5.654,0.133,10.311,36.433,3.434,1.324,0.825,0.159,83.317,8.884
Sweden,SWE,2011,9449263.0,397617949429.0,49.114,5.198,0.124,9.467,34.027,2.721,1.361,0.839,0.142,82.153,8.694
Sweden,SWE,2012,9519477.0,395278763366.0,46.607,4.896,0.118,8.637,32.626,2.359,1.479,0.841,0.133,75.014,7.88
Sweden,SWE,2013,9600620.0,399973749048.0,45.106,4.698,0.113,8.736,31.245,2.362,1.402,0.701,0.128,72.511,7.553
Sweden,SWE,2014,9696438.0,410604225974.0,43.385,4.474,0.106,8.284,30.292,2.058,1.399,0.777,0.122,71.344,7.358
Sweden,SWE,2015,9799483.0,429037422635.0,43.31,4.42,0.101,8.016,30.38,1.97,1.537,0.827,0.122,69.147,7.056
Sweden,SWE,2016,9923281.0,437921057919.0,43.308,4.364,0.099,8.021,30.237,2.267,1.554,0.645,0.122,70.321,7.086
Sweden,SWE,2017,10057864.0,449166531542.0,42.355,4.211,0.094,8.307,29.316,1.816,1.484,0.806,0.118,70.989,7.058
Sweden,SWE,2018,10175400.0,457925387676.0,41.856,4.113,0.091,8.087,28.894,1.889,1.607,0.829,0.114,71.076,6.985
Sweden,SWE,2019,10279120.0,467020665386.0,40.772,3.967,0.087,8.108,28.464,1.777,1.357,0.544,0.11,66.999,6.518
Sweden,SWE,2020,10353682.0,456885314424.0,36.622,3.537,0.08,6.641,26.282,1.446,1.272,0.449,0.104,60.12,5.807
Sweden,SWE,2021,10416134.0,481492421258.0,38.568,3.703,0.08,6.984,27.891,1.9,1.259,0.015,0.105,66.18,6.354
Sweden,SWE,2022,10487335.0,494214521158.0,36.342,3.465,0.074,6.54,25.627,1.163,1.234,0.019,0.097,66.339,6.326
Sweden,SWE,2023,10551493.0,,36.709,3.479,,6.508,25.949,1.388,1.165,0.012,0.096,61.722,5.85
Sweden,SWE,2024,10606993.0,,38.097,3.592,,6.546,27.149,1.503,1.2,0.012,0.099,,
Switzerland,CHE,1990,6713168.0,234154439697.0,44.149,6.576,0.189,1.467,35.932,3.91,2.55,0.026,0.194,86.757,12.923
Switzerland,CHE,1991,6796942.0,236201938759.0,46.131,6.787,0.195,1.211,38.033,4.369,2.222,0.039,0.199,87.296,12.843
Switzerland,CHE,1992,6875049.0,239958549277.0,46.018,6.693,0.192,0.896,38.169,4.581,2.083,0.036,0.204,96.8,14.08
Switzerland,CHE,1993,6938106.0,243429634467.0,43.61,6.286,0.179,0.763,35.868,4.794,1.89,0.04,0.192,88.047,12.69
Switzerland,CHE,1994,6993594.0,250752168329.0,42.668,6.101,0.17,0.778,34.797,4.721,2.085,0.041,0.186,86.498,12.368
Switzerland,CHE,1995,7040481.0,257142565611.0,43.414,6.166,0.169,0.797,35.187,5.181,1.966,0.039,0.185,89.986,12.781
Switzerland,CHE,1996,7071885.0,263448607219.0,44.107,6.237,0.167,0.576,35.857,5.622,1.77,0.044,0.182,98.958,13.993
Switzerland,CHE,1997,7089161.0,274617021730.0,43.046,6.072,0.157,0.5,35.249,5.439,1.588,0.041,0.177,92.981,13.116
Switzerland,CHE,1998,7110294.0,287985364256.0,44.622,6.276,0.155,0.439,36.724,5.6,1.588,0.042,0.184,107.551,15.126
Switzerland,CHE,1999,7144119.0,298226666662.0,44.447,6.221,0.149,0.453,36.327,5.807,1.587,0.042,0.179,85.326,11.944
Switzerland,CHE,2000,7184003.0,315545366882.0,43.621,6.072,0.138,0.645,35.211,5.788,1.704,0.039,0.171,90.739,12.631
Switzerland,CHE,2001,7226391.0,325520166982.0,45.085,6.239,0.139,0.654,36.394,6.025,1.737,0.041,0.175,109.581,15.164
Switzerland,CHE,2002,7278744.0,331802188855.0,43.467,5.972,0.131,0.594,35.018,5.921,1.671,0.041,0.165,97.957,13.458
Switzerland,CHE,2003,7333451.0,337991874208.0,44.651,6.089,0.132,0.602,35.898,6.255,1.634,0.039,0.161,101.293,13.812
Switzerland,CHE,2004,7384196.0,353894703206.0,45.231,6.125,0.128,0.588,36.158,6.466,1.731,0.043,0.158,102.701,13.908
Switzerland,CHE,2005,7431824.0,371135459405.0,45.776,6.159,0.123,0.633,36.37,6.634,1.825,0.057,0.155,110.931,14.926
Switzerland,CHE,2006,7478514.0,393075108386.0,45.365,6.066,0.115,0.68,36.104,6.459,1.831,0.045,0.148,123.022,16.45
Switzerland,CHE,2007,7545386.0,416832821635.0,43.359,5.746,0.104,0.741,34.172,6.296,1.863,0.042,0.138,116.907,15.494
Switzerland,CHE,2008,7641730.0,433739216893.0,44.701,5.85,0.103,0.681,35.209,6.702,1.834,0.044,0.139,111.105,14.539
Switzerland,CHE,2009,7737644.0,431737407420.0,43.526,5.625,0.101,0.636,34.404,6.423,1.825,0.043,0.138,120.581,15.584
Switzerland,CHE,2010,7825750.0,451139715920.0,45.034,5.755,0.1,0.649,35.013,7.179,1.932,0.045,0.135,113.406,14.491
Switzerland,CHE,2011,7914379.0,467103594697.0,40.973,5.177,0.088,0.608,31.814,6.383,1.902,0.056,0.119,127.599,16.122
Switzerland,CHE,2012,7998927.0,472611933649.0,42.242,5.281,0.089,0.557,32.669,6.978,1.786,0.044,0.121,175.35,21.922
Switzerland,CHE,2013,8091199.0,481081829913.0,43.183,5.337,0.09,0.583,33.233,7.332,1.811,0.038,0.122,153.129,18.925
Switzerland,CHE,2014,8190238.0,492386642888.0,39.244,4.792,0.08,0.602,30.183,6.373,1.858,0.033,0.111,160.016,19.537
Switzerland,CHE,2015,8283940.0,500484653705.0,38.756,4.678,0.077,0.56,29.499,6.798,1.695,0.027,0.109,159.658,19.273
Switzerland,CHE,2016,8374903.0,510838097521.0,39.225,4.684,0.077,0.525,29.605,7.145,1.748,0.028,0.111,170.805,20.395
Switzerland,CHE,2017,8453630.0,517799793781.0,38.234,4.523,0.074,0.503,28.684,7.104,1.739,0.031,0.106,135.271,16.002
Switzerland,CHE,2018,8516341.0,532611137213.0,36.945,4.338,0.069,0.475,27.851,6.703,1.718,0.028,0.101,127.167,14.932
Switzerland,CHE,2019,8577525.0,538693495449.0,36.822,4.293,0.068,0.431,27.584,6.897,1.712,0.033,0.099,124.009,14.457
Switzerland,CHE,2020,8640582.0,525896489462.0,34.343,3.975,0.065,0.414,25.416,6.67,1.658,0.026,0.098,109.806,12.708
Switzerland,CHE,2021,8707019.0,548098275898.0,35.902,4.123,0.066,0.423,26.31,7.272,1.711,0.019,0.097,120.789,13.873
Switzerland,CHE,2022,8792180.0,559384947989.0,32.951,3.748,0.059,0.434,24.636,6.023,1.667,0.022,0.088,125.669,14.293
Switzerland,CHE,2023,8870564.0,,31.977,3.605,,0.354,24.382,5.563,1.506,0.014,0.084,118.33,13.34
Switzerland,CHE,2024,8921979.0,,32.072,3.595,,0.355,24.391,5.647,1.506,0.014,0.083,,
Syria,SYR,1990,12579212.0,113006349079.0,37.265,2.962,0.33,0.0,28.381,3.133,1.68,4.071,0.164,,
Syria,SYR,1991,12980824.0,121259151277.0,42.425,3.268,0.35,0.004,32.104,3.657,1.674,4.987,0.183,,
Syria,SYR,1992,13385570.0,132464551230.0,42.803,3.198,0.323,0.004,31.375,3.781,1.763,5.881,0.19,,
Syria,SYR,1993,13795687.0,137136399700.0,45.522,3.3,0.332,0.004,32.751,3.745,2.136,6.885,0.2,,
Syria,SYR,1994,14208585.0,139462673349.0,45.956,3.234,0.33,0.004,32.841,4.059,2.128,6.923,0.2,,
Syria,SYR,1995,14616804.0,141596267280.0,46.392,3.174,0.328,0.015,32.415,5.119,2.103,6.74,0.197,,
Syria,SYR,1996,15018110.0,140380949913.0,47.446,3.159,0.338,0.011,33.206,5.453,2.113,6.663,0.196,,
Syria,SYR,1997,15417539.0,133631083179.0,49.605,3.217,0.371,0.011,32.599,8.457,2.264,6.275,0.203,,
Syria,SYR,1998,15820409.0,135803038435.0,53.496,3.381,0.394,0.011,34.504,10.941,2.147,5.894,0.22,,
Syria,SYR,1999,16228064.0,126804505194.0,55.534,3.422,0.438,0.011,36.032,11.201,2.384,5.907,0.224,,
Syria,SYR,2000,16637884.0,125214242976.0,54.527,3.277,0.435,0.011,34.842,11.314,2.142,6.218,0.214,,
Syria,SYR,2001,17051337.0,125631935247.0,51.343,3.011,0.409,0.011,34.306,10.365,2.288,4.372,0.2,,
Syria,SYR,2002,17468335.0,128996142855.0,40.727,2.331,0.316,0.007,22.97,12.611,2.114,3.024,0.155,,
Syria,SYR,2003,17889297.0,122501642286.0,55.377,3.096,0.452,0.011,37.626,12.703,2.154,2.884,0.2,,
Syria,SYR,2004,18336879.0,126515329154.0,51.692,2.819,0.409,0.011,33.988,13.167,2.099,2.426,0.181,,
Syria,SYR,2005,18814092.0,129657010670.0,51.162,2.719,0.395,0.011,35.432,11.314,2.048,2.357,0.173,,
Syria,SYR,2006,19637016.0,132870748696.0,54.04,2.752,0.407,0.011,38.242,11.684,2.072,2.031,0.177,,
Syria,SYR,2007,20884136.0,138933398255.0,66.973,3.207,0.482,0.011,51.34,11.498,2.16,1.964,0.213,,
Syria,SYR,2008,21636566.0,140064268758.0,68.084,3.147,0.486,0.011,52.974,11.201,2.239,1.659,0.212,,
Syria,SYR,2009,21976971.0,141886525419.0,63.261,2.879,0.446,0.011,45.314,13.761,2.154,2.022,0.201,,
Syria,SYR,2010,22482417.0,143781004115.0,62.057,2.76,0.432,0.011,39.842,17.858,2.487,1.859,0.186,,
Syria,SYR,2011,22878104.0,134274046453.0,59.078,2.582,0.44,0.011,40.348,15.059,2.063,1.597,0.171,,
Syria,SYR,2012,22759763.0,98907693956.0,46.339,2.036,0.469,0.004,30.581,11.962,2.458,1.334,0.133,,
Syria,SYR,2013,21666921.0,72894799336.0,34.257,1.581,0.47,0.004,22.011,9.829,1.61,0.802,0.097,,
Syria,SYR,2014,20273661.0,65379097607.0,34.869,1.72,0.533,0.004,24.301,9.086,0.747,0.732,0.098,,
Syria,SYR,2015,19424615.0,63295273863.0,31.115,1.602,0.492,0.004,21.412,7.973,0.747,0.979,0.088,,
Syria,SYR,2016,19193835.0,59731474595.0,29.162,1.519,0.488,0.004,20.474,6.954,0.99,0.74,0.082,,
Syria,SYR,2017,19224671.0,59296820428.0,34.473,1.793,0.581,0.004,24.513,6.862,0.856,2.238,0.096,,
Syria,SYR,2018,19577849.0,60171975441.0,31.771,1.623,0.528,0.004,22.878,6.826,0.724,1.339,0.086,,
Syria,SYR,2019,20353536.0,62427096792.0,33.492,1.645,0.536,0.004,24.356,6.547,0.834,1.751,0.09,,
Syria,SYR,2020,21049431.0,55872251610.0,32.344,1.537,0.579,0.004,23.772,5.749,0.982,1.838,0.092,,
Syria,SYR,2021,21628837.0,54251957890.0,32.508,1.503,0.599,0.004,23.072,6.119,1.357,1.957,0.088,,
Syria,SYR,2022,22462170.0,52353139385.0,31.423,1.399,0.6,0.004,23.198,5.007,1.212,2.003,0.084,,
Syria,SYR,2023,23594623.0,,31.674,1.342,,0.006,23.461,4.959,1.212,2.036,0.083,,
Syria,SYR,2024,24672758.0,,31.778,1.288,,0.007,23.583,4.833,1.212,2.144,0.082,,
Taiwan,TWN,1990,20594907.0,319544652000.0,124.258,6.033,0.389,42.935,67.581,3.06,9.093,0.0,0.547,81.596,3.962
Taiwan,TWN,1991,20781752.0,345211462786.0,133.631,6.43,0.387,46.533,70.96,5.44,9.535,0.0,0.576,87.202,4.196
Taiwan,TWN,1992,20982088.0,372503882517.0,142.432,6.788,0.382,53.93,71.124,5.523,10.333,0.0,0.632,96.774,4.612
Taiwan,TWN,1993,21174678.0,396575970496.0,154.046,7.275,0.388,59.317,75.594,5.256,11.676,0.0,0.677,103.78,4.901
Taiwan,TWN,1994,21357145.0,425304537408.0,161.564,7.565,0.38,62.47,78.584,7.251,11.129,0.0,0.703,109.137,5.11
Taiwan,TWN,1995,21534497.0,451738410710.0,170.064,7.897,0.376,65.445,84.093,7.76,10.93,0.0,0.723,111.05,5.157
Taiwan,TWN,1996,21709270.0,477921929086.0,178.059,8.202,0.373,73.952,83.303,8.159,10.611,0.0,0.735,115.742,5.331
Taiwan,TWN,1997,21885332.0,504501700824.0,190.782,8.717,0.378,83.914,84.115,9.36,10.644,0.0,0.783,243.437,11.123
Taiwan,TWN,1998,22049226.0,524131056297.0,200.546,9.095,0.383,90.347,86.825,11.809,9.975,0.0,0.825,241.228,10.94
Taiwan,TWN,1999,22203788.0,557640971015.0,208.023,9.369,0.373,94.085,91.347,11.846,9.262,0.0,0.838,265.0,11.935
Taiwan,TWN,2000,22332873.0,591153923509.0,226.934,10.161,0.384,110.895,92.142,13.411,8.824,0.0,0.89,283.01,12.672
Taiwan,TWN,2001,22446254.0,582366336280.0,231.431,10.31,0.397,118.133,88.183,15.141,9.086,0.0,0.901,264.008,11.762
Taiwan,TWN,2002,22566898.0,612808812199.0,238.567,10.572,0.389,125.727,85.26,16.931,9.774,0.0,0.908,271.981,12.052
Taiwan,TWN,2003,22664130.0,636240085985.0,249.129,10.992,0.392,135.62,85.301,17.867,9.313,0.0,0.901,267.854,11.818
Taiwan,TWN,2004,22745432.0,675272430215.0,259.367,11.403,0.384,141.041,86.759,20.875,9.546,0.0,0.907,308.629,13.569
Taiwan,TWN,2005,22824932.0,709313986797.0,266.888,11.693,0.376,145.935,87.816,21.88,9.977,0.0,0.902,300.1,13.148
Taiwan,TWN,2006,22914644.0,745965982529.0,276.552,12.069,0.371,153.557,88.935,23.031,9.812,0.0,0.904,304.221,13.276
Taiwan,TWN,2007,23006921.0,791900583149.0,280.08,12.174,0.354,160.562,84.166,24.981,9.484,0.0,0.889,284.935,12.385
Taiwan,TWN,2008,23086238.0,794389614968.0,266.975,11.564,0.336,154.853,75.889,26.853,8.504,0.0,0.833,278.2,12.05
Taiwan,TWN,2009,23164353.0,779014502319.0,253.028,10.923,0.325,147.445,70.98,26.14,7.865,0.0,0.803,243.59,10.516
Taiwan,TWN,2010,23224049.0,859487483344.0,270.718,11.657,0.315,157.049,72.398,32.653,8.105,0.0,0.813,296.932,12.786
Taiwan,TWN,2011,23273078.0,888546864638.0,276.771,11.892,0.311,162.701,68.657,35.839,8.512,0.0,0.803,307.695,13.221
Taiwan,TWN,2012,23345963.0,908290377366.0,273.282,11.706,0.301,160.364,65.86,37.726,7.996,0.0,0.782,280.976,12.035
Taiwan,TWN,2013,23416870.0,930852328389.0,274.576,11.726,0.295,163.101,64.128,37.48,8.03,0.0,0.778,286.861,12.25
Taiwan,TWN,2014,23472811.0,974779255338.0,276.959,11.799,0.284,164.219,64.377,39.636,7.088,0.0,0.781,298.322,12.709
Taiwan,TWN,2015,23529260.0,989069527295.0,276.264,11.741,0.279,160.696,64.288,42.933,6.313,0.0,0.78,265.786,11.296
Taiwan,TWN,2016,23586140.0,1010482869589.0,280.197,11.88,0.277,161.76,66.724,44.596,5.395,0.0,0.792,280.81,11.906
Taiwan,TWN,2017,23632950.0,1043939947916.0,285.736,12.091,0.274,164.346,66.051,49.07,5.357,0.0,0.794,288.75,12.218
Taiwan,TWN,2018,23659308.0,1073034529603.0,284.151,12.01,0.265,165.841,62.118,49.783,5.378,0.0,0.774,287.66,12.158
Taiwan,TWN,2019,23674137.0,1105912366266.0,274.704,11.604,0.248,161.552,57.936,48.715,5.508,0.0,0.741,287.243,12.133
Taiwan,TWN,2020,23663461.0,1143369531447.0,272.464,11.514,0.238,156.384,55.162,54.412,5.673,0.0,0.775,278.184,11.756
Taiwan,TWN,2021,23558330.0,1218008773904.0,283.821,12.048,0.233,167.94,49.903,59.21,5.82,0.0,0.77,291.574,12.377
Taiwan,TWN,2022,23420107.0,1247874288934.0,273.989,11.699,0.22,154.672,52.858,59.999,5.457,0.0,0.73,295.826,12.631
Taiwan,TWN,2023,23317145.0,,267.127,11.456,,147.375,54.125,59.617,4.982,0.0,0.701,294.802,12.643
Taiwan,TWN,2024,23213964.0,,262.345,11.301,,141.109,51.598,63.85,4.802,0.0,0.68,,
Tajikistan,TJK,1990,5398773.0,25321416000.0,12.307,2.28,0.486,1.736,6.058,3.889,0.527,0.097,0.054,5.566,1.031
Tajikistan,TJK,1991,5541200.0,23089121806.0,10.015,1.807,0.434,1.51,4.693,3.222,0.5,0.09,0.043,4.354,0.786
Tajikistan,TJK,1992,5649397.0,15578962563.0,7.333,1.298,0.471,0.934,2.957,3.221,0.221,,0.033,4.109,0.727
Tajikistan,TJK,1993,5725001.0,13768160225.0,5.153,0.9,0.374,0.52,1.798,2.706,0.129,,0.023,2.814,0.491
Tajikistan,TJK,1994,5825371.0,10806547225.0,2.345,0.403,0.217,0.114,0.656,1.488,0.088,0.0,0.01,1.285,0.221
Tajikistan,TJK,1995,5948588.0,9460376115.0,2.435,0.409,0.257,0.051,0.671,1.674,0.039,0.0,0.01,0.546,0.092
Tajikistan,TJK,1996,6066524.0,8989080428.0,2.824,0.465,0.314,0.022,0.63,2.147,0.024,0.0,0.012,2.477,0.408
Tajikistan,TJK,1997,6139829.0,9105132518.0,2.15,0.35,0.236,0.062,0.63,1.44,0.018,0.0,0.009,3.34,0.544
Tajikistan,TJK,1998,6176403.0,9509161527.0,2.497,0.404,0.263,0.048,0.967,1.473,0.009,0.0,0.01,4.187,0.678
Tajikistan,TJK,1999,6208373.0,9907046803.0,2.519,0.406,0.254,0.033,1.004,1.466,0.016,0.0,0.01,4.022,0.648
Tajikistan,TJK,2000,6284737.0,10735320878.0,2.236,0.356,0.208,0.044,0.729,1.436,0.027,0.0,0.009,3.755,0.597
Tajikistan,TJK,2001,6407376.0,11697951502.0,2.287,0.357,0.196,0.066,0.78,1.407,0.034,0.0,0.009,3.753,0.586
Tajikistan,TJK,2002,6531674.0,12792791823.0,1.872,0.287,0.146,0.081,0.769,0.978,0.044,0.0,0.007,4.379,0.671
Tajikistan,TJK,2003,6658575.0,14027448844.0,2.072,0.311,0.148,0.106,0.832,1.052,0.082,0.0,0.007,5.794,0.87
Tajikistan,TJK,2004,6790555.0,15391086914.0,2.562,0.377,0.166,0.161,1.077,1.227,0.096,0.0,0.009,6.069,0.894
Tajikistan,TJK,2005,6924722.0,16469329106.0,2.441,0.352,0.148,0.169,0.917,1.229,0.125,0.0,0.008,7.204,1.04
Tajikistan,TJK,2006,7057566.0,17531184155.0,2.656,0.376,0.152,0.176,1.11,1.231,0.139,0.0,0.009,9.153,1.297
Tajikistan,TJK,2007,7194479.0,18731098417.0,3.229,0.449,0.172,0.311,1.524,1.238,0.155,0.0,0.01,6.398,0.889
Tajikistan,TJK,2008,7338402.0,20202934540.0,2.897,0.395,0.143,0.341,1.473,0.989,0.094,0.0,0.009,7.729,1.053
Tajikistan,TJK,2009,7490232.0,20969201626.0,2.445,0.326,0.117,0.308,1.598,0.443,0.096,0.0,0.008,6.128,0.818
Tajikistan,TJK,2010,7652144.0,22275913223.0,2.535,0.331,0.114,0.338,1.688,0.367,0.142,0.0,0.008,8.595,1.123
Tajikistan,TJK,2011,7824788.0,23719353153.0,2.342,0.299,0.099,0.367,1.457,0.371,0.148,0.0,0.007,8.67,1.108
Tajikistan,TJK,2012,8014087.0,25498307279.0,2.934,0.366,0.115,0.703,1.836,0.271,0.124,0.0,0.008,6.566,0.819
Tajikistan,TJK,2013,8216733.0,27385180748.0,2.908,0.354,0.106,0.876,1.836,0.007,0.19,0.0,0.008,11.0,1.339
Tajikistan,TJK,2014,8425559.0,29219994834.0,4.606,0.547,0.158,1.479,2.552,0.007,0.568,0.0,0.013,20.15,2.392
Tajikistan,TJK,2015,8643839.0,30973186706.0,5.307,0.614,0.171,1.757,2.841,0.007,0.7,0.0,0.015,9.616,1.112
Tajikistan,TJK,2016,8865623.0,33110336724.0,6.016,0.679,0.182,2.241,2.779,0.007,0.988,0.0,0.017,13.937,1.572
Tajikistan,TJK,2017,9085942.0,35461181351.0,6.879,0.757,0.194,2.962,2.372,0.004,1.542,0.0,0.019,13.936,1.534
Tajikistan,TJK,2018,9307345.0,38156222428.0,8.081,0.868,0.212,3.142,2.93,0.11,1.899,0.0,0.022,11.882,1.277
Tajikistan,TJK,2019,9529970.0,40979787244.0,8.714,0.914,0.213,3.424,2.936,0.279,2.076,0.0,0.023,11.883,1.247
Tajikistan,TJK,2020,9749312.0,42778793597.0,9.423,0.967,0.22,3.526,3.358,0.444,2.096,0.0,0.027,11.555,1.185
Tajikistan,TJK,2021,9966912.0,46800009054.0,9.384,0.942,0.201,3.67,3.135,0.465,2.114,0.0,0.025,11.276,1.131
Tajikistan,TJK,2022,10182228.0,50544013546.0,10.521,1.033,0.208,4.192,3.706,0.473,2.15,0.0,0.028,13.772,1.353
Tajikistan,TJK,2023,10389807.0,,10.264,0.988,,3.859,3.808,0.447,2.15,0.0,0.027,13.021,1.253
Tajikistan,TJK,2024,10590930.0,,10.74,1.014,,4.375,3.767,0.448,2.15,0.0,0.028,,
Tanzania,TZA,1990,26110210.0,22062497802.0,2.112,0.081,0.096,0.011,1.88,,0.222,,0.009,2.89,0.111
Tanzania,TZA,1991,26780440.0,23131982096.0,2.255,0.084,0.097,0.011,2.023,,0.221,,0.01,3.105,0.116
Tanzania,TZA,1992,27457599.0,23907182271.0,2.178,0.079,0.091,0.011,1.946,,0.221,,0.01,3.052,0.111
Tanzania,TZA,1993,28332691.0,24857214872.0,2.426,0.086,0.098,0.264,1.941,,0.221,,0.011,3.245,0.115
Tanzania,TZA,1994,29442357.0,25964285650.0,2.063,0.07,0.079,0.15,1.784,,0.129,0.0,0.009,2.989,0.102
Tanzania,TZA,1995,30383496.0,27600945651.0,2.434,0.08,0.088,0.114,2.077,,0.243,0.0,0.01,3.283,0.108
Tanzania,TZA,1996,30945761.0,29677337167.0,2.527,0.082,0.085,0.15,2.081,,0.295,0.0,0.01,3.376,0.109
Tanzania,TZA,1997,31578093.0,31560772974.0,2.824,0.089,0.089,0.073,2.499,,0.252,0.0,0.012,3.763,0.119
Tanzania,TZA,1998,32420461.0,33614871213.0,2.481,0.077,0.074,0.121,2.045,,0.316,0.0,0.01,3.618,0.112
Tanzania,TZA,1999,33300335.0,36215287065.0,2.459,0.074,0.068,0.198,1.924,0.0,0.337,0.0,0.01,3.756,0.113
Tanzania,TZA,2000,34260142.0,39001698887.0,2.572,0.075,0.066,0.209,2.026,0.0,0.337,0.0,0.01,4.997,0.146
Tanzania,TZA,2001,35198303.0,42445346863.0,3.041,0.086,0.072,0.205,2.473,0.0,0.362,0.0,0.012,5.732,0.163
Tanzania,TZA,2002,36121301.0,46583070535.0,3.486,0.096,0.075,0.209,2.865,0.0,0.412,0.0,0.013,6.131,0.17
Tanzania,TZA,2003,37089555.0,50824600990.0,3.687,0.099,0.073,0.147,3.067,0.0,0.474,0.0,0.013,5.997,0.162
Tanzania,TZA,2004,38109666.0,55891196644.0,4.221,0.111,0.076,0.172,3.294,0.245,0.51,0.0,0.015,6.61,0.173
Tanzania,TZA,2005,39182083.0,61018758994.0,5.356,0.137,0.088,0.081,4.056,0.678,0.541,0.0,0.018,8.404,0.214
Tanzania,TZA,2006,40294900.0,65508013137.0,5.876,0.146,0.09,0.048,4.346,0.945,0.538,0.0,0.019,8.293,0.206
Tanzania,TZA,2007,41435508.0,72909539423.0,5.706,0.138,0.078,0.073,3.984,1.018,0.631,0.0,0.018,8.816,0.213
Tanzania,TZA,2008,42570728.0,78993514738.0,5.989,0.141,0.076,0.278,3.984,1.051,0.675,0.0,0.019,11.222,0.264
Tanzania,TZA,2009,43633975.0,85446168824.0,5.807,0.133,0.068,0.216,3.602,1.242,0.747,0.0,0.018,9.43,0.216
Tanzania,TZA,2010,44758491.0,93371216148.0,7.194,0.161,0.077,0.264,4.567,1.472,0.892,0.0,0.022,10.649,0.238
Tanzania,TZA,2011,46029371.0,103624510902.0,8.44,0.183,0.081,0.461,5.431,1.626,0.921,0.0,0.024,13.447,0.292
Tanzania,TZA,2012,47374261.0,108951852558.0,10.367,0.219,0.095,0.268,7.252,1.859,0.987,0.002,0.03,14.905,0.315
Tanzania,TZA,2013,48824134.0,116340969671.0,11.251,0.23,0.097,0.168,8.296,1.868,0.913,0.006,0.032,19.725,0.404
Tanzania,TZA,2014,50351506.0,124173043529.0,10.997,0.218,0.089,0.663,7.445,1.799,1.088,0.002,0.031,19.573,0.389
Tanzania,TZA,2015,52020958.0,131823350494.0,12.783,0.246,0.097,0.916,8.678,1.974,1.215,0.0,0.036,20.706,0.398
Tanzania,TZA,2016,53824012.0,140875654933.0,13.529,0.251,0.096,0.894,8.493,2.565,1.577,0.0,0.038,19.272,0.358
Tanzania,TZA,2017,55652888.0,150417154803.0,13.513,0.243,0.09,1.198,7.977,2.711,1.627,0.0,0.038,18.355,0.33
Tanzania,TZA,2018,57437134.0,160884699826.0,14.233,0.248,0.088,1.172,8.189,3.144,1.728,0.0,0.039,20.166,0.351
Tanzania,TZA,2019,59174889.0,172128919031.0,16.191,0.274,0.094,1.385,8.893,3.389,2.524,0.0,0.044,21.261,0.359
Tanzania,TZA,2020,60972803.0,180418650860.0,15.952,0.262,0.088,1.231,9.169,3.034,2.517,0.0,0.045,21.442,0.352
Tanzania,TZA,2021,62830410.0,189343959556.0,17.678,0.281,0.093,1.469,10.23,3.448,2.531,0.0,0.048,23.963,0.381
Tanzania,TZA,2022,64711822.0,198220407805.0,19.702,0.304,0.099,1.711,10.847,4.2,2.944,0.0,0.053,25.799,0.399
Tanzania,TZA,2023,66617607.0,,20.31,0.305,,1.978,11.06,4.327,2.944,0.0,0.053,25.788,0.387
Tanzania,TZA,2024,68560162.0,,20.018,0.292,,2.02,11.255,3.8,2.944,0.0,0.052,,
Thailand,THA,1990,54738329.0,407627796816.0,86.563,1.581,0.212,16.594,53.221,10.28,6.468,,0.381,124.819,2.28
Thailand,THA,1991,55637436.0,437871480572.0,95.045,1.708,0.217,19.425,56.495,13.129,5.995,,0.41,126.077,2.266
Thailand,THA,1992,56528832.0,473484188457.0,105.513,1.867,0.223,20.79,62.417,14.074,8.232,,0.469,165.425,2.926
Thailand,THA,1993,57408198.0,509703199590.0,121.855,2.123,0.239,23.109,70.672,16.01,12.064,,0.536,161.475,2.813
Thailand,THA,1994,58260855.0,545365114818.0,136.87,2.349,0.251,26.664,78.419,18.252,13.357,0.178,0.596,167.19,2.87
Thailand,THA,1995,59098231.0,584005907369.0,153.65,2.6,0.263,30.339,88.777,18.956,15.337,0.241,0.653,178.49,3.02
Thailand,THA,1996,59920059.0,611290639859.0,173.566,2.897,0.284,36.777,96.915,22.27,17.355,0.248,0.716,180.263,3.008
Thailand,THA,1997,60724588.0,589240402273.0,181.203,2.984,0.308,38.024,95.44,28.148,19.34,0.251,0.743,168.515,2.775
Thailand,THA,1998,61522632.0,539314649597.0,159.704,2.596,0.296,30.637,85.415,30.146,13.279,0.227,0.657,128.251,2.085
Thailand,THA,1999,62299039.0,558464047703.0,167.235,2.684,0.299,32.373,84.654,33.856,16.077,0.275,0.673,149.53,2.4
Thailand,THA,2000,63007815.0,579217712636.0,167.352,2.656,0.289,33.1,79.347,39.32,15.299,0.287,0.656,150.007,2.381
Thailand,THA,2001,63651137.0,596448007832.0,172.267,2.706,0.289,36.81,75.165,42.534,17.47,0.288,0.67,156.272,2.455
Thailand,THA,2002,64266433.0,630177413705.0,184.665,2.873,0.293,39.244,78.938,46.469,19.739,0.276,0.703,172.133,2.678
Thailand,THA,2003,64868164.0,672602585235.0,191.088,2.946,0.284,39.903,83.86,49.47,17.49,0.364,0.691,187.311,2.888
Thailand,THA,2004,65452049.0,712165919937.0,207.331,3.168,0.291,44.763,91.753,52.102,18.26,0.453,0.725,207.398,3.169
Thailand,THA,2005,66017415.0,739238460898.0,214.325,3.246,0.29,48.333,90.839,54.462,20.236,0.456,0.724,221.659,3.358
Thailand,THA,2006,66567685.0,773067090714.0,215.825,3.242,0.279,51.313,87.308,55.579,21.226,0.398,0.705,218.123,3.277
Thailand,THA,2007,67102388.0,811667437725.0,224.083,3.339,0.276,57.803,84.633,59.253,22.01,0.384,0.711,223.544,3.331
Thailand,THA,2008,67619835.0,822020817321.0,224.249,3.316,0.273,62.251,78.484,63.7,19.441,0.373,0.7,234.896,3.474
Thailand,THA,2009,68121077.0,812859746470.0,228.836,3.359,0.282,62.403,79.822,67.513,18.68,0.418,0.726,231.497,3.398
Thailand,THA,2010,68579443.0,870109340511.0,241.019,3.514,0.277,64.008,80.785,77.345,18.486,0.395,0.723,257.38,3.753
Thailand,THA,2011,69007212.0,873642799890.0,244.878,3.549,0.28,65.35,84.609,76.017,18.206,0.697,0.71,264.541,3.834
Thailand,THA,2012,69436091.0,936920832597.0,262.348,3.778,0.28,68.155,90.833,83.615,18.746,0.999,0.751,286.783,4.13
Thailand,THA,2013,69845112.0,962095812070.0,263.754,3.776,0.274,67.149,91.381,85.504,18.914,0.806,0.748,295.212,4.227
Thailand,THA,2014,70216362.0,971562808709.0,272.488,3.881,0.28,73.794,91.137,87.093,19.722,0.742,0.768,275.975,3.93
Thailand,THA,2015,70540787.0,1002011619070.0,277.099,3.928,0.277,72.142,95.218,88.912,20.024,0.803,0.783,274.262,3.888
Thailand,THA,2016,70859835.0,1036430730493.0,284.045,4.009,0.274,73.6,98.924,87.759,23.053,0.709,0.803,285.36,4.027
Thailand,THA,2017,71160183.0,1079732734924.0,283.348,3.982,0.262,73.824,101.146,85.289,22.388,0.7,0.788,290.297,4.079
Thailand,THA,2018,71376081.0,1125329902301.0,288.305,4.039,0.256,78.564,102.33,84.332,22.466,0.613,0.785,305.515,4.28
Thailand,THA,2019,71522264.0,1149130685920.0,281.877,3.941,0.245,70.06,103.652,85.27,22.304,0.591,0.76,303.671,4.246
Thailand,THA,2020,71641484.0,1078332670656.0,271.923,3.796,0.252,74.799,96.312,78.28,21.926,0.606,0.773,300.078,4.189
Thailand,THA,2021,71727338.0,1095187026392.0,267.142,3.724,0.244,76.648,90.92,77.923,21.151,0.5,0.725,309.344,4.313
Thailand,THA,2022,71735321.0,1124143758569.0,272.573,3.8,0.242,69.809,105.828,75.532,20.995,0.409,0.726,319.547,4.455
Thailand,THA,2023,71702436.0,,264.734,3.692,,59.327,104.343,81.421,19.248,0.395,0.695,305.567,4.262
Thailand,THA,2024,71668010.0,,267.76,3.736,,60.216,105.336,84.088,17.724,0.395,0.694,,
Togo,TGO,1990,3714023.0,4744275000.0,0.978,0.263,0.206,,0.575,,0.402,,0.004,0.927,0.25
Togo,TGO,1991,3822637.0,4804300007.0,1.05,0.275,0.219,,0.649,,0.401,,0.005,0.995,0.26
Togo,TGO,1992,3932581.0,4695574340.0,1.03,0.262,0.219,,0.66,,0.371,,0.005,1.005,0.256
Togo,TGO,1993,3887976.0,3965510675.0,1.069,0.275,0.27,,0.689,,0.38,,0.005,1.051,0.27
Togo,TGO,1994,3904183.0,4562486354.0,1.007,0.258,0.221,,0.689,,0.318,0.0,0.004,0.974,0.249
Togo,TGO,1995,4110452.0,4920021949.0,1.175,0.286,0.239,,0.777,,0.398,0.0,0.005,1.172,0.285
Togo,TGO,1996,4291129.0,5351687437.0,1.265,0.295,0.236,,0.854,,0.411,0.0,0.005,1.177,0.274
Togo,TGO,1997,4438798.0,5606767164.0,0.879,0.198,0.157,,0.777,,0.102,0.0,0.004,0.808,0.182
Togo,TGO,1998,4551633.0,5539430872.0,1.29,0.283,0.233,,0.916,,0.374,0.0,0.005,1.16,0.255
Togo,TGO,1999,4665757.0,5739978782.0,1.85,0.397,0.322,,1.235,,0.616,0.0,0.007,1.24,0.266
Togo,TGO,2000,4783721.0,5742626906.0,1.331,0.278,0.232,,1.011,,0.32,0.0,0.005,0.982,0.205
Togo,TGO,2001,4904135.0,5728350754.0,1.159,0.236,0.202,,0.762,,0.397,0.0,0.005,0.757,0.154
Togo,TGO,2002,5027128.0,5709447507.0,1.322,0.263,0.232,,0.832,,0.491,0.0,0.005,0.995,0.198
Togo,TGO,2003,5154113.0,6045966479.0,1.805,0.35,0.299,,1.063,,0.742,0.0,0.007,1.111,0.216
Togo,TGO,2004,5281320.0,6257433355.0,1.744,0.33,0.279,,0.997,,0.747,0.0,0.006,1.027,0.194
Togo,TGO,2005,5413151.0,6399681696.0,1.722,0.318,0.269,,0.938,,0.784,0.0,0.006,1.119,0.207
Togo,TGO,2006,5569659.0,6714729819.0,1.501,0.269,0.223,,0.821,,0.68,0.0,0.005,3.742,0.672
Togo,TGO,2007,5748437.0,6923652593.0,1.517,0.264,0.219,,0.912,,0.604,0.0,0.005,1.28,0.223
Togo,TGO,2008,5936140.0,7155226201.0,1.523,0.257,0.213,,1.052,,0.471,0.0,0.005,1.231,0.207
Togo,TGO,2009,6130944.0,7467517725.0,2.536,0.414,0.34,,1.99,,0.546,0.0,0.008,1.867,0.304
Togo,TGO,2010,6325791.0,7846071439.0,2.596,0.41,0.331,,2.045,,0.551,0.0,0.008,1.832,0.29
Togo,TGO,2011,6500577.0,8309244000.0,2.504,0.385,0.301,,1.865,0.015,0.624,0.0,0.007,1.742,0.268
Togo,TGO,2012,6653719.0,8791743000.0,2.216,0.333,0.252,,1.576,0.033,0.607,0.0,0.006,1.841,0.277
Togo,TGO,2013,6798851.0,9242968000.0,1.635,0.241,0.177,,1.129,0.033,0.474,0.0,0.005,1.192,0.175
Togo,TGO,2014,6937647.0,9806234000.0,1.491,0.215,0.152,,1.055,0.0,0.435,0.0,0.004,1.318,0.19
Togo,TGO,2015,7071500.0,10346240000.0,1.798,0.254,0.174,,0.936,0.048,0.814,0.0,0.005,1.79,0.253
Togo,TGO,2016,7200883.0,10960546310.0,2.293,0.318,0.209,,1.466,0.007,0.82,0.0,0.006,2.274,0.316
Togo,TGO,2017,7324379.0,11420230383.0,1.912,0.261,0.167,,1.075,0.073,0.764,0.0,0.005,1.784,0.244
Togo,TGO,2018,7458205.0,11989462252.0,2.034,0.273,0.17,,1.359,0.055,0.62,0.0,0.006,7.879,1.056
Togo,TGO,2019,7619916.0,12579682405.0,2.364,0.31,0.188,,1.319,0.125,0.92,0.0,0.006,7.992,1.049
Togo,TGO,2020,7788058.0,12720130961.0,2.751,0.353,0.216,,1.748,0.139,0.864,0.0,0.008,7.54,0.968
Togo,TGO,2021,7936185.0,13482266787.0,2.62,0.33,0.194,,1.414,0.286,0.92,0.0,0.007,8.357,1.053
Togo,TGO,2022,8068616.0,14265660408.0,2.739,0.339,0.192,,1.46,0.33,0.948,0.0,0.007,8.885,1.101
Togo,TGO,2023,8223853.0,,2.671,0.325,,,1.397,0.327,0.948,0.0,0.007,8.647,1.051
Togo,TGO,2024,8406554.0,,2.754,0.328,,,1.451,0.355,0.948,0.0,0.007,,
Tonga,TON,1990,99717.0,,0.081,0.808,,,0.081,,0.0,,0.0,,
Tonga,TON,1991,99911.0,,0.088,0.88,,,0.088,,0.0,,0.0,,
Tonga,TON,1992,100045.0,,0.073,0.732,,,0.073,,0.0,,0.0,,
Tonga,TON,1993,100120.0,,0.084,0.842,,,0.084,,0.0,,0.0,,
Tonga,TON,1994,100187.0,,0.088,0.878,,,0.088,,0.0,0.0,0.0,,
Tonga,TON,1995,100240.0,,0.095,0.95,,,0.095,,0.0,0.0,0.0,,
Tonga,TON,1996,100294.0,,0.077,0.767,,,0.077,,0.0,0.0,0.0,,
Tonga,TON,1997,100691.0,,0.095,0.946,,,0.095,,0.0,0.0,0.0,,
Tonga,TON,1998,101406.0,,0.092,0.903,,,0.092,,0.0,0.0,0.0,,
Tonga,TON,1999,102058.0,,0.11,1.077,,,0.11,,0.0,0.0,0.0,,
Tonga,TON,2000,102695.0,,0.099,0.963,,,0.099,,0.0,0.0,0.0,,
Tonga,TON,2001,103305.0,,0.092,0.887,,,0.092,,0.0,0.0,0.0,,
Tonga,TON,2002,103888.0,,0.095,0.917,,,0.095,,0.0,0.0,0.0,,
Tonga,TON,2003,104481.0,,0.117,1.122,,,0.117,,0.0,0.0,0.0,,
Tonga,TON,2004,105088.0,,0.114,1.081,,,0.114,,0.0,0.0,0.0,,
Tonga,TON,2005,105684.0,,0.114,1.075,,,0.114,,0.0,0.0,0.0,,
Tonga,TON,2006,106266.0,,0.128,1.207,,,0.128,,0.0,0.0,0.0,,
Tonga,TON,2007,106744.0,,0.114,1.064,,,0.114,,0.0,0.0,0.0,,
Tonga,TON,2008,107036.0,,0.106,0.993,,,0.106,,0.0,0.0,0.0,,
Tonga,TON,2009,107219.0,,0.121,1.128,,,0.121,,0.0,0.0,0.0,,
Tonga,TON,2010,107415.0,,0.117,1.092,,,0.117,,0.0,0.0,0.0,,
Tonga,TON,2011,107584.0,,0.106,0.988,,,0.106,,0.0,0.0,0.0,,
Tonga,TON,2012,107476.0,,0.106,0.989,,,0.106,,0.0,0.0,0.0,,
Tonga,TON,2013,107093.0,,0.11,1.026,,,0.11,,0.0,0.0,0.0,,
Tonga,TON,2014,106627.0,,0.106,0.997,,,0.106,,0.0,0.0,0.0,,
Tonga,TON,2015,106110.0,,0.106,1.001,,,0.106,,0.0,0.0,0.0,,
Tonga,TON,2016,105536.0,,0.139,1.319,,,0.139,,0.0,0.0,0.0,,
Tonga,TON,2017,105373.0,,0.143,1.356,,,0.143,,0.0,0.0,0.0,,
Tonga,TON,2018,105590.0,,0.132,1.249,,,0.132,,0.0,0.0,0.0,,
Tonga,TON,2019,105688.0,,0.161,1.525,,,0.161,,0.0,0.0,0.0,,
Tonga,TON,2020,105721.0,,0.139,1.317,,,0.139,,0.0,0.0,0.0,,
Tonga,TON,2021,105504.0,,0.139,1.32,,,0.139,,0.0,0.0,0.0,,
Tonga,TON,2022,105053.0,,0.147,1.395,,,0.147,,0.0,0.0,0.0,,
Tonga,TON,2023,104613.0,,0.146,1.394,,,0.146,,0.0,0.0,0.0,,
Tonga,TON,2024,104192.0,,0.153,1.464,,,0.153,,0.0,0.0,0.0,,
Trinidad and Tobago,TTO,1990,1252215.0,17710560000.0,16.978,13.559,0.959,,3.554,10.75,0.186,2.488,0.075,10.532,8.411
Trinidad and Tobago,TTO,1991,1262174.0,17744930735.0,16.964,13.441,0.956,,3.196,10.848,0.205,2.716,0.073,11.231,8.898
Trinidad and Tobago,TTO,1992,1271681.0,18033685367.0,19.098,15.018,1.059,,4.855,11.109,0.203,2.931,0.085,12.792,10.059
Trinidad and Tobago,TTO,1993,1280474.0,17565341385.0,17.405,13.593,0.991,,3.609,11.018,0.221,2.557,0.077,11.639,9.089
Trinidad and Tobago,TTO,1994,1288353.0,17136543834.0,15.342,11.908,0.895,,2.909,11.697,0.243,0.494,0.067,9.868,7.66
Trinidad and Tobago,TTO,1995,1295167.0,18276117548.0,14.725,11.369,0.806,,2.755,11.516,0.232,0.221,0.063,8.762,6.765
Trinidad and Tobago,TTO,1996,1300937.0,19382659994.0,18.449,14.181,0.952,,4.551,13.198,0.255,0.446,0.076,11.353,8.727
Trinidad and Tobago,TTO,1997,1305838.0,20630081772.0,18.9,14.473,0.916,,4.514,13.81,0.268,0.308,0.078,11.842,9.069
Trinidad and Tobago,TTO,1998,1310226.0,22081300091.0,19.892,15.182,0.901,,3.232,16.224,0.282,0.155,0.082,13.102,10.0
Trinidad and Tobago,TTO,1999,1314711.0,23618240997.0,22.58,17.175,0.956,,3.902,18.269,0.28,0.13,0.091,11.466,8.722
Trinidad and Tobago,TTO,2000,1319781.0,24996996038.0,24.35,18.45,0.974,,4.272,19.602,0.3,0.175,0.095,10.066,7.627
Trinidad and Tobago,TTO,2001,1325573.0,25814786793.0,26.74,20.172,1.036,,3.727,22.548,0.278,0.187,0.104,12.08,9.113
Trinidad and Tobago,TTO,2002,1332017.0,27665233734.0,28.683,21.533,1.037,,3.613,24.666,0.293,0.111,0.109,14.878,11.17
Trinidad and Tobago,TTO,2003,1338718.0,31435997895.0,32.37,24.18,1.03,,4.477,27.454,0.298,0.14,0.117,17.627,13.167
Trinidad and Tobago,TTO,2004,1345386.0,33689560531.0,32.688,24.297,0.97,,2.568,29.69,0.295,0.136,0.114,17.21,12.792
Trinidad and Tobago,TTO,2005,1352040.0,35495977662.0,38.205,28.257,1.076,,4.019,33.643,0.26,0.283,0.129,16.174,11.963
Trinidad and Tobago,TTO,2006,1358706.0,39852731106.0,42.708,31.433,1.072,,4.001,38.054,0.34,0.313,0.14,14.53,10.694
Trinidad and Tobago,TTO,2007,1365381.0,41413662308.0,45.564,33.371,1.1,,4.965,39.908,0.343,0.348,0.145,20.353,14.906
Trinidad and Tobago,TTO,2008,1372090.0,42494149374.0,44.443,32.39,1.046,,5.016,38.699,0.358,0.369,0.139,19.747,14.392
Trinidad and Tobago,TTO,2009,1379056.0,40299152132.0,44.417,32.209,1.102,,4.788,39.085,0.323,0.222,0.141,25.595,18.56
Trinidad and Tobago,TTO,2010,1386657.0,41285434067.0,47.092,33.961,1.141,,4.639,42.008,0.292,0.154,0.141,25.439,18.346
Trinidad and Tobago,TTO,2011,1394990.0,40819362692.0,47.043,33.723,1.152,,4.906,41.448,0.303,0.387,0.136,19.51,13.986
Trinidad and Tobago,TTO,2012,1403814.0,42669299120.0,46.159,32.881,1.082,,4.723,40.579,0.237,0.62,0.132,21.572,15.367
Trinidad and Tobago,TTO,2013,1412658.0,44309506041.0,45.799,32.421,1.034,,3.855,41.07,0.287,0.588,0.13,14.373,10.174
Trinidad and Tobago,TTO,2014,1421135.0,45781910542.0,46.866,32.978,1.024,,4.76,41.301,0.299,0.507,0.132,19.37,13.63
Trinidad and Tobago,TTO,2015,1429190.0,45435797433.0,45.534,31.86,1.002,,5.133,39.663,0.3,0.438,0.129,23.144,16.194
Trinidad and Tobago,TTO,2016,1437031.0,42362516644.0,39.867,27.743,0.941,,4.056,35.201,0.257,0.354,0.113,28.399,19.762
Trinidad and Tobago,TTO,2017,1445265.0,40368511597.0,40.297,27.882,0.998,,5.108,34.58,0.239,0.37,0.112,24.796,17.156
Trinidad and Tobago,TTO,2018,1470522.0,40016907555.0,40.307,27.41,1.007,,3.931,35.775,0.237,0.364,0.11,22.914,15.582
Trinidad and Tobago,TTO,2019,1484898.0,40060922958.0,40.755,27.446,1.017,,3.748,36.416,0.242,0.348,0.11,25.753,17.343
Trinidad and Tobago,TTO,2020,1481026.0,36985045051.0,35.043,23.661,0.947,,3.44,31.001,0.225,0.376,0.1,25.709,17.359
Trinidad and Tobago,TTO,2021,1487715.0,36605213818.0,36.389,24.46,0.994,,3.144,32.709,0.258,0.279,0.099,20.715,13.924
Trinidad and Tobago,TTO,2022,1495923.0,37513383973.0,37.493,25.063,0.999,,4.163,32.779,0.252,0.299,0.1,16.834,11.253
Trinidad and Tobago,TTO,2023,1502938.0,,35.536,23.644,,,4.247,30.765,0.252,0.271,0.093,22.352,14.872
Trinidad and Tobago,TTO,2024,1507778.0,,34.576,22.932,,,4.333,29.813,0.252,0.178,0.09,,
Tunisia,TUN,1990,8324509.0,43649701957.0,14.622,1.757,0.335,0.264,9.023,2.5,2.762,0.073,0.064,12.897,1.549
Tunisia,TUN,1991,8501826.0,45587109207.0,16.755,1.971,0.368,0.271,11.714,1.876,2.81,0.084,0.072,13.693,1.611
Tunisia,TUN,1992,8682509.0,49384845105.0,15.843,1.825,0.321,0.278,10.149,2.583,2.745,0.088,0.07,16.483,1.898
Tunisia,TUN,1993,8857916.0,50757975923.0,17.18,1.939,0.338,0.289,11.385,2.487,2.963,0.055,0.076,15.558,1.756
Tunisia,TUN,1994,9018447.0,52754322601.0,16.761,1.858,0.318,0.264,9.639,3.427,3.006,0.426,0.073,13.731,1.523
Tunisia,TUN,1995,9161263.0,54252486853.0,16.623,1.815,0.306,0.238,9.321,3.752,2.908,0.404,0.071,13.74,1.5
Tunisia,TUN,1996,9294433.0,58083472037.0,17.211,1.852,0.296,0.238,9.639,3.991,2.96,0.383,0.071,12.544,1.35
Tunisia,TUN,1997,9421273.0,61515605479.0,17.81,1.89,0.29,0.26,9.999,4.298,2.89,0.363,0.073,12.405,1.317
Tunisia,TUN,1998,9541669.0,64700491559.0,18.292,1.917,0.283,0.209,9.983,4.808,2.889,0.403,0.075,12.701,1.331
Tunisia,TUN,1999,9655966.0,68718201843.0,18.709,1.938,0.272,0.297,10.303,5.027,2.602,0.48,0.075,13.981,1.448
Tunisia,TUN,2000,9764940.0,71818861344.0,19.436,1.99,0.271,0.279,10.562,5.336,2.837,0.423,0.076,13.825,1.416
Tunisia,TUN,2001,9869679.0,75444595962.0,20.261,2.053,0.269,0.256,10.849,5.914,2.825,0.417,0.079,13.943,1.413
Tunisia,TUN,2002,9971521.0,76877531228.0,20.38,2.044,0.265,0.216,10.981,5.914,2.857,0.412,0.078,14.425,1.447
Tunisia,TUN,2003,10071638.0,81240064067.0,21.042,2.089,0.259,0.062,11.267,6.243,3.07,0.399,0.076,15.635,1.552
Tunisia,TUN,2004,10166170.0,86232298416.0,22.144,2.178,0.257,,11.659,6.515,3.554,0.417,0.077,15.797,1.554
Tunisia,TUN,2005,10255474.0,89804282207.0,22.516,2.196,0.251,,11.831,6.709,3.496,0.48,0.076,15.449,1.506
Tunisia,TUN,2006,10346408.0,95016289901.0,22.915,2.215,0.241,,11.836,6.895,3.608,0.576,0.075,16.215,1.567
Tunisia,TUN,2007,10441705.0,101101822575.0,24.725,2.368,0.245,,12.225,8.051,3.864,0.585,0.078,16.718,1.601
Tunisia,TUN,2008,10542637.0,105766317552.0,25.453,2.414,0.241,,11.97,8.764,3.921,0.798,0.079,16.82,1.595
Tunisia,TUN,2009,10650682.0,109299724050.0,25.353,2.38,0.232,,11.554,9.121,3.917,0.761,0.08,18.796,1.765
Tunisia,TUN,2010,10765984.0,112484995734.0,27.9,2.591,0.248,0.055,11.498,11.637,4.053,0.657,0.084,20.268,1.883
Tunisia,TUN,2011,10886041.0,110760053250.0,26.429,2.428,0.239,0.04,10.768,11.267,3.414,0.94,0.077,19.016,1.747
Tunisia,TUN,2012,11009649.0,115430801370.0,28.194,2.561,0.244,0.0,10.823,12.157,3.992,1.222,0.081,20.8,1.889
Tunisia,TUN,2013,11141365.0,118235775346.0,28.773,2.583,0.243,,11.386,12.123,4.156,1.108,0.082,20.989,1.884
Tunisia,TUN,2014,11274295.0,121889250523.0,29.875,2.65,0.245,,11.852,12.057,4.84,1.126,0.084,22.443,1.991
Tunisia,TUN,2015,11402270.0,123069138453.0,31.381,2.752,0.255,,14.004,11.571,4.896,0.91,0.089,23.849,2.092
Tunisia,TUN,2016,11528676.0,124443824545.0,30.971,2.686,0.249,,13.679,11.935,4.683,0.674,0.088,24.252,2.104
Tunisia,TUN,2017,11650504.0,127228891219.0,31.677,2.719,0.249,,14.314,12.438,4.397,0.529,0.088,24.28,2.084
Tunisia,TUN,2018,11765515.0,130568635947.0,31.122,2.645,0.238,,13.74,12.582,4.25,0.549,0.085,30.953,2.631
Tunisia,TUN,2019,11875084.0,132642060864.0,30.579,2.575,0.231,,13.066,12.644,4.405,0.464,0.082,30.061,2.531
Tunisia,TUN,2020,11974058.0,120945694784.0,28.845,2.409,0.238,,12.463,12.057,3.886,0.439,0.082,28.932,2.416
Tunisia,TUN,2021,12048625.0,126273349199.0,31.527,2.617,0.25,,13.506,12.927,4.583,0.512,0.086,31.527,2.617
Tunisia,TUN,2022,12119338.0,129457959410.0,30.785,2.54,0.238,,13.408,12.642,4.21,0.525,0.082,30.057,2.48
Tunisia,TUN,2023,12200434.0,,31.738,2.601,,,14.462,12.717,4.21,0.348,0.083,30.179,2.474
Tunisia,TUN,2024,12277103.0,,32.664,2.661,,,15.185,12.948,4.21,0.32,0.085,,
Turkey,TUR,1990,56015627.0,486761175773.0,154.572,2.759,0.318,70.393,61.206,8.902,10.845,0.22,0.68,209.635,3.742
Turkey,TUR,1991,57009892.0,498030901697.0,161.126,2.826,0.324,75.122,59.922,10.391,12.482,0.263,0.694,210.76,3.697
Turkey,TUR,1992,57990121.0,535075772045.0,167.234,2.884,0.313,75.2,64.451,11.234,13.775,0.254,0.743,243.553,4.2
Turkey,TUR,1993,58999164.0,586262069548.0,174.291,2.954,0.297,70.693,74.234,12.483,13.549,0.231,0.766,227.622,3.858
Turkey,TUR,1994,60033832.0,562010879560.0,170.592,2.842,0.304,68.715,71.561,12.768,14.011,0.219,0.743,207.464,3.456
Turkey,TUR,1995,61024501.0,610881311777.0,184.675,3.026,0.302,71.239,79.154,15.957,14.675,0.209,0.785,222.237,3.642
Turkey,TUR,1996,61951134.0,662700429389.0,203.098,3.278,0.306,82.834,83.31,18.352,15.225,0.208,0.838,214.589,3.464
Turkey,TUR,1997,62852968.0,722433616413.0,215.512,3.429,0.298,90.689,83.012,22.32,15.684,0.206,0.884,226.141,3.598
Turkey,TUR,1998,63734385.0,754598720693.0,215.586,3.383,0.286,94.199,78.611,23.216,15.879,0.194,0.887,228.375,3.583
Turkey,TUR,1999,64591916.0,725083487631.0,211.238,3.27,0.291,84.441,79.991,28.197,15.15,0.178,0.85,231.128,3.578
Turkey,TUR,2000,65425957.0,785054993224.0,232.934,3.56,0.297,98.746,83.478,31.52,15.767,0.168,0.913,253.992,3.882
Turkey,TUR,2001,66245125.0,732284634333.0,216.872,3.274,0.296,84.738,79.198,34.08,15.666,0.155,0.844,204.202,3.083
Turkey,TUR,2002,67048792.0,796073298321.0,224.32,3.346,0.282,87.46,81.248,36.118,16.109,0.148,0.854,224.342,3.346
Turkey,TUR,2003,67831735.0,848549642280.0,239.849,3.536,0.283,92.222,82.782,44.58,16.637,0.145,0.867,248.956,3.67
Turkey,TUR,2004,68592621.0,931152861082.0,247.843,3.613,0.266,93.6,86.729,45.741,17.868,0.14,0.866,282.541,4.119
Turkey,TUR,2005,69329557.0,1017383777200.0,267.711,3.861,0.263,102.317,85.264,55.996,19.851,0.142,0.904,309.416,4.463
Turkey,TUR,2006,70045351.0,1096826103018.0,285.429,4.075,0.26,111.846,84.056,63.272,21.64,0.135,0.933,337.929,4.824
Turkey,TUR,2007,70750593.0,1158406990670.0,316.497,4.473,0.273,126.307,88.686,72.95,23.654,0.133,1.005,373.1,5.273
Turkey,TUR,2008,71562343.0,1179868355277.0,312.628,4.369,0.265,123.11,87.255,72.056,25.804,0.135,0.975,359.728,5.027
Turkey,TUR,2009,72464846.0,1122756788420.0,318.568,4.396,0.284,130.557,84.008,72.087,28.078,0.138,1.011,335.772,4.634
Turkey,TUR,2010,73346766.0,1240496805446.0,318.71,4.345,0.257,129.887,81.342,72.076,31.128,0.156,0.957,366.102,4.991
Turkey,TUR,2011,74215203.0,1364782716000.0,344.215,4.638,0.252,135.545,84.966,86.095,32.661,0.151,0.998,400.533,5.397
Turkey,TUR,2012,75197196.0,1430132002360.0,358.645,4.769,0.251,141.931,90.715,87.321,32.576,0.144,1.026,407.462,5.419
Turkey,TUR,2013,76403032.0,1551491738617.0,350.634,4.589,0.226,125.758,95.672,87.21,35.215,0.146,0.994,404.495,5.294
Turkey,TUR,2014,78036154.0,1628131977724.0,367.272,4.706,0.226,130.662,100.357,93.898,35.823,0.145,1.036,414.091,5.306
Turkey,TUR,2015,80014222.0,1727192876718.0,387.704,4.845,0.224,139.511,109.354,97.265,35.554,0.155,1.095,432.124,5.401
Turkey,TUR,2016,81652087.0,1784590365590.0,405.552,4.967,0.227,152.353,116.646,91.833,38.268,0.158,1.146,437.727,5.361
Turkey,TUR,2017,83083667.0,1918472081554.0,430.622,5.183,0.224,158.754,119.63,104.5,40.574,0.157,1.197,461.481,5.554
Turkey,TUR,2018,84415966.0,1975637604336.0,423.818,5.021,0.215,163.517,116.761,95.751,40.815,0.174,1.154,448.303,5.311
Turkey,TUR,2019,85357670.0,1991116616493.0,406.568,4.763,0.204,166.01,115.728,84.189,34.256,0.183,1.096,418.83,4.907
Turkey,TUR,2020,86091691.0,2029749392174.0,416.328,4.836,0.205,159.424,115.652,92.305,42.497,0.195,1.184,421.198,4.892
Turkey,TUR,2021,86686254.0,2260196231771.0,457.377,5.276,0.202,166.276,122.541,115.661,46.306,0.21,1.241,447.997,5.168
Turkey,TUR,2022,87058469.0,2385996374127.0,443.603,5.095,0.186,166.445,128.859,100.05,42.022,0.218,1.182,442.38,5.081
Turkey,TUR,2023,87270502.0,,486.945,5.58,,194.937,133.637,110.09,42.511,0.214,1.278,483.031,5.535
Turkey,TUR,2024,87473800.0,,513.035,5.865,,209.284,136.297,119.504,42.181,0.214,1.329,,
Turkmenistan,TKM,1990,3760561.0,21201768000.0,33.361,8.871,1.574,1.416,14.324,16.75,0.608,0.263,0.147,,
Turkmenistan,TKM,1991,3855902.0,20437989542.0,30.439,7.894,1.489,1.207,12.003,16.413,0.572,0.245,0.131,,
Turkmenistan,TKM,1992,3944689.0,17569987922.0,31.994,8.111,1.821,1.59,17.34,12.617,0.447,,0.142,,
Turkmenistan,TKM,1993,4032415.0,18037537140.0,27.516,6.824,1.526,0.359,8.789,17.922,0.447,,0.121,,
Turkmenistan,TKM,1994,4116662.0,15091315379.0,34.216,8.312,2.267,0.0,8.813,24.346,0.284,0.773,0.149,,
Turkmenistan,TKM,1995,4191207.0,14166397093.0,34.569,8.248,2.44,0.0,8.111,25.645,0.177,0.636,0.147,,
Turkmenistan,TKM,1996,4263818.0,13366623522.0,31.654,7.424,2.368,0.264,9.42,20.738,0.183,1.049,0.131,,
Turkmenistan,TKM,1997,4336732.0,11995995999.0,31.196,7.193,2.601,0.0,9.209,21.166,0.182,0.64,0.128,,
Turkmenistan,TKM,1998,4410511.0,12945785203.0,33.446,7.583,2.584,0.0,11.809,20.035,0.182,1.42,0.138,,
Turkmenistan,TKM,1999,4492174.0,15251899688.0,39.797,8.859,2.609,0.0,12.906,24.518,0.182,2.191,0.16,,
Turkmenistan,TKM,2000,4582675.0,18299208667.0,39.361,8.589,2.151,0.0,12.337,24.948,0.181,1.895,0.154,,
Turkmenistan,TKM,2001,4675416.0,22282743473.0,34.034,7.279,1.527,0.0,11.611,20.372,0.181,1.871,0.132,,
Turkmenistan,TKM,2002,4769473.0,26092440396.0,30.131,6.317,1.155,0.0,13.124,14.52,0.18,2.306,0.115,,
Turkmenistan,TKM,2003,4863871.0,30907677346.0,40.568,8.341,1.313,0.0,14.836,22.552,0.179,3.001,0.147,,
Turkmenistan,TKM,2004,4958091.0,35857575608.0,49.355,9.954,1.376,0.0,15.345,30.884,0.218,2.909,0.173,,
Turkmenistan,TKM,2005,5052260.0,41000508021.0,47.929,9.487,1.169,0.0,15.359,29.821,0.256,2.492,0.162,,
Turkmenistan,TKM,2006,5147103.0,46019998793.0,49.5,9.617,1.076,0.0,14.997,31.518,0.359,2.626,0.162,,
Turkmenistan,TKM,2007,5244047.0,51693703669.0,49.183,9.379,0.951,0.0,15.679,30.718,0.362,2.424,0.156,,
Turkmenistan,TKM,2008,5345033.0,60001295021.0,59.438,11.12,0.991,0.0,16.202,40.073,0.392,2.772,0.185,,
Turkmenistan,TKM,2009,5451597.0,64409212896.0,52.462,9.623,0.815,0.0,15.253,34.497,0.42,2.293,0.166,,
Turkmenistan,TKM,2010,5564356.0,71115148352.0,59.184,10.636,0.832,0.0,16.986,39.685,0.439,2.074,0.178,,
Turkmenistan,TKM,2011,5683413.0,82520290491.0,65.155,11.464,0.79,0.0,17.752,43.327,0.738,3.339,0.189,,
Turkmenistan,TKM,2012,5808548.0,87581261691.0,66.939,11.524,0.764,0.0,18.576,42.865,0.894,4.603,0.192,,
Turkmenistan,TKM,2013,5939348.0,87286119372.0,64.34,10.833,0.737,0.0,19.093,40.0,1.013,4.233,0.182,,
Turkmenistan,TKM,2014,6075286.0,90639646545.0,62.799,10.337,0.693,0.0,19.98,37.97,1.107,3.743,0.177,,
Turkmenistan,TKM,2015,6215773.0,93346148579.0,63.092,10.15,0.676,0.0,18.881,39.487,1.259,3.465,0.178,,
Turkmenistan,TKM,2016,6360041.0,92434154525.0,62.091,9.763,0.672,0.0,17.971,39.485,1.336,3.3,0.175,,
Turkmenistan,TKM,2017,6507065.0,96785037864.0,62.957,9.675,0.65,0.0,18.965,39.487,1.374,3.131,0.175,,
Turkmenistan,TKM,2018,6655523.0,97638670425.0,61.302,9.211,0.628,0.0,17.983,39.487,1.03,2.801,0.167,,
Turkmenistan,TKM,2019,6803943.0,94329707021.0,62.254,9.15,0.66,0.0,17.668,41.143,0.916,2.527,0.168,,
Turkmenistan,TKM,2020,6949915.0,91559235694.0,62.905,9.051,0.687,0.0,16.232,42.814,0.725,3.135,0.179,,
Turkmenistan,TKM,2021,7092042.0,95789282239.0,91.694,12.929,0.957,0.0,16.462,72.269,0.763,2.199,0.249,,
Turkmenistan,TKM,2022,7230197.0,97502944727.0,102.063,14.116,1.047,0.0,17.177,82.073,0.801,2.011,0.272,,
Turkmenistan,TKM,2023,7364437.0,,95.421,12.957,,0.0,15.232,77.176,0.801,2.211,0.25,,
Turkmenistan,TKM,2024,7494494.0,,81.006,10.809,,0.0,15.31,62.365,0.801,2.528,0.21,,
Turks and Caicos Islands,TCA,1990,11708.0,,0.059,5.007,,,0.059,,0.0,,0.0,,
Turks and Caicos Islands,TCA,1991,12328.0,,0.062,5.053,,,0.062,,0.0,,0.0,,
Turks and Caicos Islands,TCA,1992,12992.0,,0.062,4.794,,,0.062,,0.0,,0.0,,
Turks and Caicos Islands,TCA,1993,13670.0,,0.066,4.825,,,0.066,,0.0,,0.0,,
Turks and Caicos Islands,TCA,1994,14368.0,,0.07,4.845,,,0.07,,0.0,0.0,0.0,,
Turks and Caicos Islands,TCA,1995,15074.0,,0.073,4.861,,,0.073,,0.0,0.0,0.0,,
Turks and Caicos Islands,TCA,1996,15786.0,,0.073,4.642,,,0.073,,0.0,0.0,0.0,,
Turks and Caicos Islands,TCA,1997,16505.0,,0.084,5.106,,,0.084,,0.0,0.0,0.0,,
Turks and Caicos Islands,TCA,1998,17236.0,,0.088,5.102,,,0.088,,0.0,0.0,0.0,,
Turks and Caicos Islands,TCA,1999,17981.0,,0.099,5.502,,,0.099,,0.0,0.0,0.0,,
Turks and Caicos Islands,TCA,2000,18754.0,,0.106,5.666,,,0.106,,0.0,0.0,0.0,,
Turks and Caicos Islands,TCA,2001,19603.0,,0.114,5.794,,,0.114,,0.0,0.0,0.0,,
Turks and Caicos Islands,TCA,2002,20619.0,,0.15,7.286,,,0.15,,0.0,0.0,0.001,,
Turks and Caicos Islands,TCA,2003,21749.0,,0.154,7.076,,,0.154,,0.0,0.0,0.001,,
Turks and Caicos Islands,TCA,2004,22881.0,,0.161,7.046,,,0.161,,0.0,0.0,0.001,,
Turks and Caicos Islands,TCA,2005,24011.0,,0.187,7.782,,,0.187,,0.0,0.0,0.001,,
Turks and Caicos Islands,TCA,2006,25146.0,,0.216,8.597,,,0.216,,0.0,0.0,0.001,,
Turks and Caicos Islands,TCA,2007,26290.0,,0.253,9.616,,,0.253,,0.0,0.0,0.001,,
Turks and Caicos Islands,TCA,2008,27452.0,,0.264,9.61,,,0.264,,0.0,0.0,0.001,,
Turks and Caicos Islands,TCA,2009,28610.0,,0.275,9.605,,,0.275,,0.0,0.0,0.001,,
Turks and Caicos Islands,TCA,2010,29763.0,,0.282,9.479,,,0.282,,0.0,0.0,0.001,,
Turks and Caicos Islands,TCA,2011,30870.0,,0.282,9.139,,,0.282,,0.0,0.0,0.001,,
Turks and Caicos Islands,TCA,2012,32152.0,,0.282,8.775,,,0.282,,0.0,0.0,0.001,,
Turks and Caicos Islands,TCA,2013,33675.0,,0.286,8.487,,,0.286,,0.0,0.0,0.001,,
Turks and Caicos Islands,TCA,2014,35077.0,,0.308,8.774,,,0.308,,0.0,0.0,0.001,,
Turks and Caicos Islands,TCA,2015,36632.0,,0.315,8.602,,,0.315,,0.0,0.0,0.001,,
Turks and Caicos Islands,TCA,2016,38342.0,,0.326,8.505,,,0.326,,0.0,0.0,0.001,,
Turks and Caicos Islands,TCA,2017,39931.0,,0.352,8.809,,,0.352,,0.0,0.0,0.001,,
Turks and Caicos Islands,TCA,2018,41580.0,,0.359,8.636,,,0.359,,0.0,0.0,0.001,,
Turks and Caicos Islands,TCA,2019,43191.0,,0.363,8.398,,,0.363,,0.0,0.0,0.001,,
Turks and Caicos Islands,TCA,2020,44405.0,,0.359,8.086,,,0.359,,0.0,0.0,0.001,,
Turks and Caicos Islands,TCA,2021,45262.0,,0.366,8.095,,,0.366,,0.0,0.0,0.001,,
Turks and Caicos Islands,TCA,2022,45869.0,,0.366,7.97,,,0.366,,0.0,0.0,0.001,,
Turks and Caicos Islands,TCA,2023,46221.0,,0.365,7.893,,,0.365,,0.0,0.0,0.001,,
Turks and Caicos Islands,TCA,2024,46563.0,,0.379,8.136,,,0.379,,0.0,0.0,0.001,,
Tuvalu,TUV,1990,8821.0,,0.004,0.415,,,0.004,,0.0,,0.0,,
Tuvalu,TUV,1991,8953.0,,0.004,0.409,,,0.004,,0.0,,0.0,,
Tuvalu,TUV,1992,9060.0,,0.004,0.404,,,0.004,,0.0,,0.0,,
Tuvalu,TUV,1993,9146.0,,0.007,0.801,,,0.007,,0.0,,0.0,,
Tuvalu,TUV,1994,9231.0,,0.004,0.397,,,0.004,,0.0,0.0,0.0,,
Tuvalu,TUV,1995,9299.0,,0.004,0.394,,,0.004,,0.0,0.0,0.0,,
Tuvalu,TUV,1996,9363.0,,0.004,0.391,,,0.004,,0.0,0.0,0.0,,
Tuvalu,TUV,1997,9425.0,,0.007,0.778,,,0.007,,0.0,0.0,0.0,,
Tuvalu,TUV,1998,9469.0,,0.007,0.774,,,0.007,,0.0,0.0,0.0,,
Tuvalu,TUV,1999,9518.0,,0.007,0.77,,,0.007,,0.0,0.0,0.0,,
Tuvalu,TUV,2000,9566.0,,0.007,0.766,,,0.007,,0.0,0.0,0.0,,
Tuvalu,TUV,2001,9608.0,,0.007,0.763,,,0.007,,0.0,0.0,0.0,,
Tuvalu,TUV,2002,9645.0,,0.011,1.14,,,0.011,,0.0,0.0,0.0,,
Tuvalu,TUV,2003,9715.0,,0.011,1.131,,,0.011,,0.0,0.0,0.0,,
Tuvalu,TUV,2004,9839.0,,0.011,1.117,,,0.011,,0.0,0.0,0.0,,
Tuvalu,TUV,2005,9964.0,,0.011,1.103,,,0.011,,0.0,0.0,0.0,,
Tuvalu,TUV,2006,10078.0,,0.011,1.091,,,0.011,,0.0,0.0,0.0,,
Tuvalu,TUV,2007,10204.0,,0.011,1.077,,,0.011,,0.0,0.0,0.0,,
Tuvalu,TUV,2008,10344.0,,0.007,0.708,,,0.007,,0.0,0.0,0.0,,
Tuvalu,TUV,2009,10479.0,,0.011,1.049,,,0.011,,0.0,0.0,0.0,,
Tuvalu,TUV,2010,10635.0,,0.011,1.034,,,0.011,,0.0,0.0,0.0,,
Tuvalu,TUV,2011,10804.0,,0.011,1.017,,,0.011,,0.0,0.0,0.0,,
Tuvalu,TUV,2012,10960.0,,0.011,1.003,,,0.011,,0.0,0.0,0.0,,
Tuvalu,TUV,2013,11028.0,,0.007,0.664,,,0.007,,0.0,0.0,0.0,,
Tuvalu,TUV,2014,11007.0,,0.007,0.666,,,0.007,,0.0,0.0,0.0,,
Tuvalu,TUV,2015,10985.0,,0.007,0.667,,,0.007,,0.0,0.0,0.0,,
Tuvalu,TUV,2016,10951.0,,0.007,0.669,,,0.007,,0.0,0.0,0.0,,
Tuvalu,TUV,2017,10892.0,,0.007,0.673,,,0.007,,0.0,0.0,0.0,,
Tuvalu,TUV,2018,10775.0,,0.011,1.02,,,0.011,,0.0,0.0,0.0,,
Tuvalu,TUV,2019,10603.0,,0.011,1.037,,,0.011,,0.0,0.0,0.0,,
Tuvalu,TUV,2020,10423.0,,0.011,1.055,,,0.011,,0.0,0.0,0.0,,
Tuvalu,TUV,2021,10214.0,,0.011,1.076,,,0.011,,0.0,0.0,0.0,,
Tuvalu,TUV,2022,10012.0,,0.011,1.098,,,0.011,,0.0,0.0,0.0,,
Tuvalu,TUV,2023,9837.0,,0.011,1.112,,,0.011,,0.0,0.0,0.0,,
Tuvalu,TUV,2024,9669.0,,0.011,1.183,,,0.011,,0.0,0.0,0.0,,
Uganda,UGA,1990,17569895.0,16268766281.0,0.761,0.043,0.047,,0.751,,0.01,,0.003,1.313,0.075
Uganda,UGA,1991,18155901.0,16538921393.0,0.783,0.043,0.047,,0.766,,0.018,,0.003,1.337,0.074
Uganda,UGA,1992,18785037.0,17483615008.0,0.801,0.043,0.046,,0.784,,0.017,,0.004,1.396,0.074
Uganda,UGA,1993,19445161.0,18599694641.0,0.797,0.041,0.043,,0.78,,0.017,,0.004,1.542,0.079
Uganda,UGA,1994,20108804.0,19993293080.0,0.712,0.035,0.036,,0.7,,0.012,0.0,0.003,1.469,0.073
Uganda,UGA,1995,20665673.0,21811147459.0,0.925,0.045,0.042,,0.898,,0.028,0.0,0.004,1.691,0.082
Uganda,UGA,1996,21231553.0,23216439568.0,1.018,0.048,0.044,,0.938,,0.08,0.0,0.004,1.695,0.08
Uganda,UGA,1997,21856044.0,24283122652.0,1.062,0.049,0.044,,0.971,,0.091,0.0,0.004,1.783,0.082
Uganda,UGA,1998,22515809.0,25735377689.0,1.209,0.054,0.047,,1.11,,0.099,0.0,0.005,2.011,0.089
Uganda,UGA,1999,23257279.0,27748054330.0,1.255,0.054,0.045,,1.15,,0.104,0.0,0.005,2.863,0.123
Uganda,UGA,2000,24000158.0,28839086120.0,1.361,0.057,0.047,,1.253,,0.108,0.0,0.005,2.75,0.115
Uganda,UGA,2001,24745678.0,31387264047.0,1.417,0.057,0.045,,1.293,,0.124,0.0,0.006,2.581,0.104
Uganda,UGA,2002,25532872.0,33626854165.0,1.443,0.056,0.043,,1.301,,0.142,0.0,0.005,2.964,0.116
Uganda,UGA,2003,26352124.0,35593796200.0,1.513,0.057,0.043,,1.374,,0.139,0.0,0.005,2.65,0.101
Uganda,UGA,2004,27154513.0,37411396915.0,1.607,0.059,0.043,,1.458,,0.149,0.0,0.006,2.874,0.106
Uganda,UGA,2005,27963287.0,40921116463.0,2.018,0.072,0.049,0.0,1.854,,0.164,0.0,0.007,3.415,0.122
Uganda,UGA,2006,28794005.0,43572248099.0,2.387,0.083,0.055,0.0,2.224,,0.163,0.0,0.008,3.851,0.134
Uganda,UGA,2007,29653437.0,46853864818.0,2.706,0.091,0.058,0.0,2.561,,0.145,0.0,0.009,4.363,0.147
Uganda,UGA,2008,30539547.0,51468911832.0,2.78,0.091,0.054,0.0,2.594,,0.186,0.0,0.009,4.466,0.146
Uganda,UGA,2009,31451147.0,55303695281.0,2.996,0.095,0.054,0.0,2.796,,0.201,0.0,0.01,5.004,0.159
Uganda,UGA,2010,32390801.0,59228535712.0,3.57,0.11,0.06,0.0,3.246,,0.323,0.0,0.011,5.625,0.174
Uganda,UGA,2011,33354541.0,62855840742.0,3.828,0.115,0.061,0.0,3.433,,0.395,0.0,0.011,6.094,0.183
Uganda,UGA,2012,34337436.0,64322268140.0,3.627,0.106,0.056,0.0,3.199,,0.428,0.0,0.01,5.432,0.158
Uganda,UGA,2013,35337050.0,66855286085.0,3.755,0.106,0.056,0.0,3.397,,0.358,0.0,0.011,5.758,0.163
Uganda,UGA,2014,36395542.0,70696115682.0,4.09,0.112,0.058,0.0,3.697,,0.393,0.0,0.012,6.292,0.173
Uganda,UGA,2015,37531444.0,76356053069.0,4.529,0.121,0.059,0.0,4.18,,0.349,0.0,0.013,6.453,0.172
Uganda,UGA,2016,38799153.0,76477462940.0,4.817,0.124,0.063,0.0,4.444,,0.373,0.0,0.014,6.808,0.175
Uganda,UGA,2017,40177384.0,81700865546.0,5.406,0.135,0.066,0.0,5.031,,0.376,0.0,0.015,7.604,0.189
Uganda,UGA,2018,41565839.0,86196050499.0,5.549,0.133,0.064,0.0,5.166,,0.382,0.0,0.015,7.74,0.186
Uganda,UGA,2019,42999636.0,92903828922.0,5.761,0.134,0.062,0.0,5.302,,0.459,0.0,0.016,7.77,0.181
Uganda,UGA,2020,44457148.0,91695146192.0,5.571,0.125,0.061,0.0,5.012,,0.559,0.0,0.016,7.483,0.168
Uganda,UGA,2021,45910931.0,97200521048.0,6.232,0.136,0.064,0.0,5.544,,0.689,0.0,0.017,8.568,0.187
Uganda,UGA,2022,47312718.0,101995416951.0,6.128,0.13,0.06,0.0,5.47,,0.658,0.0,0.016,9.026,0.191
Uganda,UGA,2023,48656606.0,,6.236,0.128,,0.0,5.578,,0.658,0.0,0.016,8.802,0.181
Uganda,UGA,2024,50015091.0,,6.334,0.127,,0.0,5.676,,0.658,0.0,0.016,,
Ukraine,UKR,1990,52054096.0,495935180914.0,706.526,13.573,1.425,263.168,205.658,216.489,9.401,3.483,3.108,515.946,9.912
Ukraine,UKR,1991,52170967.0,460353469353.0,633.194,12.137,1.375,222.622,167.016,225.154,8.918,3.065,2.729,466.902,8.949
Ukraine,UKR,1992,52323675.0,421710473536.0,589.505,11.267,1.398,245.344,129.091,197.352,8.679,2.709,2.618,445.812,8.52
Ukraine,UKR,1993,52350122.0,367893677382.0,510.495,9.752,1.388,235.88,94.454,166.041,6.398,2.437,2.244,380.033,7.259
Ukraine,UKR,1994,52076000.0,288418666392.0,419.63,8.058,1.455,185.817,77.552,144.444,4.991,2.277,1.826,281.924,5.414
Ukraine,UKR,1995,51665535.0,257477945796.0,390.173,7.552,1.515,174.093,72.284,134.149,3.408,2.226,1.659,228.548,4.424
Ukraine,UKR,1996,51226111.0,235602711740.0,351.834,6.868,1.493,146.215,60.753,137.963,2.161,2.231,1.452,283.905,5.542
Ukraine,UKR,1997,50786881.0,232333254592.0,340.586,6.706,1.466,154.305,49.44,129.79,2.415,2.212,1.397,275.191,5.419
Ukraine,UKR,1998,50379728.0,231737294856.0,328.878,6.528,1.419,123.079,42.523,155.991,2.788,2.191,1.354,251.173,4.986
Ukraine,UKR,1999,49976445.0,235148309693.0,298.636,5.976,1.27,123.714,37.496,130.423,2.535,2.145,1.202,234.785,4.698
Ukraine,UKR,2000,49556654.0,253196030608.0,285.663,5.764,1.128,122.878,31.578,124.314,2.261,2.147,1.12,216.596,4.371
Ukraine,UKR,2001,49106854.0,281110336028.0,303.876,6.188,1.081,131.831,33.959,130.417,2.475,2.191,1.183,254.565,5.184
Ukraine,UKR,2002,48677280.0,301087057315.0,295.901,6.079,0.983,136.228,35.329,116.284,2.817,2.178,1.127,244.011,5.013
Ukraine,UKR,2003,48315133.0,335257370240.0,307.245,6.359,0.916,132.444,37.207,128.304,3.612,2.379,1.111,218.725,4.527
Ukraine,UKR,2004,47979502.0,381078098070.0,310.626,6.474,0.815,135.323,36.424,128.409,4.264,2.573,1.086,205.287,4.279
Ukraine,UKR,2005,47585558.0,399366244154.0,313.513,6.588,0.785,135.906,36.209,130.345,4.785,2.472,1.059,235.062,4.94
Ukraine,UKR,2006,47278691.0,436786761547.0,333.054,7.044,0.763,154.04,40.458,126.73,5.484,2.49,1.089,257.602,5.449
Ukraine,UKR,2007,47062802.0,480580682697.0,336.829,7.157,0.701,161.469,43.07,119.453,6.164,2.618,1.069,284.127,6.037
Ukraine,UKR,2008,46819168.0,499592169886.0,325.983,6.963,0.652,154.64,43.841,114.802,6.294,2.696,1.017,291.425,6.224
Ukraine,UKR,2009,46623731.0,431074416655.0,277.593,5.954,0.644,136.611,42.642,89.978,2.59,2.647,0.881,247.778,5.314
Ukraine,UKR,2010,46455997.0,439429783004.0,294.366,6.336,0.67,145.421,39.788,100.442,2.882,2.618,0.884,236.903,5.1
Ukraine,UKR,2011,46307854.0,471221167316.0,308.376,6.659,0.654,153.853,39.729,104.231,3.901,2.679,0.894,265.501,5.733
Ukraine,UKR,2012,46210051.0,472276721174.0,304.43,6.588,0.645,158.981,38.431,97.275,3.281,2.549,0.871,257.82,5.579
Ukraine,UKR,2013,46126760.0,472286166147.0,297.54,6.45,0.63,160.185,37.337,90.538,3.397,2.529,0.843,251.774,5.458
Ukraine,UKR,2014,45972379.0,441233307180.0,257.703,5.606,0.584,138.373,35.33,75.249,3.299,2.494,0.727,195.282,4.248
Ukraine,UKR,2015,45784904.0,398045419167.0,223.85,4.889,0.562,119.393,30.481,65.549,3.278,2.382,0.632,167.449,3.657
Ukraine,UKR,2016,45616831.0,407666198456.0,234.106,5.132,0.574,126.828,34.119,64.212,3.627,2.373,0.661,190.977,4.187
Ukraine,UKR,2017,45436037.0,417287091525.0,223.288,4.914,0.535,112.586,35.336,66.828,3.557,2.304,0.621,199.675,4.395
Ukraine,UKR,2018,45208903.0,431842093109.0,231.9,5.13,0.537,120.544,35.209,67.185,3.716,2.399,0.631,213.284,4.718
Ukraine,UKR,2019,44957451.0,445656664440.0,222.188,4.942,0.499,114.046,38.477,60.633,3.961,2.355,0.599,209.37,4.657
Ukraine,UKR,2020,44680008.0,428931213784.0,207.101,4.635,0.483,102.155,34.911,60.882,4.065,2.304,0.589,194.506,4.353
Ukraine,UKR,2021,44298642.0,443313281092.0,210.636,4.755,0.475,103.68,37.067,60.415,4.339,2.253,0.571,203.006,4.583
Ukraine,UKR,2022,41048768.0,309166674673.0,143.04,3.485,0.463,61.251,31.397,44.152,2.926,2.049,0.381,168.126,4.096
Ukraine,UKR,2023,37732833.0,,139.325,3.692,,54.793,31.055,46.487,3.33,2.078,0.366,166.306,4.407
Ukraine,UKR,2024,37860221.0,,142.498,3.764,,54.556,31.476,49.476,3.33,2.078,0.369,,
United Arab Emirates,ARE,1990,1898220.0,40641367500.0,51.908,27.346,1.277,,17.624,30.701,1.565,2.019,0.228,55.09,29.022
United Arab Emirates,ARE,1991,2006630.0,,56.896,28.354,,,17.437,36.798,1.661,1.0,0.245,60.447,30.123
United Arab Emirates,ARE,1992,2114738.0,,58.005,27.429,,,20.575,34.004,1.811,1.616,0.258,62.756,29.675
United Arab Emirates,ARE,1993,2222098.0,55149661292.0,65.832,29.626,1.194,,27.489,35.597,1.899,0.846,0.289,68.026,30.613
United Arab Emirates,ARE,1994,2328191.0,64654417907.0,75.35,32.364,1.165,,28.563,41.266,2.365,3.157,0.328,78.156,33.569
United Arab Emirates,ARE,1995,2434667.0,75243844061.0,72.874,29.932,0.969,,22.066,44.875,2.789,3.144,0.31,78.192,32.116
United Arab Emirates,ARE,1996,2597570.0,87750952594.0,75.836,29.195,0.864,,15.392,54.238,2.817,3.388,0.313,79.712,30.687
United Arab Emirates,ARE,1997,2817410.0,104923199568.0,73.298,26.016,0.699,,14.942,53.157,2.456,2.743,0.301,83.359,29.587
United Arab Emirates,ARE,1998,3040432.0,115962052318.0,80.625,26.517,0.695,,19.119,55.905,3.293,2.307,0.332,97.408,32.038
United Arab Emirates,ARE,1999,3266011.0,131410914902.0,77.844,23.835,0.592,,15.309,56.982,3.282,2.271,0.313,102.121,31.268
United Arab Emirates,ARE,2000,3493583.0,160530689682.0,112.277,32.138,0.699,,46.617,60.331,2.822,2.507,0.44,85.748,24.544
United Arab Emirates,ARE,2001,3723596.0,177271829556.0,101.896,27.365,0.575,0.07,34.955,61.929,2.789,2.153,0.397,89.71,24.092
United Arab Emirates,ARE,2002,3956829.0,195394872658.0,85.213,21.536,0.436,0.359,10.31,69.525,3.163,1.856,0.324,88.595,22.39
United Arab Emirates,ARE,2003,4192465.0,224547226340.0,107.106,25.547,0.477,0.421,28.904,72.211,3.572,1.997,0.387,125.083,29.835
United Arab Emirates,ARE,2004,4428964.0,252047957126.0,112.469,25.394,0.446,0.476,29.278,77.073,3.97,1.67,0.393,133.538,30.151
United Arab Emirates,ARE,2005,4664797.0,262413275144.0,115.273,24.711,0.439,0.55,30.43,78.226,4.358,1.71,0.389,148.085,31.745
United Arab Emirates,ARE,2006,5009106.0,307378573765.0,122.723,24.5,0.399,1.066,31.694,82.561,5.607,1.796,0.401,170.673,34.072
United Arab Emirates,ARE,2007,5624640.0,367816178792.0,134.103,23.842,0.365,0.513,33.797,91.296,6.772,1.725,0.426,189.206,33.639
United Arab Emirates,ARE,2008,6302669.0,464692468324.0,155.03,24.598,0.334,1.374,35.07,107.807,9.182,1.597,0.484,221.324,35.116
United Arab Emirates,ARE,2009,6707063.0,480551549339.0,169.088,25.21,0.352,1.041,45.082,113.47,7.905,1.59,0.537,213.095,31.772
United Arab Emirates,ARE,2010,6938372.0,490048925162.0,185.848,26.786,0.379,2.477,57.387,116.869,7.46,1.656,0.558,216.543,31.209
United Arab Emirates,ARE,2011,7199436.0,551070287560.0,198.518,27.574,0.36,1.678,58.348,130.169,6.603,1.72,0.576,231.979,32.222
United Arab Emirates,ARE,2012,7497122.0,577394943300.0,208.324,27.787,0.361,5.251,62.535,132.61,6.144,1.785,0.596,241.162,32.167
United Arab Emirates,ARE,2013,7831851.0,606587973942.0,214.188,27.348,0.353,6.72,62.408,136.408,6.321,2.331,0.607,258.6,33.019
United Arab Emirates,ARE,2014,8236880.0,631858461256.0,214.53,26.045,0.34,7.485,60.256,133.339,11.707,1.743,0.605,258.772,31.416
United Arab Emirates,ARE,2015,8674633.0,674742705535.0,225.045,25.943,0.334,6.507,74.301,134.155,8.28,1.802,0.636,261.447,30.139
United Arab Emirates,ARE,2016,9030873.0,712265114847.0,227.898,25.235,0.32,6.976,77.715,134.914,6.826,1.467,0.644,259.005,28.68
United Arab Emirates,ARE,2017,9234330.0,717500233045.0,196.493,21.279,0.274,8.068,59.602,119.959,7.028,1.835,0.546,238.64,25.843
United Arab Emirates,ARE,2018,9346870.0,726928170282.0,204.105,21.837,0.281,7.277,70.029,117.576,6.947,2.277,0.556,247.257,26.453
United Arab Emirates,ARE,2019,9377855.0,734982504070.0,204.058,21.76,0.278,6.734,58.165,130.964,6.503,1.693,0.55,236.716,25.242
United Arab Emirates,ARE,2020,9448529.0,698549476819.0,215.266,22.783,0.308,8.086,67.015,132.351,6.018,1.796,0.612,221.779,23.472
United Arab Emirates,ARE,2021,9789055.0,725904671328.0,212.173,21.675,0.292,10.054,69.805,124.621,6.058,1.634,0.576,239.585,24.475
United Arab Emirates,ARE,2022,10242085.0,779701520404.0,207.103,20.221,0.266,3.94,60.793,134.488,6.139,1.743,0.552,252.654,24.668
United Arab Emirates,ARE,2023,10642089.0,,210.425,19.773,,4.012,62.891,135.677,6.139,1.705,0.552,248.068,23.31
United Arab Emirates,ARE,2024,11027135.0,,221.988,20.131,,4.317,65.559,144.453,6.139,1.52,0.575,,
United Kingdom,GBR,1990,57367867.0,1505692258761.0,601.945,10.493,0.4,252.69,217.8,113.518,7.295,6.787,2.648,666.007,11.609
United Kingdom,GBR,1991,57555199.0,1488075367051.0,609.413,10.588,0.41,253.623,218.39,121.693,5.994,6.26,2.626,677.034,11.763
United Kingdom,GBR,1992,57719273.0,1491752084171.0,593.846,10.289,0.398,237.747,218.447,122.296,5.456,6.444,2.637,701.879,12.16
United Kingdom,GBR,1993,57861037.0,1527509015289.0,579.613,10.017,0.379,207.686,219.163,137.591,5.525,6.636,2.548,660.38,11.413
United Kingdom,GBR,1994,58003200.0,1585373248060.0,574.017,9.896,0.362,195.376,215.736,145.455,6.368,7.426,2.498,651.189,11.227
United Kingdom,GBR,1995,58154632.0,1623858039641.0,566.159,9.735,0.349,181.699,211.595,154.254,6.285,8.341,2.407,647.734,11.138
United Kingdom,GBR,1996,58298563.0,1663446715470.0,586.761,10.065,0.353,173.072,216.892,177.543,6.416,8.707,2.421,673.726,11.556
United Kingdom,GBR,1997,58447091.0,1713864597603.0,562.708,9.628,0.328,154.729,207.743,182.887,6.71,7.211,2.308,661.345,11.315
United Kingdom,GBR,1998,58626822.0,1766619867063.0,568.544,9.698,0.322,154.088,204.934,191.361,6.838,7.448,2.34,691.94,11.802
United Kingdom,GBR,1999,58838663.0,1823341961805.0,561.65,9.546,0.308,138.313,201.663,205.231,6.531,6.171,2.261,688.601,11.703
United Kingdom,GBR,2000,59057333.0,1889565292321.0,569.034,9.635,0.301,144.443,198.238,210.131,6.332,6.446,2.23,739.098,12.515
United Kingdom,GBR,2001,59288095.0,1939268312671.0,577.971,9.749,0.298,153.534,198.651,210.16,5.844,6.493,2.25,729.478,12.304
United Kingdom,GBR,2002,59540764.0,1983994308619.0,560.273,9.41,0.282,141.691,196.13,207.03,5.988,6.179,2.133,734.855,12.342
United Kingdom,GBR,2003,59820385.0,2050625402735.0,571.619,9.556,0.279,153.103,194.397,208.462,5.868,5.563,2.067,763.025,12.755
United Kingdom,GBR,2004,60169964.0,2099526641365.0,573.43,9.53,0.273,147.662,197.952,211.734,5.977,5.619,2.004,774.668,12.875
United Kingdom,GBR,2005,60596107.0,2161729510824.0,570.338,9.412,0.264,148.033,200.448,205.438,5.941,5.991,1.927,765.833,12.638
United Kingdom,GBR,2006,61051093.0,2212618867772.0,567.846,9.301,0.257,160.844,197.183,194.126,5.893,5.272,1.856,766.86,12.561
United Kingdom,GBR,2007,61535859.0,2267631534502.0,559.566,9.093,0.247,150.844,196.16,196.52,6.117,5.417,1.776,764.976,12.431
United Kingdom,GBR,2008,62027303.0,2252034759561.0,544.932,8.785,0.242,139.219,188.8,202.655,5.205,4.75,1.7,731.521,11.794
United Kingdom,GBR,2009,62506222.0,2151479208521.0,494.108,7.905,0.23,113.823,180.264,188.07,3.721,4.881,1.568,641.824,10.268
United Kingdom,GBR,2010,63006482.0,2190919919855.0,511.905,8.125,0.234,118.03,179.848,201.927,3.792,4.738,1.536,686.866,10.902
United Kingdom,GBR,2011,63509285.0,2223011392593.0,469.713,7.396,0.211,117.15,172.06,168.236,4.097,4.453,1.362,626.621,9.867
United Kingdom,GBR,2012,63960488.0,2255210551431.0,487.477,7.622,0.216,148.005,170.288,158.24,3.724,3.646,1.395,640.541,10.015
United Kingdom,GBR,2013,64389386.0,2296252599482.0,477.611,7.418,0.208,142.457,165.756,157.622,4.029,4.216,1.354,624.81,9.704
United Kingdom,GBR,2014,64865914.0,2369725553442.0,438.807,6.765,0.185,115.434,166.511,144.492,4.215,4.436,1.237,604.907,9.325
United Kingdom,GBR,2015,65382107.0,2426435869267.0,422.461,6.461,0.174,91.548,170.773,147.899,4.393,4.641,1.193,597.001,9.131
United Kingdom,GBR,2016,65893359.0,2478973016876.0,399.43,6.062,0.161,47.825,173.93,165.742,4.553,4.559,1.129,582.755,8.844
United Kingdom,GBR,2017,66354473.0,2539548543933.0,387.367,5.838,0.153,39.129,174.851,161.697,4.41,4.301,1.077,558.336,8.414
United Kingdom,GBR,2018,66752473.0,2582848171416.0,379.73,5.689,0.147,33.28,173.087,161.485,4.364,4.476,1.034,545.247,8.168
United Kingdom,GBR,2019,67110958.0,2624285076706.0,364.753,5.435,0.139,24.513,168.996,159.321,4.448,4.283,0.984,524.734,7.819
United Kingdom,GBR,2020,67351860.0,2334804059780.0,326.263,4.844,0.14,22.809,143.981,149.42,3.9,3.443,0.928,469.892,6.977
United Kingdom,GBR,2021,67668788.0,2512190098029.0,342.366,5.059,0.136,23.758,149.626,158.503,4.215,3.504,0.929,517.614,7.649
United Kingdom,GBR,2022,68179315.0,2615230634906.0,311.118,4.563,0.119,19.979,146.334,135.047,4.045,3.196,0.829,502.77,7.374
United Kingdom,GBR,2023,68682965.0,,307.826,4.482,,17.914,154.684,125.766,3.515,3.327,0.808,487.1,7.092
United Kingdom,GBR,2024,69138185.0,,312.906,4.526,,16.948,159.6,126.62,3.624,3.42,0.811,,
United States,USA,1990,253373387.0,9250377579093.0,5131.761,20.254,0.555,1781.824,2139.346,1004.975,33.484,42.668,22.575,5051.34,19.936
United States,USA,1991,256471424.0,9224688313722.0,5076.413,19.793,0.55,1764.221,2082.099,1023.332,32.736,41.848,21.876,4974.38,19.395
United States,USA,1992,259606021.0,9552658514601.0,5178.77,19.949,0.542,1780.599,2130.489,1058.593,32.993,41.456,22.996,5187.538,19.982
United States,USA,1993,262633229.0,9814940456277.0,5279.52,20.102,0.538,1847.292,2144.156,1090.166,34.838,41.099,23.207,5227.086,19.903
United States,USA,1994,265474811.0,10211204686187.0,5361.863,20.197,0.525,1855.938,2181.844,1114.334,36.31,41.05,23.338,5322.476,20.049
United States,USA,1995,268205796.0,10488856843750.0,5425.837,20.23,0.517,1875.787,2174.303,1163.186,37.075,39.276,23.072,5386.56,20.084
United States,USA,1996,270860695.0,10886952373500.0,5601.094,20.679,0.514,1951.815,2257.023,1181.318,37.309,37.886,23.113,5545.206,20.473
United States,USA,1997,273468014.0,11375561318703.0,5673.144,20.745,0.499,1992.723,2273.815,1186.717,38.561,37.911,23.269,5638.635,20.619
United States,USA,1998,276119323.0,11881792533609.0,5736.36,20.775,0.483,2018.609,2320.08,1165.559,39.461,35.58,23.611,5838.892,21.146
United States,USA,1999,278785482.0,12438444530000.0,5800.281,20.806,0.466,2013.12,2374.201,1168.759,40.239,35.494,23.353,5937.449,21.298
United States,USA,2000,281484126.0,12947417795437.0,6023.158,21.398,0.465,2122.34,2440.405,1227.529,41.445,35.984,23.61,6229.7,22.132
United States,USA,2001,284279634.0,13073810008320.0,5903.562,20.767,0.452,2054.729,2448.622,1173.162,41.613,35.707,22.977,6149.08,21.63
United States,USA,2002,287084335.0,13307343638671.0,5947.819,20.718,0.447,2060.072,2443.823,1212.087,43.164,36.091,22.645,6273.817,21.854
United States,USA,2003,289908091.0,13680911930765.0,6006.44,20.718,0.439,2100.323,2505.134,1176.551,43.349,36.138,21.721,6435.501,22.198
United States,USA,2004,292786248.0,14198910513593.0,6111.545,20.874,0.43,2115.293,2571.107,1177.528,45.886,36.824,21.362,6555.775,22.391
United States,USA,2005,295716666.0,14673826218839.0,6126.903,20.719,0.418,2139.954,2584.13,1160.661,46.194,37.015,20.7,6656.012,22.508
United States,USA,2006,298730208.0,15065164240312.0,6045.326,20.237,0.401,2103.871,2550.54,1146.714,46.851,38.003,19.76,6618.921,22.157
United States,USA,2007,301844223.0,15333183877566.0,6121.542,20.28,0.399,2130.169,2538.968,1221.593,45.509,38.481,19.434,6526.727,21.623
United States,USA,2008,304970325.0,15288552732632.0,5919.221,19.409,0.387,2096.888,2370.623,1229.733,41.416,40.052,18.469,6218.075,20.389
United States,USA,2009,308023452.0,14864003344421.0,5486.104,17.811,0.369,1842.392,2243.79,1211.966,29.615,38.602,17.409,5726.083,18.59
United States,USA,2010,311062785.0,15239586726210.0,5669.25,18.225,0.372,1946.51,2258.293,1266.778,31.449,40.896,17.016,5889.832,18.935
United States,USA,2011,314105075.0,15477885525000.0,5538.973,17.634,0.358,1840.243,2212.686,1287.589,32.208,43.764,16.064,5737.398,18.266
United States,USA,2012,317115349.0,15830886903539.0,5331.467,16.812,0.337,1625.427,2152.244,1344.719,35.27,47.492,15.252,5550.323,17.503
United States,USA,2013,320110752.0,16122472460312.0,5473.436,17.099,0.339,1684.672,2178.417,1381.183,36.369,53.023,15.516,5637.723,17.612
United States,USA,2014,323115377.0,16491319003554.0,5531.385,17.119,0.335,1682.162,2210.569,1411.355,39.439,58.748,15.596,5758.396,17.821
United States,USA,2015,326126496.0,16937633974582.0,5368.497,16.461,0.317,1446.99,2235.988,1444.047,39.907,60.574,15.164,5693.528,17.458
United States,USA,2016,329179423.0,17220065720000.0,5245.362,15.935,0.305,1319.993,2252.27,1451.146,39.439,51.655,14.82,5557.76,16.884
United States,USA,2017,332204657.0,17606124654726.0,5195.417,15.639,0.295,1277.049,2259.157,1424.996,40.324,55.272,14.442,5526.131,16.635
United States,USA,2018,335056492.0,18124692769570.0,5361.236,16.001,0.296,1224.38,2305.441,1577.716,38.971,67.922,14.595,5684.537,16.966
United States,USA,2019,337790069.0,18540552700117.0,5235.912,15.5,0.282,1043.896,2299.82,1632.056,40.896,84.52,14.118,5580.077,16.519
United States,USA,2020,339436156.0,18027359681343.0,4689.954,13.817,0.26,853.925,1991.579,1612.504,40.688,66.085,13.34,5103.084,15.034
United States,USA,2021,340161438.0,19099378164000.0,5020.111,14.758,0.263,979.504,2182.605,1617.424,41.312,60.221,13.617,5489.663,16.138
United States,USA,2022,341534041.0,19493170182843.0,5055.403,14.802,0.259,916.343,2198.937,1707.391,41.884,58.882,13.471,5565.989,16.297
United States,USA,2023,343477330.0,,4918.407,14.319,,758.572,2199.111,1723.424,40.636,61.328,12.911,5431.659,15.814
United States,USA,2024,345426566.0,,4904.12,14.197,,732.886,2189.161,1748.138,37.271,61.328,12.705,,
Uruguay,URY,1990,3104404.0,32048550000.0,3.977,1.281,0.124,0.004,3.737,,0.236,,0.017,4.807,1.548
Uruguay,URY,1991,3122357.0,33068762787.0,4.537,1.453,0.137,0.004,4.298,,0.235,,0.02,5.375,1.721
Uruguay,URY,1992,3139704.0,35598179277.0,5.151,1.641,0.145,0.004,4.913,,0.234,,0.023,6.083,1.937
Uruguay,URY,1993,3156351.0,36471137081.0,4.447,1.409,0.122,0.0,4.214,,0.233,,0.02,5.593,1.772
Uruguay,URY,1994,3172839.0,39036401631.0,4.041,1.274,0.104,0.0,3.712,,0.329,0.0,0.018,5.361,1.69
Uruguay,URY,1995,3189438.0,38399568880.0,4.565,1.431,0.119,0.0,4.287,,0.278,0.0,0.019,5.983,1.876
Uruguay,URY,1996,3206329.0,40381614675.0,5.414,1.688,0.134,0.004,5.093,,0.317,0.0,0.022,7.088,2.211
Uruguay,URY,1997,3223349.0,42411759380.0,5.522,1.713,0.13,0.004,5.159,,0.36,0.0,0.023,7.168,2.224
Uruguay,URY,1998,3239286.0,44280079225.0,5.651,1.745,0.128,0.004,5.243,0.004,0.401,0.0,0.023,7.716,2.382
Uruguay,URY,1999,3254020.0,43167608203.0,6.689,2.056,0.155,0.004,6.284,0.04,0.361,0.0,0.027,8.891,2.732
Uruguay,URY,2000,3266212.0,42357504785.0,5.277,1.616,0.125,0.004,4.891,0.062,0.32,0.0,0.021,7.908,2.421
Uruguay,URY,2001,3274257.0,40598224745.0,5.041,1.539,0.124,0.004,4.518,0.059,0.461,0.0,0.02,7.38,2.254
Uruguay,URY,2002,3278868.0,37250866884.0,4.569,1.394,0.123,0.004,4.074,0.04,0.451,0.0,0.017,6.403,1.953
Uruguay,URY,2003,3281188.0,37483201754.0,4.537,1.383,0.121,0.004,3.953,0.11,0.47,0.0,0.016,6.091,1.856
Uruguay,URY,2004,3283157.0,39270203111.0,5.574,1.698,0.142,0.004,5.1,0.194,0.276,0.0,0.019,7.409,2.257
Uruguay,URY,2005,3285776.0,41988118660.0,5.737,1.746,0.137,0.004,5.276,0.183,0.274,0.0,0.019,7.544,2.296
Uruguay,URY,2006,3289508.0,43608062782.0,6.611,2.01,0.152,0.007,6.115,0.212,0.276,0.0,0.022,8.504,2.585
Uruguay,URY,2007,3295155.0,46197426762.0,5.96,1.809,0.129,0.011,5.481,0.194,0.273,0.0,0.019,8.942,2.714
Uruguay,URY,2008,3302184.0,49265998696.0,8.218,2.489,0.167,0.007,7.768,0.172,0.27,0.0,0.026,11.684,3.538
Uruguay,URY,2009,3310093.0,50291695148.0,7.99,2.414,0.159,0.007,7.401,0.121,0.461,0.0,0.025,10.433,3.152
Uruguay,URY,2010,3318581.0,54642867455.0,6.322,1.905,0.116,0.007,5.804,0.15,0.36,0.0,0.019,10.167,3.064
Uruguay,URY,2011,3326829.0,57427770581.0,7.686,2.31,0.134,0.007,7.115,0.147,0.417,0.0,0.022,12.247,3.681
Uruguay,URY,2012,3335406.0,59459565927.0,8.605,2.58,0.145,0.007,8.138,0.106,0.353,0.0,0.025,12.954,3.884
Uruguay,URY,2013,3345335.0,62217298965.0,7.491,2.239,0.12,0.007,7.049,0.099,0.335,0.0,0.021,11.601,3.468
Uruguay,URY,2014,3356343.0,64232518554.0,6.684,1.991,0.104,0.0,6.262,0.092,0.33,0.0,0.019,10.365,3.088
Uruguay,URY,2015,3368022.0,64470831197.0,6.738,2.001,0.105,0.0,6.284,0.095,0.359,0.0,0.019,9.763,2.899
Uruguay,URY,2016,3379279.0,65560386931.0,6.52,1.93,0.099,0.0,6.119,0.106,0.295,0.0,0.018,8.86,2.622
Uruguay,URY,2017,3388444.0,66627711123.0,6.151,1.815,0.092,0.0,5.705,0.121,0.325,0.0,0.017,9.145,2.699
Uruguay,URY,2018,3394538.0,66946183643.0,6.57,1.936,0.098,0.0,6.134,0.114,0.323,0.0,0.018,9.725,2.865
Uruguay,URY,2019,3397206.0,67180494669.0,6.408,1.886,0.095,0.0,5.95,0.165,0.293,0.0,0.017,9.535,2.807
Uruguay,URY,2020,3398966.0,63072414563.0,6.477,1.906,0.103,0.0,6.024,0.125,0.328,0.0,0.018,9.375,2.758
Uruguay,URY,2021,3396693.0,65848852721.0,7.829,2.305,0.119,0.0,7.332,0.139,0.358,0.0,0.021,10.548,3.105
Uruguay,URY,2022,3390913.0,69066228178.0,7.501,2.212,0.109,0.007,6.987,0.148,0.358,0.0,0.02,10.686,3.151
Uruguay,URY,2023,3388083.0,,7.627,2.251,,0.008,7.096,0.164,0.358,0.0,0.02,10.782,3.182
Uruguay,URY,2024,3386583.0,,7.973,2.354,,0.008,7.379,0.228,0.358,0.0,0.021,,
Uzbekistan,UZB,1990,20464963.0,139398700000.0,103.123,5.039,0.74,7.023,29.161,62.939,2.585,1.416,0.454,,
Uzbekistan,UZB,1991,20962908.0,136577628581.0,102.324,4.881,0.749,6.258,28.771,63.422,2.557,1.317,0.441,,
Uzbekistan,UZB,1992,21485095.0,119510821474.0,110.991,5.166,0.929,9.692,21.955,76.848,2.496,,0.493,,
Uzbekistan,UZB,1993,21987960.0,114918068077.0,115.619,5.258,1.006,7.387,24.311,81.55,2.372,,0.508,,
Uzbekistan,UZB,1994,22463295.0,107242116434.0,109.787,4.887,1.024,7.478,20.247,78.153,2.103,1.805,0.478,,
Uzbekistan,UZB,1995,22917588.0,104615642206.0,104.804,4.573,1.002,4.21,18.624,78.285,1.546,2.139,0.446,,
Uzbekistan,UZB,1996,23351981.0,104748209480.0,108.189,4.633,1.033,4.723,18.137,81.257,1.434,2.638,0.446,,
Uzbekistan,UZB,1997,23758961.0,108486849294.0,109.029,4.589,1.005,3.884,18.738,82.506,1.503,2.398,0.447,,
Uzbekistan,UZB,1998,24134930.0,111389403957.0,120.976,5.012,1.086,4.056,18.493,94.358,1.593,2.476,0.498,,
Uzbekistan,UZB,1999,24476013.0,114383428782.0,123.588,5.049,1.08,4.027,19.28,96.935,1.499,1.847,0.498,,
Uzbekistan,UZB,2000,24787052.0,116875841754.0,123.478,4.982,1.056,4.917,19.232,95.364,1.483,2.483,0.484,,
Uzbekistan,UZB,2001,25090289.0,119890046302.0,126.223,5.031,1.053,5.049,19.016,96.84,1.683,3.635,0.491,,
Uzbekistan,UZB,2002,25399987.0,122757832356.0,132.577,5.22,1.08,5.042,18.727,102.056,1.694,5.057,0.505,,
Uzbekistan,UZB,2003,25711261.0,125924032405.0,130.296,5.068,1.035,3.877,19.969,100.298,1.794,4.358,0.471,,
Uzbekistan,UZB,2004,26029350.0,133132057133.0,129.099,4.96,0.97,4.584,18.609,99.793,2.134,3.979,0.451,,
Uzbekistan,UZB,2005,26356977.0,140239285325.0,121.602,4.614,0.867,4.426,14.429,95.455,2.268,5.024,0.411,,
Uzbekistan,UZB,2006,26699046.0,148405074458.0,124.899,4.678,0.842,4.752,14.483,97.928,2.35,5.385,0.408,,
Uzbekistan,UZB,2007,27076013.0,159993748436.0,123.823,4.573,0.774,5.034,13.784,98.528,2.556,3.92,0.393,,
Uzbekistan,UZB,2008,27494780.0,171692630381.0,128.387,4.669,0.748,4.924,13.08,102.57,2.829,4.983,0.401,,
Uzbekistan,UZB,2009,27939333.0,182715813772.0,109.23,3.91,0.598,5.305,11.648,86.13,2.907,3.24,0.347,,
Uzbekistan,UZB,2010,28385509.0,195160171269.0,107.668,3.793,0.552,5.151,10.885,85.196,2.926,3.509,0.323,,
Uzbekistan,UZB,2011,28823194.0,208063390835.0,116.755,4.051,0.561,5.415,9.94,95.132,2.794,3.473,0.339,,
Uzbekistan,UZB,2012,29261908.0,222840047403.0,118.86,4.062,0.533,5.471,8.915,98.246,2.793,3.436,0.34,,
Uzbekistan,UZB,2013,29724065.0,239100684823.0,112.395,3.781,0.47,8.017,10.281,88.317,2.971,2.809,0.319,,
Uzbekistan,UZB,2014,30222994.0,255536474727.0,107.496,3.557,0.421,7.434,10.091,84.419,3.106,2.446,0.303,,
Uzbekistan,UZB,2015,30749349.0,273983640646.0,103.374,3.362,0.377,5.995,10.234,81.948,3.101,2.095,0.292,,
Uzbekistan,UZB,2016,31284565.0,290236358613.0,109.837,3.511,0.378,7.097,10.721,86.994,3.167,1.858,0.31,,
Uzbekistan,UZB,2017,31819172.0,302992216928.0,108.883,3.422,0.359,6.694,11.116,85.863,3.613,1.596,0.303,,
Uzbekistan,UZB,2018,32373489.0,320808179800.0,102.33,3.161,0.319,9.666,11.688,75.676,3.815,1.486,0.279,,
Uzbekistan,UZB,2019,32964700.0,339998944961.0,107.947,3.275,0.317,8.292,11.322,83.151,4.011,1.172,0.291,,
Uzbekistan,UZB,2020,33586373.0,346785285756.0,108.139,3.22,0.312,11.52,12.491,79.244,3.848,1.036,0.308,,
Uzbekistan,UZB,2021,34243696.0,372457828275.0,123.162,3.597,0.331,10.241,11.128,96.429,4.483,0.881,0.334,,
Uzbekistan,UZB,2022,34938953.0,393572464308.0,119.105,3.409,0.303,11.901,11.509,91.468,3.405,0.823,0.317,,
Uzbekistan,UZB,2023,35652311.0,,122.872,3.446,,18.111,11.608,89.005,3.405,0.743,0.323,,
Uzbekistan,UZB,2024,36361859.0,,139.234,3.829,,19.765,11.684,103.551,3.405,0.83,0.361,,
Vanuatu,VUT,1990,148073.0,,0.066,0.445,,,0.066,,0.0,,0.0,,
Vanuatu,VUT,1991,151807.0,,0.066,0.434,,,0.066,,0.0,,0.0,,
Vanuatu,VUT,1992,155619.0,,0.062,0.4,,,0.062,,0.0,,0.0,,
Vanuatu,VUT,1993,159475.0,,0.062,0.391,,,0.062,,0.0,,0.0,,
Vanuatu,VUT,1994,163328.0,,0.062,0.381,,,0.062,,0.0,0.0,0.0,,
Vanuatu,VUT,1995,167155.0,,0.066,0.395,,,0.066,,0.0,0.0,0.0,,
Vanuatu,VUT,1996,170926.0,,0.073,0.429,,,0.073,,0.0,0.0,0.0,,
Vanuatu,VUT,1997,174638.0,,0.077,0.441,,,0.077,,0.0,0.0,0.0,,
Vanuatu,VUT,1998,178322.0,,0.077,0.431,,,0.077,,0.0,0.0,0.0,,
Vanuatu,VUT,1999,182056.0,,0.081,0.443,,,0.081,,0.0,0.0,0.0,,
Vanuatu,VUT,2000,186290.0,,0.084,0.452,,,0.084,,0.0,0.0,0.0,,
Vanuatu,VUT,2001,191047.0,,0.081,0.422,,,0.081,,0.0,0.0,0.0,,
Vanuatu,VUT,2002,195871.0,,0.077,0.393,,,0.077,,0.0,0.0,0.0,,
Vanuatu,VUT,2003,200760.0,,0.077,0.383,,,0.077,,0.0,0.0,0.0,,
Vanuatu,VUT,2004,205720.0,,0.073,0.356,,,0.073,,0.0,0.0,0.0,,
Vanuatu,VUT,2005,210772.0,,0.073,0.348,,,0.073,,0.0,0.0,0.0,,
Vanuatu,VUT,2006,215939.0,,0.073,0.339,,,0.073,,0.0,0.0,0.0,,
Vanuatu,VUT,2007,221291.0,,0.077,0.348,,,0.077,,0.0,0.0,0.0,,
Vanuatu,VUT,2008,226908.0,,0.088,0.388,,,0.088,,0.0,0.0,0.0,,
Vanuatu,VUT,2009,232740.0,,0.121,0.52,,,0.121,,0.0,0.0,0.0,,
Vanuatu,VUT,2010,238256.0,,0.125,0.523,,,0.125,,0.0,0.0,0.0,,
Vanuatu,VUT,2011,243483.0,,0.132,0.542,,,0.132,,0.0,0.0,0.0,,
Vanuatu,VUT,2012,248894.0,,0.117,0.471,,,0.117,,0.0,0.0,0.0,,
Vanuatu,VUT,2013,254495.0,,0.11,0.432,,,0.11,,0.0,0.0,0.0,,
Vanuatu,VUT,2014,260247.0,,0.158,0.605,,,0.158,,0.0,0.0,0.0,,
Vanuatu,VUT,2015,266115.0,,0.132,0.496,,,0.132,,0.0,0.0,0.0,,
Vanuatu,VUT,2016,272097.0,,0.15,0.552,,,0.15,,0.0,0.0,0.0,,
Vanuatu,VUT,2017,278518.0,,0.139,0.5,,,0.139,,0.0,0.0,0.0,,
Vanuatu,VUT,2018,285273.0,,0.176,0.617,,,0.176,,0.0,0.0,0.0,,
Vanuatu,VUT,2019,291995.0,,0.165,0.565,,,0.165,,0.0,0.0,0.0,,
Vanuatu,VUT,2020,298867.0,,0.205,0.687,,,0.205,,0.0,0.0,0.001,,
Vanuatu,VUT,2021,305882.0,,0.216,0.707,,,0.216,,0.0,0.0,0.001,,
Vanuatu,VUT,2022,313061.0,,0.189,0.605,,,0.189,,0.0,0.0,0.001,,
Vanuatu,VUT,2023,320422.0,,0.188,0.588,,,0.188,,0.0,0.0,0.0,,
Vanuatu,VUT,2024,327786.0,,0.197,0.601,,,0.197,,0.0,0.0,0.001,,
Vatican,VAT,1990,736.0,,,,,,,,,,,,
Vatican,VAT,1991,737.0,,,,,,,,,,,,
Vatican,VAT,1992,736.0,,,,,,,,,,,,
Vatican,VAT,1993,729.0,,,,,,,,,,,,
Vatican,VAT,1994,720.0,,,,,,,,,,,,
Vatican,VAT,1995,714.0,,,,,,,,,,,,
Vatican,VAT,1996,709.0,,,,,,,,,,,,
Vatican,VAT,1997,706.0,,,,,,,,,,,,
Vatican,VAT,1998,707.0,,,,,,,,,,,,
Vatican,VAT,1999,706.0,,,,,,,,,,,,
Vatican,VAT,2000,701.0,,,,,,,,,,,,
Vatican,VAT,2001,691.0,,,,,,,,,,,,
Vatican,VAT,2002,684.0,,,,,,,,,,,,
Vatican,VAT,2003,674.0,,,,,,,,,,,,
Vatican,VAT,2004,667.0,,,,,,,,,,,,
Vatican,VAT,2005,667.0,,,,,,,,,,,,
Vatican,VAT,2006,664.0,,,,,,,,,,,,
Vatican,VAT,2007,657.0,,,,,,,,,,,,
Vatican,VAT,2008,648.0,,,,,,,,,,,,
Vatican,VAT,2009,637.0,,,,,,,,,,,,
Vatican,VAT,2010,629.0,,,,,,,,,,,,
Vatican,VAT,2011,624.0,,,,,,,,,,,,
Vatican,VAT,2012,612.0,,,,,,,,,,,,
Vatican,VAT,2013,598.0,,,,,,,,,,,,
Vatican,VAT,2014,587.0,,,,,,,,,,,,
Vatican,VAT,2015,579.0,,,,,,,,,,,,
Vatican,VAT,2016,571.0,,,,,,,,,,,,
Vatican,VAT,2017,563.0,,,,,,,,,,,,
Vatican,VAT,2018,552.0,,,,,,,,,,,,
Vatican,VAT,2019,543.0,,,,,,,,,,,,
Vatican,VAT,2020,536.0,,,,,,,,,,,,
Vatican,VAT,2021,527.0,,,,,,,,,,,,
Vatican,VAT,2022,513.0,,,,,,,,,,,,
Vatican,VAT,2023,501.0,,,,,,,,,,,,
Vatican,VAT,2024,507.0,,,,,,,,,,,,
Venezuela,VEN,1990,19827005.0,256078525417.0,120.864,6.096,0.472,1.216,67.293,42.345,2.465,7.544,0.532,86.197,4.347
Venezuela,VEN,1991,20304898.0,282132286314.0,114.221,5.625,0.405,1.14,59.481,43.078,2.978,7.544,0.492,89.672,4.416
Venezuela,VEN,1992,20780946.0,301055402293.0,104.739,5.04,0.348,1.231,72.822,19.339,3.085,8.262,0.465,86.819,4.178
Venezuela,VEN,1993,21254525.0,303263920492.0,123.052,5.789,0.406,1.004,68.226,39.836,3.195,10.791,0.541,100.496,4.728
Venezuela,VEN,1994,21725186.0,297728620446.0,119.06,5.48,0.4,0.762,62.638,50.041,3.224,2.395,0.518,92.923,4.277
Venezuela,VEN,1995,22193822.0,310657285215.0,124.83,5.625,0.402,0.018,59.961,57.166,3.56,4.125,0.531,101.011,4.551
Venezuela,VEN,1996,22662117.0,311633007305.0,118.347,5.222,0.38,0.059,46.683,64.12,3.495,3.991,0.488,87.507,3.861
Venezuela,VEN,1997,23131691.0,332907949755.0,129.755,5.609,0.39,0.125,55.5,65.668,3.755,4.707,0.532,104.081,4.499
Venezuela,VEN,1998,23601341.0,335631906948.0,134.993,5.72,0.402,3.518,67.595,54.668,3.769,5.443,0.556,116.44,4.934
Venezuela,VEN,1999,24066595.0,316971287567.0,143.126,5.947,0.452,0.132,85.982,47.93,3.893,5.189,0.576,89.872,3.734
Venezuela,VEN,2000,24526707.0,330236189305.0,142.902,5.826,0.433,0.48,82.572,50.006,3.926,5.918,0.56,73.148,2.982
Venezuela,VEN,2001,24979934.0,343312598582.0,130.618,5.229,0.38,0.176,74.812,46.712,3.947,4.971,0.508,83.03,3.324
Venezuela,VEN,2002,25435674.0,314003719638.0,164.233,6.457,0.523,0.066,101.493,55.711,3.156,3.807,0.625,81.578,3.207
Venezuela,VEN,2003,25892710.0,291333920302.0,154.364,5.962,0.53,0.158,95.187,51.824,3.45,3.746,0.558,107.921,4.168
Venezuela,VEN,2004,26340843.0,346317458927.0,142.842,5.423,0.412,0.0,85.349,51.102,2.226,4.165,0.499,97.835,3.714
Venezuela,VEN,2005,26785797.0,383570387195.0,148.408,5.541,0.387,0.139,97.272,44.323,2.565,4.108,0.501,98.269,3.669
Venezuela,VEN,2006,27224691.0,423878563812.0,155.841,5.724,0.368,0.649,100.646,45.73,4.893,3.923,0.509,112.57,4.135
Venezuela,VEN,2007,27649369.0,462276737389.0,154.167,5.576,0.333,0.403,99.28,46.734,3.525,4.225,0.489,119.188,4.311
Venezuela,VEN,2008,28053694.0,488287068325.0,155.758,5.552,0.319,0.513,101.592,45.027,3.506,5.12,0.486,120.11,4.281
Venezuela,VEN,2009,28438296.0,474358611901.0,152.176,5.351,0.321,0.861,98.875,43.727,3.467,5.245,0.483,134.311,4.723
Venezuela,VEN,2010,28813101.0,477591738082.0,189.582,6.58,0.397,0.755,132.738,47.684,3.076,5.328,0.569,145.993,5.067
Venezuela,VEN,2011,29185220.0,502688619769.0,168.713,5.781,0.336,0.777,106.388,47.877,3.344,10.327,0.489,125.601,4.304
Venezuela,VEN,2012,29553829.0,530969916373.0,175.845,5.95,0.331,0.799,106.56,49.742,3.419,15.325,0.503,137.928,4.667
Venezuela,VEN,2013,29912195.0,538100828642.0,198.452,6.634,0.369,0.795,128.255,48.511,3.49,17.401,0.563,139.108,4.651
Venezuela,VEN,2014,30254080.0,517147151484.0,175.992,5.817,0.34,0.747,106.716,46.647,3.161,18.72,0.496,167.941,5.551
Venezuela,VEN,2015,30573968.0,484975458402.0,166.328,5.44,0.343,0.7,98.382,46.434,3.269,17.544,0.47,121.912,3.987
Venezuela,VEN,2016,30765719.0,402335647692.0,152.733,4.964,0.38,0.583,83.664,48.757,2.305,17.425,0.432,105.012,3.413
Venezuela,VEN,2017,30565331.0,339285602968.0,139.093,4.551,0.41,0.491,75.467,47.826,2.154,13.155,0.387,93.363,3.055
Venezuela,VEN,2018,29807591.0,272599019803.0,111.24,3.732,0.408,0.392,52.749,41.705,0.8,15.594,0.303,17.243,0.578
Venezuela,VEN,2019,28938096.0,197170883456.0,105.43,3.643,0.535,0.286,52.135,34.475,0.597,17.938,0.284,42.991,1.486
Venezuela,VEN,2020,28444080.0,138029481377.0,80.901,2.844,0.586,0.198,38.285,25.714,0.557,16.147,0.23,71.92,2.528
Venezuela,VEN,2021,28237830.0,138656126606.0,94.902,3.361,0.684,0.202,40.37,37.941,0.995,15.395,0.257,80.707,2.858
Venezuela,VEN,2022,28213015.0,149682062815.0,108.424,3.843,0.724,0.217,51.739,39.241,1.035,16.19,0.289,89.694,3.179
Venezuela,VEN,2023,28300861.0,,119.588,4.226,,0.267,62.579,40.089,1.035,15.617,0.314,100.516,3.552
Venezuela,VEN,2024,28405544.0,,116.042,4.085,,0.292,56.232,42.855,1.035,15.628,0.301,,
Vietnam,VNM,1990,65504551.0,109939936906.0,21.299,0.325,0.194,11.058,9.116,0.007,1.117,0.0,0.094,23.278,0.355
Vietnam,VNM,1991,66891778.0,115933551072.0,21.376,0.32,0.184,11.998,8.04,0.004,1.334,0.0,0.092,23.166,0.346
Vietnam,VNM,1992,68260336.0,125543633553.0,21.466,0.314,0.171,10.981,8.717,0.0,1.769,0.0,0.095,23.157,0.339
Vietnam,VNM,1993,69586394.0,135210628764.0,22.853,0.328,0.169,8.896,12.11,0.0,1.847,0.0,0.1,25.162,0.362
Vietnam,VNM,1994,70854393.0,146640889667.0,27.362,0.386,0.187,10.911,13.201,0.0,2.056,1.193,0.119,29.441,0.416
Vietnam,VNM,1995,72049945.0,160152275679.0,30.088,0.418,0.188,12.551,13.185,0.425,2.536,1.392,0.128,32.442,0.45
Vietnam,VNM,1996,73156456.0,174450838100.0,35.482,0.485,0.203,14.748,15.982,0.627,2.85,1.275,0.146,38.067,0.52
Vietnam,VNM,1997,74226890.0,188059193812.0,45.502,0.613,0.242,21.528,18.398,1.14,3.451,0.985,0.187,45.09,0.607
Vietnam,VNM,1998,75299665.0,198278284704.0,47.866,0.636,0.241,21.682,19.044,1.898,4.168,1.075,0.197,47.398,0.629
Vietnam,VNM,1999,76287454.0,207067165620.0,48.548,0.636,0.234,20.031,20.236,2.158,4.464,1.658,0.195,44.797,0.587
Vietnam,VNM,2000,77154016.0,220383060780.0,53.935,0.699,0.245,20.716,23.193,3.063,5.628,1.335,0.211,37.108,0.481
Vietnam,VNM,2001,77969357.0,234846323475.0,60.983,0.782,0.26,24.953,25.562,2.565,6.574,1.33,0.237,42.417,0.544
Vietnam,VNM,2002,78772227.0,250683369279.0,69.531,0.883,0.277,27.491,28.638,4.1,8.274,1.028,0.265,48.182,0.612
Vietnam,VNM,2003,79563778.0,268202912195.0,77.261,0.971,0.288,31.976,29.499,5.207,9.366,1.214,0.279,58.643,0.737
Vietnam,VNM,2004,80338977.0,288148996981.0,88.939,1.107,0.309,34.792,33.891,8.76,10.301,1.196,0.311,66.919,0.833
Vietnam,VNM,2005,81088309.0,308988652738.0,95.842,1.182,0.31,39.458,33.855,9.394,11.983,1.152,0.324,71.383,0.88
Vietnam,VNM,2006,82167901.0,329425429734.0,99.656,1.213,0.303,42.744,32.415,11.212,12.258,1.027,0.326,74.336,0.905
Vietnam,VNM,2007,83633374.0,351786434406.0,101.433,1.213,0.288,36.464,37.358,12.48,14.063,1.068,0.322,78.831,0.943
Vietnam,VNM,2008,85175789.0,370681828207.0,114.3,1.342,0.308,43.641,40.42,13.901,15.363,0.976,0.357,90.062,1.057
Vietnam,VNM,2009,86460023.0,389670892896.0,124.493,1.44,0.319,45.489,43.341,15.374,19.239,1.051,0.395,99.474,1.151
Vietnam,VNM,2010,87455148.0,413666257649.0,139.564,1.596,0.337,47.463,49.303,18.049,23.77,0.979,0.419,108.173,1.237
Vietnam,VNM,2011,88468315.0,438354712953.0,152.564,1.725,0.348,59.551,47.178,16.279,28.223,1.333,0.442,113.921,1.288
Vietnam,VNM,2012,89510355.0,462486159336.0,144.288,1.612,0.312,52.315,44.21,17.957,28.118,1.688,0.413,107.079,1.196
Vietnam,VNM,2013,90573103.0,488172621311.0,151.459,1.672,0.31,56.561,43.909,18.719,30.316,1.953,0.429,122.102,1.348
Vietnam,VNM,2014,91679582.0,519523061605.0,180.048,1.964,0.347,78.149,47.698,19.599,32.694,1.907,0.508,140.682,1.535
Vietnam,VNM,2015,92823254.0,555822142751.0,213.391,2.299,0.384,97.898,58.913,20.463,34.298,1.818,0.603,165.073,1.778
Vietnam,VNM,2016,94000115.0,593006635951.0,221.027,2.351,0.373,106.905,55.367,20.368,36.822,1.566,0.624,173.401,1.845
Vietnam,VNM,2017,95176978.0,634161327073.0,227.694,2.392,0.359,108.302,57.048,17.876,42.735,1.733,0.633,172.008,1.807
Vietnam,VNM,2018,96237319.0,681501440291.0,255.468,2.655,0.375,122.273,63.63,18.555,49.637,1.373,0.695,188.947,1.963
Vietnam,VNM,2019,97173778.0,731653148132.0,339.312,3.492,0.464,191.609,70.807,18.906,56.538,1.453,0.915,244.863,2.52
Vietnam,VNM,2020,98079196.0,752629620043.0,362.599,3.697,0.482,215.96,68.385,16.931,60.066,1.257,1.031,259.893,2.65
Vietnam,VNM,2021,98935101.0,771912038182.0,314.197,3.176,0.407,172.613,64.083,14.436,62.071,0.995,0.852,222.321,2.247
Vietnam,VNM,2022,99680656.0,833803909046.0,322.653,3.237,0.387,177.248,72.805,15.51,55.979,1.11,0.86,227.897,2.286
Vietnam,VNM,2023,100352189.0,,347.399,3.462,,209.114,78.204,14.333,44.488,1.259,0.912,247.788,2.469
Vietnam,VNM,2024,100987685.0,,370.931,3.673,,229.186,83.997,12.132,44.488,1.129,0.961,,
Wallis and Futuna,WLF,1990,13503.0,,0.018,1.357,,,0.018,,,,0.0,,
Wallis and Futuna,WLF,1991,13654.0,,0.018,1.342,,,0.018,,,,0.0,,
Wallis and Futuna,WLF,1992,13799.0,,0.018,1.328,,,0.018,,,,0.0,,
Wallis and Futuna,WLF,1993,13949.0,,0.022,1.576,,,0.022,,,,0.0,,
Wallis and Futuna,WLF,1994,14084.0,,0.022,1.561,,,0.022,,,0.0,0.0,,
Wallis and Futuna,WLF,1995,14222.0,,0.022,1.546,,,0.022,,,0.0,0.0,,
Wallis and Futuna,WLF,1996,14340.0,,0.022,1.533,,,0.022,,,0.0,0.0,,
Wallis and Futuna,WLF,1997,14438.0,,0.022,1.523,,,0.022,,,0.0,0.0,,
Wallis and Futuna,WLF,1998,14553.0,,0.022,1.511,,,0.022,,,0.0,0.0,,
Wallis and Futuna,WLF,1999,14675.0,,0.022,1.498,,,0.022,,,0.0,0.0,,
Wallis and Futuna,WLF,2000,14804.0,,0.022,1.485,,,0.022,,,0.0,0.0,,
Wallis and Futuna,WLF,2001,14931.0,,0.026,1.718,,,0.026,,0.0,0.0,0.0,,
Wallis and Futuna,WLF,2002,15048.0,,0.026,1.704,,,0.026,,0.0,0.0,0.0,,
Wallis and Futuna,WLF,2003,15071.0,,0.026,1.702,,,0.026,,0.0,0.0,0.0,,
Wallis and Futuna,WLF,2004,14916.0,,0.026,1.719,,,0.026,,0.0,0.0,0.0,,
Wallis and Futuna,WLF,2005,14635.0,,0.026,1.753,,,0.026,,0.0,0.0,0.0,,
Wallis and Futuna,WLF,2006,14333.0,,0.026,1.789,,,0.026,,0.0,0.0,0.0,,
Wallis and Futuna,WLF,2007,14020.0,,0.026,1.829,,,0.026,,0.0,0.0,0.0,,
Wallis and Futuna,WLF,2008,13706.0,,0.026,1.871,,,0.026,,0.0,0.0,0.0,,
Wallis and Futuna,WLF,2009,13436.0,,0.026,1.909,,,0.026,,0.0,0.0,0.0,,
Wallis and Futuna,WLF,2010,13189.0,,0.026,1.945,,,0.026,,0.0,0.0,0.0,,
Wallis and Futuna,WLF,2011,12942.0,,0.026,1.982,,,0.026,,0.0,0.0,0.0,,
Wallis and Futuna,WLF,2012,12709.0,,0.026,2.018,,,0.026,,0.0,0.0,0.0,,
Wallis and Futuna,WLF,2013,12500.0,,0.026,2.052,,,0.026,,0.0,0.0,0.0,,
Wallis and Futuna,WLF,2014,12328.0,,0.026,2.08,,,0.026,,0.0,0.0,0.0,,
Wallis and Futuna,WLF,2015,12185.0,,0.026,2.105,,,0.026,,0.0,0.0,0.0,,
Wallis and Futuna,WLF,2016,12057.0,,0.026,2.127,,,0.026,,0.0,0.0,0.0,,
Wallis and Futuna,WLF,2017,11945.0,,0.026,2.147,,,0.026,,0.0,0.0,0.0,,
Wallis and Futuna,WLF,2018,11827.0,,0.026,2.169,,,0.026,,0.0,0.0,0.0,,
Wallis and Futuna,WLF,2019,11711.0,,0.026,2.19,,,0.026,,0.0,0.0,0.0,,
Wallis and Futuna,WLF,2020,11640.0,,0.029,2.518,,,0.029,,0.0,0.0,0.0,,
Wallis and Futuna,WLF,2021,11590.0,,0.029,2.529,,,0.029,,0.0,0.0,0.0,,
Wallis and Futuna,WLF,2022,11501.0,,0.029,2.549,,,0.029,,0.0,0.0,0.0,,
Wallis and Futuna,WLF,2023,11394.0,,0.029,2.56,,,0.029,,0.0,0.0,0.0,,
Wallis and Futuna,WLF,2024,11303.0,,0.031,2.699,,,0.031,,0.0,0.0,0.0,,
Yemen,YEM,1990,13887863.0,44971042042.0,9.572,0.689,0.213,,9.175,,0.397,,0.042,,
Yemen,YEM,1991,14430205.0,47174437330.0,9.182,0.636,0.195,,8.775,,0.406,,0.04,,
Yemen,YEM,1992,14989497.0,50259913722.0,9.926,0.662,0.197,,9.545,,0.381,,0.044,,
Yemen,YEM,1993,15563919.0,51548676189.0,8.679,0.558,0.168,,8.299,,0.38,,0.038,,
Yemen,YEM,1994,16149147.0,54341182837.0,9.964,0.617,0.183,,8.658,,0.378,0.928,0.043,,
Yemen,YEM,1995,16740057.0,56705822316.0,11.138,0.665,0.196,,9.915,,0.513,0.71,0.047,,
Yemen,YEM,1996,17313181.0,58927869978.0,11.375,0.657,0.193,,10.116,,0.483,0.776,0.047,,
Yemen,YEM,1997,17873943.0,61826323245.0,12.26,0.686,0.198,,10.827,,0.578,0.856,0.05,,
Yemen,YEM,1998,18446015.0,65613152856.0,12.931,0.701,0.197,,11.593,,0.56,0.778,0.053,,
Yemen,YEM,1999,19029421.0,68255122419.0,14.796,0.778,0.217,,13.157,,0.675,0.964,0.06,,
Yemen,YEM,2000,19624139.0,72599512561.0,15.832,0.807,0.218,,13.953,,0.648,1.232,0.062,,
Yemen,YEM,2001,20226146.0,75472904917.0,17.194,0.85,0.228,,15.451,,0.683,1.06,0.067,,
Yemen,YEM,2002,20835092.0,78586481705.0,16.707,0.802,0.213,,14.975,,0.705,1.027,0.064,,
Yemen,YEM,2003,21456379.0,81575438214.0,18.609,0.867,0.228,,16.521,,0.688,1.4,0.067,,
Yemen,YEM,2004,22095161.0,84847429283.0,20.109,0.91,0.237,,18.096,,0.682,1.33,0.07,,
Yemen,YEM,2005,22790082.0,89711703960.0,21.797,0.956,0.243,,19.254,,0.675,1.867,0.074,,
Yemen,YEM,2006,23543090.0,92691658274.0,23.906,1.015,0.258,,20.566,,0.634,2.706,0.078,,
Yemen,YEM,2007,24318090.0,95906720954.0,23.676,0.974,0.247,,20.093,,0.731,2.852,0.075,,
Yemen,YEM,2008,25111941.0,99520984206.0,24.537,0.977,0.247,0.128,21.141,,0.886,2.382,0.077,,
Yemen,YEM,2009,25927723.0,103506292712.0,26.897,1.037,0.26,0.238,22.515,0.736,0.881,2.525,0.085,,
Yemen,YEM,2010,26754383.0,111622920604.0,25.818,0.965,0.231,0.451,20.086,1.946,0.772,2.563,0.077,,
Yemen,YEM,2011,27582902.0,97623324312.0,22.625,0.82,0.232,0.407,17.437,1.301,1.156,2.325,0.066,,
Yemen,YEM,2012,28433655.0,99959450246.0,20.467,0.72,0.205,0.414,15.318,1.517,1.13,2.087,0.059,,
Yemen,YEM,2013,29312955.0,104781489392.0,27.281,0.931,0.26,0.436,21.321,2.012,1.329,2.184,0.077,,
Yemen,YEM,2014,30226311.0,104583458743.0,26.592,0.88,0.254,0.436,20.753,1.854,1.288,2.261,0.075,,
Yemen,YEM,2015,31159378.0,75305316956.0,14.123,0.453,0.188,0.315,9.64,1.894,1.022,1.252,0.04,,
Yemen,YEM,2016,32109023.0,68245442015.0,10.044,0.313,0.147,0.286,7.573,0.986,0.565,0.633,0.028,,
Yemen,YEM,2017,33090923.0,64784033932.0,9.214,0.278,0.142,0.271,7.362,0.04,0.775,0.765,0.026,,
Yemen,YEM,2018,34085181.0,65271212493.0,11.504,0.338,0.176,0.271,9.504,0.04,0.759,0.929,0.031,,
Yemen,YEM,2019,35111416.0,66185009341.0,11.788,0.336,0.178,0.278,9.359,0.04,0.767,1.343,0.032,,
Yemen,YEM,2020,36134867.0,60559285911.0,10.757,0.298,0.178,0.253,8.138,0.04,0.687,1.64,0.031,,
Yemen,YEM,2021,37140234.0,59953691816.0,10.608,0.286,0.177,0.253,7.82,0.04,0.727,1.768,0.029,,
Yemen,YEM,2022,38222878.0,60852995288.0,10.404,0.272,0.171,0.256,7.952,0.04,0.788,1.368,0.028,,
Yemen,YEM,2023,39390800.0,,10.141,0.257,,0.431,8.042,0.04,0.788,0.841,0.027,,
Yemen,YEM,2024,40583173.0,,10.123,0.249,,0.509,8.084,0.039,0.788,0.704,0.026,,
Zambia,ZMB,1990,7786163.0,10251342241.0,2.407,0.309,0.235,0.832,1.396,,0.179,,0.011,1.579,0.203
Zambia,ZMB,1991,7981653.0,10509127569.0,2.382,0.298,0.227,0.839,1.392,,0.15,,0.01,1.851,0.232
Zambia,ZMB,1992,8176677.0,11062309627.0,2.425,0.297,0.219,0.872,1.411,,0.142,,0.011,2.005,0.245
Zambia,ZMB,1993,8373920.0,11412962029.0,2.466,0.294,0.216,0.883,1.44,,0.143,,0.011,2.087,0.249
Zambia,ZMB,1994,8576270.0,10221106422.0,2.393,0.279,0.234,0.839,1.44,,0.114,0.0,0.01,2.094,0.244
Zambia,ZMB,1995,8785768.0,10865557573.0,2.142,0.244,0.197,0.33,1.685,,0.127,0.0,0.009,1.969,0.224
Zambia,ZMB,1996,9004059.0,11923229356.0,1.838,0.204,0.154,0.421,1.275,,0.142,0.0,0.008,1.763,0.196
Zambia,ZMB,1997,9237064.0,12774990714.0,2.354,0.255,0.184,0.484,1.714,,0.156,0.0,0.01,2.282,0.247
Zambia,ZMB,1998,9482414.0,13130968549.0,2.278,0.24,0.174,0.462,1.674,,0.142,0.0,0.009,2.477,0.261
Zambia,ZMB,1999,9740013.0,14188405377.0,1.778,0.183,0.125,0.278,1.378,,0.121,0.0,0.007,1.995,0.205
Zambia,ZMB,2000,10017633.0,15211406947.0,1.784,0.178,0.117,0.289,1.341,,0.154,0.0,0.007,3.692,0.369
Zambia,ZMB,2001,10325186.0,16519069217.0,1.886,0.183,0.114,0.3,1.499,,0.087,0.0,0.007,3.977,0.385
Zambia,ZMB,2002,10647955.0,17827940431.0,1.961,0.184,0.11,0.304,1.565,,0.092,0.0,0.007,3.98,0.374
Zambia,ZMB,2003,10983604.0,19691239689.0,2.074,0.189,0.105,0.322,1.612,,0.14,0.0,0.008,3.886,0.354
Zambia,ZMB,2004,11338201.0,21770250951.0,2.104,0.186,0.097,0.239,1.71,,0.155,0.0,0.007,3.967,0.35
Zambia,ZMB,2005,11718819.0,24119806314.0,2.243,0.191,0.093,0.315,1.755,,0.172,0.0,0.008,4.169,0.356
Zambia,ZMB,2006,12129560.0,26908652008.0,2.231,0.184,0.083,0.132,1.883,,0.216,0.0,0.007,4.923,0.406
Zambia,ZMB,2007,12565093.0,30152606854.0,2.298,0.183,0.076,0.293,1.795,,0.209,0.0,0.007,5.705,0.454
Zambia,ZMB,2008,13021327.0,33594604263.0,2.553,0.196,0.076,0.315,2.023,,0.215,0.0,0.008,6.929,0.532
Zambia,ZMB,2009,13490395.0,37919541851.0,2.94,0.218,0.078,0.404,2.197,,0.339,0.0,0.009,5.872,0.435
Zambia,ZMB,2010,13965592.0,43221855090.0,3.121,0.223,0.072,0.384,2.302,,0.435,0.0,0.009,5.911,0.423
Zambia,ZMB,2011,14437796.0,47143916201.0,3.379,0.234,0.072,0.271,2.649,,0.459,0.0,0.01,7.692,0.533
Zambia,ZMB,2012,14913631.0,50725916750.0,4.177,0.28,0.082,0.359,3.206,,0.612,0.0,0.012,8.13,0.545
Zambia,ZMB,2013,15399000.0,53291123090.0,4.427,0.287,0.083,0.466,3.256,,0.705,0.0,0.013,8.712,0.566
Zambia,ZMB,2014,15895320.0,55794746119.0,5.283,0.332,0.095,0.89,3.657,,0.736,0.0,0.015,9.913,0.624
Zambia,ZMB,2015,16399092.0,57423952993.0,5.522,0.337,0.096,0.95,3.875,,0.697,0.0,0.016,9.574,0.584
Zambia,ZMB,2016,16914428.0,59592851316.0,5.978,0.353,0.1,0.967,4.236,,0.775,0.0,0.017,9.262,0.548
Zambia,ZMB,2017,17441328.0,61680980857.0,7.459,0.428,0.121,2.514,4.089,,0.856,0.0,0.021,10.111,0.58
Zambia,ZMB,2018,17973574.0,64169815579.0,8.658,0.482,0.135,3.983,3.609,,1.066,0.0,0.024,10.633,0.592
Zambia,ZMB,2019,18513839.0,65094496543.0,8.846,0.478,0.136,3.443,4.443,,0.961,0.0,0.024,11.142,0.602
Zambia,ZMB,2020,19059394.0,63281615083.0,9.991,0.524,0.158,4.424,4.483,,1.084,0.0,0.028,9.876,0.518
Zambia,ZMB,2021,19603610.0,66191936884.0,9.35,0.477,0.141,3.511,4.78,,1.059,0.0,0.025,9.896,0.505
Zambia,ZMB,2022,20152935.0,68469600029.0,10.939,0.543,0.16,5.082,4.977,,0.88,0.0,0.029,11.728,0.582
Zambia,ZMB,2023,20723967.0,,11.831,0.571,,5.876,5.074,,0.88,0.0,0.031,12.705,0.613
Zambia,ZMB,2024,21314962.0,,12.043,0.565,,5.999,5.164,,0.88,0.0,0.031,,
Zimbabwe,ZWE,1990,10137287.0,21937054921.0,15.537,1.533,0.708,13.414,1.835,,0.287,,0.068,12.874,1.27
Zimbabwe,ZWE,1991,10404820.0,23189857636.0,15.491,1.489,0.668,12.773,2.363,,0.355,,0.067,12.717,1.222
Zimbabwe,ZWE,1992,10702697.0,21133778927.0,16.702,1.561,0.79,13.516,2.818,,0.368,,0.074,13.416,1.253
Zimbabwe,ZWE,1993,10860285.0,21406462048.0,16.032,1.476,0.749,12.557,3.067,,0.409,,0.07,12.152,1.119
Zimbabwe,ZWE,1994,10873146.0,23447496711.0,17.383,1.599,0.741,13.553,3.393,,0.437,0.0,0.076,12.658,1.164
Zimbabwe,ZWE,1995,10974607.0,23569800045.0,15.017,1.368,0.637,10.611,4.012,,0.394,0.0,0.064,10.75,0.98
Zimbabwe,ZWE,1996,11158364.0,26145775719.0,14.894,1.335,0.57,10.497,3.99,,0.407,0.0,0.061,10.704,0.959
Zimbabwe,ZWE,1997,11369833.0,27012558407.0,13.901,1.223,0.515,9.493,3.961,,0.447,0.0,0.057,10.307,0.907
Zimbabwe,ZWE,1998,11594299.0,27984298870.0,14.127,1.218,0.505,9.732,3.95,,0.446,0.0,0.058,9.796,0.845
Zimbabwe,ZWE,1999,11783454.0,27841288874.0,15.724,1.334,0.565,10.6,4.719,,0.405,0.0,0.063,9.948,0.844
Zimbabwe,ZWE,2000,11892055.0,26765004403.0,13.815,1.162,0.516,10.124,3.287,,0.404,0.0,0.054,11.978,1.007
Zimbabwe,ZWE,2001,11971904.0,26781181341.0,12.509,1.045,0.467,9.538,2.648,,0.322,0.0,0.049,11.502,0.961
Zimbabwe,ZWE,2002,12087661.0,24872482259.0,11.896,0.984,0.478,9.123,2.532,,0.241,0.0,0.045,12.079,0.999
Zimbabwe,ZWE,2003,12232324.0,20952016540.0,10.61,0.867,0.506,8.183,2.267,,0.16,0.0,0.038,12.495,1.021
Zimbabwe,ZWE,2004,12365901.0,19792844101.0,9.429,0.762,0.476,7.417,1.813,,0.199,0.0,0.033,10.411,0.842
Zimbabwe,ZWE,2005,12483433.0,18444472497.0,10.698,0.857,0.58,8.475,1.986,,0.238,0.0,0.036,11.518,0.923
Zimbabwe,ZWE,2006,12636442.0,18043000167.0,10.365,0.82,0.574,8.185,1.905,,0.275,0.0,0.034,11.124,0.88
Zimbabwe,ZWE,2007,12804062.0,17769105175.0,9.835,0.768,0.553,7.808,1.872,,0.155,0.0,0.031,10.874,0.849
Zimbabwe,ZWE,2008,12959154.0,15050245186.0,7.72,0.596,0.513,5.955,1.611,,0.154,0.0,0.024,10.024,0.774
Zimbabwe,ZWE,2009,13142791.0,16275797005.0,8.25,0.628,0.507,6.339,1.641,,0.27,0.0,0.026,9.352,0.712
Zimbabwe,ZWE,2010,13356551.0,17918418386.0,8.754,0.655,0.489,6.507,1.938,,0.308,0.0,0.026,8.92,0.668
Zimbabwe,ZWE,2011,13595421.0,19554105000.0,10.363,0.762,0.53,6.72,3.261,,0.382,0.0,0.03,9.997,0.735
Zimbabwe,ZWE,2012,13817887.0,22811427551.0,11.257,0.815,0.493,6.998,3.693,,0.566,0.0,0.032,11.695,0.846
Zimbabwe,ZWE,2013,14013811.0,23261956135.0,11.671,0.833,0.502,7.104,4.104,,0.463,0.0,0.033,12.074,0.862
Zimbabwe,ZWE,2014,14207367.0,23818844326.0,11.946,0.841,0.502,7.732,3.718,,0.496,0.0,0.034,12.812,0.902
Zimbabwe,ZWE,2015,14399008.0,24246158745.0,12.017,0.835,0.496,7.676,3.756,,0.585,0.0,0.034,13.312,0.925
Zimbabwe,ZWE,2016,14600297.0,24362052665.0,10.588,0.725,0.435,6.722,3.405,,0.461,0.0,0.03,13.239,0.907
Zimbabwe,ZWE,2017,14812484.0,25576014023.0,9.831,0.664,0.384,6.003,3.359,,0.469,0.0,0.027,11.052,0.746
Zimbabwe,ZWE,2018,15034457.0,26786271482.0,11.209,0.746,0.418,6.489,4.162,,0.558,0.0,0.031,12.351,0.822
Zimbabwe,ZWE,2019,15271377.0,25146416205.0,10.267,0.672,0.408,6.01,3.784,,0.473,0.0,0.028,11.627,0.761
Zimbabwe,ZWE,2020,15526887.0,23178707175.0,8.491,0.547,0.366,4.932,3.063,,0.496,0.0,0.024,10.482,0.675
Zimbabwe,ZWE,2021,15797220.0,25140088767.0,10.223,0.647,0.407,5.936,3.745,,0.542,0.0,0.028,12.359,0.782
Zimbabwe,ZWE,2022,16069061.0,25901585881.0,12.232,0.761,0.472,7.165,4.679,,0.387,0.0,0.033,13.612,0.847
Zimbabwe,ZWE,2023,16340829.0,,13.443,0.823,,8.285,4.771,,0.387,0.0,0.035,15.32,0.938
Zimbabwe,ZWE,2024,16634366.0,,13.701,0.824,,8.459,4.855,,0.387,0.0,0.035,,
